# This file uses centimeters as units for non-parametric coordinates.

mtllib Pillows.mtl
g default
v 4.060565 4.285439 -7.721260
v 4.134723 4.288126 -7.733487
v 4.201575 4.290688 -7.763513
v 4.265078 4.292990 -7.797503
v 4.328322 4.295323 -7.830585
v 4.392154 4.297750 -7.861488
v 4.457751 4.300061 -7.887487
v 4.522531 4.302749 -7.914835
v 4.589451 4.305356 -7.936463
v 4.658247 4.307506 -7.950656
v 4.717433 4.311005 -7.988872
v 4.788214 4.313106 -7.982783
v 4.856866 4.316159 -7.996485
v 4.919164 4.319818 -8.029181
v 4.988755 4.322023 -8.015627
v 5.056313 4.325986 -8.033563
v 5.126399 4.328529 -8.028108
v 5.190575 4.332710 -8.056517
v 5.257908 4.334980 -8.034448
v 5.327244 4.339188 -8.040260
v 5.397111 4.342984 -8.039926
v 5.467096 4.346886 -8.039697
v 5.535049 4.349726 -8.022151
v 5.604867 4.354597 -8.028488
v 5.672522 4.357987 -8.007829
v 5.741893 4.362175 -7.995348
v 5.810657 4.366201 -7.978076
v 5.879225 4.370261 -7.958037
v 5.948133 4.374386 -7.937162
v 6.019433 4.379302 -7.921344
v 6.094036 4.382215 -7.923255
v 4.060126 4.295371 -7.721695
v 4.133801 4.299729 -7.733798
v 4.200930 4.304124 -7.763078
v 4.264386 4.307224 -7.797259
v 4.327559 4.310217 -7.830505
v 4.391397 4.313181 -7.861478
v 4.456909 4.316523 -7.887654
v 4.521751 4.319279 -7.915133
v 4.588669 4.322649 -7.936493
v 4.656981 4.326740 -7.951207
v 4.717072 4.327843 -7.989151
v 4.787086 4.332867 -7.982813
v 4.855443 4.336035 -7.997318
v 4.918756 4.337284 -8.029384
v 4.987528 4.342480 -8.016029
v 5.055473 4.344670 -8.033840
v 5.125052 4.349209 -8.028775
v 5.190112 4.350356 -8.056751
v 5.256686 4.355432 -8.034765
v 5.326298 4.357844 -8.040866
v 5.396249 4.360906 -8.040475
v 5.466268 4.364093 -8.039805
v 5.533991 4.368730 -8.022775
v 5.604339 4.370444 -8.028917
v 5.671721 4.374664 -8.008130
v 5.741354 4.377705 -7.995945
v 5.810277 4.381073 -7.978643
v 5.878922 4.384467 -7.958687
v 5.947813 4.387653 -7.937761
v 6.019136 4.390860 -7.921078
v 6.094087 4.392146 -7.923958
v 4.051524 4.293144 -7.833869
v 4.104455 4.343729 -7.830179
v 4.171830 4.370720 -7.833982
v 4.241776 4.383208 -7.851668
v 4.309988 4.390081 -7.876013
v 4.376987 4.394880 -7.902056
v 4.443683 4.399063 -7.927040
v 4.510249 4.402351 -7.951574
v 4.577647 4.406125 -7.972107
v 4.645051 4.410419 -7.990032
v 4.708923 4.411411 -8.018388
v 4.778172 4.417304 -8.019955
v 4.845520 4.420057 -8.035726
v 4.911166 4.421022 -8.058975
v 4.979979 4.427113 -8.053748
v 5.047888 4.428782 -8.067148
v 5.116975 4.433736 -8.067299
v 5.183581 4.434000 -8.086770
v 5.251362 4.440112 -8.072859
v 5.320605 4.441937 -8.077467
v 5.390558 4.444890 -8.077074
v 5.460394 4.448076 -8.073438
v 5.529684 4.452485 -8.064211
v 5.599894 4.453937 -8.062273
v 5.669403 4.457786 -8.049188
v 5.739896 4.459785 -8.038847
v 5.810797 4.461689 -8.026287
v 5.882744 4.461856 -8.015334
v 5.956022 4.456901 -8.011315
v 6.026479 4.437797 -8.020792
v 6.080386 4.390843 -8.035548
v 4.065100 4.293157 -7.945433
v 4.092446 4.358533 -7.939934
v 4.145892 4.408038 -7.934626
v 4.212713 4.438682 -7.936915
v 4.283531 4.456582 -7.948223
v 4.354210 4.467420 -7.965438
v 4.423923 4.474808 -7.985321
v 4.492879 4.480304 -8.005873
v 4.561451 4.485484 -8.024727
v 4.629810 4.490479 -8.042157
v 4.697328 4.492909 -8.061872
v 4.766196 4.498735 -8.071284
v 4.833916 4.501520 -8.086064
v 4.901663 4.503214 -8.101646
v 4.970850 4.509039 -8.104486
v 5.039147 4.510830 -8.115108
v 5.108171 4.515598 -8.118436
v 5.176711 4.516275 -8.129314
v 5.245921 4.521934 -8.124493
v 5.315396 4.523162 -8.128521
v 5.385661 4.525731 -8.128268
v 5.456218 4.528739 -8.125244
v 5.527022 4.531816 -8.120578
v 5.598353 4.533146 -8.116439
v 5.670194 4.534575 -8.109915
v 5.742665 4.533638 -8.104535
v 5.816058 4.529848 -8.101385
v 5.889390 4.519141 -8.104205
v 5.958292 4.494833 -8.115461
v 6.013653 4.450134 -8.131479
v 6.043688 4.387213 -8.141844
v 4.085011 4.292804 -8.053165
v 4.098516 4.361647 -8.051003
v 4.135105 4.422836 -8.045114
v 4.190796 4.469838 -8.041523
v 4.257224 4.502307 -8.043140
v 4.328009 4.523721 -8.051075
v 4.399591 4.538044 -8.063673
v 4.470737 4.548320 -8.078684
v 4.541314 4.556461 -8.094219
v 4.611526 4.563158 -8.109634
v 4.681397 4.568195 -8.124696
v 4.751168 4.573678 -8.137103
v 4.820558 4.577440 -8.150015
v 4.889954 4.580554 -8.161652
v 4.959781 4.585177 -8.169204
v 5.029294 4.587970 -8.177717
v 5.099109 4.591807 -8.183215
v 5.169242 4.593814 -8.189306
v 5.239790 4.597520 -8.190868
v 5.310479 4.598666 -8.194313
v 5.381624 4.600396 -8.195217
v 5.453365 4.602067 -8.194467
v 5.525788 4.602786 -8.193146
v 5.598767 4.602049 -8.191609
v 5.672298 4.598864 -8.191080
v 5.746063 4.591448 -8.192998
v 5.818795 4.576819 -8.199373
v 5.887122 4.550506 -8.211232
v 5.944994 4.508451 -8.226102
v 5.984589 4.450670 -8.238997
v 6.003418 4.383739 -8.243929
v 4.102183 4.292133 -8.160710
v 4.109379 4.361980 -8.160659
v 4.135583 4.428185 -8.156624
v 4.179836 4.484632 -8.152264
v 4.238119 4.529301 -8.150087
v 4.304788 4.562225 -8.151803
v 4.375380 4.585795 -8.158016
v 4.447290 4.602857 -8.167543
v 4.519362 4.615590 -8.179060
v 4.591297 4.625444 -8.191463
v 4.662936 4.633378 -8.203810
v 4.734239 4.639861 -8.215782
v 4.805456 4.645128 -8.227136
v 4.876441 4.649608 -8.237327
v 4.947409 4.653798 -8.246111
v 5.018470 4.657272 -8.253898
v 5.089727 4.660443 -8.260369
v 5.161234 4.662872 -8.265742
v 5.233103 4.664854 -8.270033
v 5.305314 4.665659 -8.273767
v 5.377861 4.665912 -8.276355
v 5.450957 4.665061 -8.278308
v 5.524625 4.662405 -8.280375
v 5.598629 4.657049 -8.283238
v 5.672446 4.647118 -8.288196
v 5.744951 4.630442 -8.296228
v 5.813515 4.603784 -8.307994
v 5.873936 4.564335 -8.321961
v 5.921052 4.511704 -8.335236
v 5.951516 4.448549 -8.344155
v 5.965828 4.380187 -8.346520
v 4.111621 4.291048 -8.269255
v 4.119070 4.361728 -8.269497
v 4.140256 4.430055 -8.267014
v 4.176783 4.491421 -8.263935
v 4.227036 4.543861 -8.261003
v 4.287795 4.586079 -8.260260
v 4.355095 4.618546 -8.262527
v 4.425859 4.643010 -8.267993
v 4.498173 4.661461 -8.275888
v 4.570998 4.675645 -8.285328
v 4.643843 4.686801 -8.295443
v 4.716651 4.695536 -8.305823
v 4.789347 4.702622 -8.315873
v 4.861894 4.708429 -8.325276
v 4.934391 4.713068 -8.333982
v 5.006964 4.716804 -8.341731
v 5.079707 4.719671 -8.348637
v 5.152647 4.721655 -8.354606
v 5.225861 4.722402 -8.360065
v 5.299442 4.721986 -8.364898
v 5.373322 4.720050 -8.369369
v 5.447472 4.715960 -8.373905
v 5.521736 4.708866 -8.379138
v 5.595676 4.697523 -8.385767
v 5.668212 4.679957 -8.394581
v 5.737497 4.653993 -8.405908
v 5.800596 4.617492 -8.419004
v 5.853733 4.569584 -8.432142
v 5.893933 4.511471 -8.442643
v 5.919866 4.445702 -8.449288
v 5.932113 4.376770 -8.450251
v 4.127257 4.289939 -8.376449
v 4.128320 4.360471 -8.378028
v 4.145468 4.430231 -8.376684
v 4.176961 4.494377 -8.374979
v 4.221366 4.551582 -8.372797
v 4.276569 4.600133 -8.371441
v 4.339795 4.639649 -8.372106
v 4.408163 4.670791 -8.375175
v 4.479471 4.694989 -8.380571
v 4.552256 4.713797 -8.387736
v 4.625720 4.728493 -8.395999
v 4.699467 4.739991 -8.404860
v 4.773310 4.749106 -8.413828
v 4.847152 4.756271 -8.422568
v 4.921046 4.761715 -8.430934
v 4.995011 4.765740 -8.438704
v 5.069085 4.768373 -8.445922
v 5.143323 4.769601 -8.452580
v 5.217749 4.769151 -8.458890
v 5.292395 4.766881 -8.464940
v 5.367166 4.762281 -8.471058
v 5.441851 4.754580 -8.477639
v 5.516040 4.742751 -8.485178
v 5.588962 4.725418 -8.494174
v 5.659214 4.700850 -8.504916
v 5.724749 4.667424 -8.517075
v 5.782907 4.624273 -8.529601
v 5.831293 4.571587 -8.540880
v 5.868396 4.510809 -8.549576
v 5.893094 4.443792 -8.555053
v 5.906509 4.373847 -8.556369
v 4.122355 4.288076 -8.485253
v 4.129237 4.359707 -8.486839
v 4.147317 4.430322 -8.485919
v 4.177195 4.495856 -8.485214
v 4.218214 4.555748 -8.484067
v 4.269215 4.608401 -8.483212
v 4.328596 4.652927 -8.483555
v 4.394186 4.689400 -8.485639
v 4.463797 4.718553 -8.489655
v 4.535857 4.741608 -8.495358
v 4.609283 4.759759 -8.502310
v 4.683453 4.773998 -8.510061
v 4.758021 4.785128 -8.518195
v 4.832813 4.793679 -8.526397
v 4.907754 4.799986 -8.534460
v 4.982813 4.804310 -8.542237
v 5.057975 4.806722 -8.549700
v 5.133240 4.807163 -8.556865
v 5.208593 4.805413 -8.563873
v 5.283961 4.801153 -8.570890
v 5.359157 4.793821 -8.578197
v 5.433845 4.782590 -8.586124
v 5.507410 4.766384 -8.595025
v 5.578840 4.743883 -8.605131
v 5.646647 4.713677 -8.616420
v 5.708770 4.674803 -8.628224
v 5.763020 4.626934 -8.639524
v 5.807426 4.570698 -8.648881
v 5.839985 4.507621 -8.655109
v 5.859306 4.439476 -8.657945
v 5.865086 4.369702 -8.656422
v 4.130212 4.286346 -8.593142
v 4.136071 4.357875 -8.594459
v 4.151464 4.428929 -8.594498
v 4.178298 4.495715 -8.594767
v 4.216014 4.557649 -8.594740
v 4.263748 4.613189 -8.594810
v 4.319984 4.661284 -8.595493
v 4.382945 4.701679 -8.597466
v 4.450757 4.734788 -8.600916
v 4.521722 4.761411 -8.605860
v 4.594677 4.782590 -8.612023
v 4.668850 4.799277 -8.619057
v 4.743758 4.812256 -8.626619
v 4.819114 4.822102 -8.634426
v 4.894753 4.829208 -8.642281
v 4.970573 4.833804 -8.650047
v 5.046509 4.836000 -8.657676
v 5.122494 4.835695 -8.665190
v 5.198435 4.832672 -8.672697
v 5.274179 4.826551 -8.680360
v 5.349443 4.816727 -8.688404
v 5.423772 4.802382 -8.697067
v 5.496439 4.782475 -8.706567
v 5.566346 4.755823 -8.716957
v 5.631925 4.721435 -8.727907
v 5.691391 4.678696 -8.738848
v 5.743132 4.627757 -8.748751
v 5.785786 4.569651 -8.756806
v 5.818491 4.505892 -8.762305
v 5.840603 4.437498 -8.765452
v 5.853519 4.367355 -8.765141
v 4.143042 4.284993 -8.700438
v 4.140988 4.355926 -8.702544
v 4.153395 4.427289 -8.702908
v 4.177607 4.494939 -8.704117
v 4.213054 4.558290 -8.705018
v 4.258562 4.615807 -8.705996
v 4.312543 4.666427 -8.707411
v 4.373408 4.709715 -8.709688
v 4.439537 4.745823 -8.713147
v 4.509349 4.775295 -8.717847
v 4.581629 4.798969 -8.723643
v 4.655531 4.817717 -8.730281
v 4.730476 4.832289 -8.737497
v 4.806084 4.843267 -8.745053
v 4.882113 4.851053 -8.752767
v 4.958397 4.855896 -8.760512
v 5.034806 4.857872 -8.768246
v 5.111213 4.856900 -8.775978
v 5.187455 4.852746 -8.783794
v 5.263302 4.845003 -8.791825
v 5.338404 4.833066 -8.800236
v 5.412220 4.816144 -8.809175
v 5.483967 4.793292 -8.818730
v 5.552522 4.763519 -8.828843
v 5.616377 4.726092 -8.839088
v 5.674050 4.680731 -8.848867
v 5.724215 4.627823 -8.857503
v 5.765703 4.568368 -8.864412
v 5.797716 4.503713 -8.869111
v 5.819481 4.434743 -8.871875
v 5.830752 4.364336 -8.871455
v 4.124538 4.282390 -8.807507
v 4.130180 4.354731 -8.810375
v 4.145839 4.427117 -8.811109
v 4.172053 4.495062 -8.812939
v 4.208046 4.558850 -8.814696
v 4.252809 4.617311 -8.816624
v 4.305409 4.669521 -8.818949
v 4.364686 4.714847 -8.821871
v 4.429382 4.753169 -8.825725
v 4.498137 4.784840 -8.830537
v 4.569696 4.810492 -8.836293
v 4.643191 4.830907 -8.842800
v 4.717979 4.846790 -8.849860
v 4.793620 4.858707 -8.857284
v 4.869806 4.867060 -8.864914
v 4.946315 4.872093 -8.872644
v 5.022959 4.873878 -8.880431
v 5.099556 4.872340 -8.888276
v 5.175889 4.867234 -8.896241
v 5.251673 4.858149 -8.904420
v 5.326503 4.844494 -8.912918
v 5.399799 4.825523 -8.921803
v 5.470757 4.800380 -8.931114
v 5.538226 4.768294 -8.940608
v 5.600863 4.728691 -8.949959
v 5.657335 4.681466 -8.958581
v 5.706236 4.627058 -8.966010
v 5.746382 4.566420 -8.971830
v 5.776898 4.500918 -8.975709
v 5.796932 4.431409 -8.978221
v 5.805984 4.361162 -8.977156
v 4.122501 4.280223 -8.915616
v 4.129951 4.352675 -8.917436
v 4.144633 4.425009 -8.918803
v 4.169554 4.493424 -8.921245
v 4.203894 4.557946 -8.923870
v 4.247043 4.617468 -8.926791
v 4.298173 4.670994 -8.930087
v 4.356145 4.717846 -8.933867
v 4.419703 4.757824 -8.938320
v 4.487541 4.791134 -8.943526
v 4.558435 4.818302 -8.949490
v 4.631490 4.840017 -8.956075
v 4.706030 4.856936 -8.963136
v 4.781570 4.869602 -8.970530
v 4.857761 4.878407 -8.978132
v 4.934330 4.883589 -8.985855
v 5.011045 4.885219 -8.993656
v 5.087680 4.883220 -9.001532
v 5.163979 4.877349 -9.009518
v 5.239619 4.867198 -9.017669
v 5.314162 4.852197 -9.026036
v 5.386998 4.831648 -9.034632
v 5.457316 4.804790 -9.043431
v 5.523991 4.770998 -9.052147
v 5.585809 4.729939 -9.060437
v 5.641646 4.681712 -9.067903
v 5.690382 4.626835 -9.074267
v 5.731014 4.566032 -9.079370
v 5.762417 4.500293 -9.083004
v 5.783398 4.430186 -9.085428
v 5.796104 4.358950 -9.085450
v 4.139307 4.278754 -9.021935
v 4.136601 4.349752 -9.024568
v 4.147416 4.421488 -9.026372
v 4.168249 4.490265 -9.029575
v 4.199420 4.555764 -9.033032
v 4.240528 4.616424 -9.036823
v 4.290344 4.671090 -9.041026
v 4.347318 4.719124 -9.045662
v 4.410021 4.760332 -9.050853
v 4.477135 4.794853 -9.056619
v 4.547471 4.823145 -9.062963
v 4.620127 4.845838 -9.069784
v 4.694404 4.863542 -9.076976
v 4.769791 4.876778 -9.084431
v 4.845902 4.885928 -9.092056
v 4.922437 4.891224 -9.099784
v 4.999130 4.892735 -9.107574
v 5.075726 4.890384 -9.115415
v 5.151938 4.883929 -9.123321
v 5.227423 4.872970 -9.131310
v 5.301722 4.856956 -9.139397
v 5.374207 4.835232 -9.147545
v 5.444056 4.807096 -9.155693
v 5.510157 4.771985 -9.163562
v 5.571230 4.729617 -9.170846
v 5.625801 4.679976 -9.177159
v 5.672114 4.623453 -9.182140
v 5.708429 4.561013 -9.185415
v 5.733819 4.494311 -9.186769
v 5.748891 4.424605 -9.186726
v 5.752620 4.354660 -9.184383
v 4.113513 4.275545 -9.127308
v 4.118108 4.348074 -9.130960
v 4.131997 4.420948 -9.133309
v 4.156026 4.489868 -9.137343
v 4.189630 4.555109 -9.141702
v 4.231776 4.615577 -9.146447
v 4.281537 4.670466 -9.151612
v 4.338001 4.719093 -9.157200
v 4.400092 4.761085 -9.163227
v 4.466653 4.796433 -9.169688
v 4.536555 4.825510 -9.176544
v 4.608884 4.848884 -9.183724
v 4.682930 4.867139 -9.191147
v 4.758160 4.880780 -9.198739
v 4.834171 4.890170 -9.206433
v 4.910636 4.895551 -9.214179
v 4.987274 4.896976 -9.221941
v 5.063806 4.894382 -9.229702
v 5.139934 4.887514 -9.237454
v 5.215296 4.875986 -9.245188
v 5.289423 4.859265 -9.252880
v 5.361675 4.836717 -9.260473
v 5.431229 4.807691 -9.267877
v 5.496993 4.771685 -9.274870
v 5.557745 4.728538 -9.281212
v 5.612171 4.678393 -9.286621
v 5.659019 4.621841 -9.290869
v 5.697388 4.559790 -9.293719
v 5.726737 4.493491 -9.295044
v 5.746758 4.423428 -9.295593
v 5.758688 4.352929 -9.293390
v 4.104515 4.273072 -9.235049
v 4.111491 4.345557 -9.237894
v 4.125566 4.418168 -9.240576
v 4.149261 4.487110 -9.245039
v 4.181940 4.552547 -9.250141
v 4.223114 4.613447 -9.255804
v 4.272137 4.668803 -9.261957
v 4.328063 4.717890 -9.268533
v 4.389714 4.760345 -9.275458
v 4.455899 4.796162 -9.282684
v 4.525507 4.825695 -9.290138
v 4.597609 4.849470 -9.297756
v 4.671487 4.868052 -9.305482
v 4.746599 4.881928 -9.313266
v 4.822526 4.891478 -9.321063
v 4.898932 4.896906 -9.328840
v 4.975522 4.898289 -9.336567
v 5.052007 4.895539 -9.344219
v 5.128082 4.888432 -9.351768
v 5.203375 4.876568 -9.359183
v 5.277409 4.859425 -9.366413
v 5.349543 4.836394 -9.373377
v 5.418945 4.806885 -9.379970
v 5.484592 4.770473 -9.386041
v 5.545410 4.727124 -9.391411
v 5.600403 4.677165 -9.395911
v 5.648699 4.621120 -9.399359
v 5.689366 4.559622 -9.401627
v 5.721283 4.493394 -9.402631
v 5.743342 4.422894 -9.403143
v 5.756799 4.351295 -9.402047
v 4.111572 4.271100 -9.342772
v 4.109128 4.342398 -9.345439
v 4.120718 4.414651 -9.348034
v 4.141818 4.483653 -9.352921
v 4.172747 4.549483 -9.358636
v 4.213017 4.610738 -9.365112
v 4.261635 4.666330 -9.372202
v 4.317319 4.715590 -9.379744
v 4.378764 4.758203 -9.387581
v 4.444764 4.794175 -9.395594
v 4.514224 4.823854 -9.403682
v 4.586215 4.847762 -9.411778
v 4.660011 4.866453 -9.419843
v 4.735065 4.880416 -9.427846
v 4.810953 4.890013 -9.435767
v 4.887334 4.895463 -9.443587
v 4.963909 4.896835 -9.451279
v 5.040386 4.894046 -9.458812
v 5.116457 4.886859 -9.466144
v 5.191750 4.874887 -9.473216
v 5.265781 4.857605 -9.479959
v 5.337905 4.834409 -9.486279
v 5.407265 4.804713 -9.492053
v 5.472846 4.768090 -9.497191
v 5.533493 4.724420 -9.501547
v 5.587912 4.673862 -9.504977
v 5.634750 4.616898 -9.507319
v 5.672743 4.554454 -9.508421
v 5.700716 4.487795 -9.508204
v 5.717910 4.417795 -9.507404
v 5.722858 4.347231 -9.504810
v 4.080948 4.267774 -9.446510
v 4.087960 4.340792 -9.450521
v 4.101912 4.413537 -9.454147
v 4.125953 4.482438 -9.459925
v 4.159225 4.547668 -9.466639
v 4.200818 4.608254 -9.474137
v 4.249952 4.663373 -9.482249
v 4.305776 4.712347 -9.490808
v 4.367251 4.754735 -9.499573
v 4.433240 4.790514 -9.508392
v 4.502697 4.820033 -9.517119
v 4.574692 4.843804 -9.525699
v 4.648495 4.862385 -9.534103
v 4.723558 4.876272 -9.542332
v 4.799459 4.885828 -9.550381
v 4.875858 4.891270 -9.558247
v 4.952457 4.892668 -9.565910
v 5.028970 4.889933 -9.573332
v 5.105091 4.882839 -9.580456
v 5.180451 4.870985 -9.587202
v 5.254569 4.853846 -9.593478
v 5.326797 4.830804 -9.599177
v 5.396261 4.801264 -9.604165
v 5.461932 4.764741 -9.608394
v 5.522607 4.721073 -9.611757
v 5.576998 4.670518 -9.614246
v 5.624044 4.613741 -9.615836
v 5.662884 4.551718 -9.616535
v 5.692934 4.485634 -9.616299
v 5.713672 4.415982 -9.615750
v 5.726131 4.345270 -9.613498
v 4.083904 4.265475 -9.554497
v 4.082589 4.336927 -9.557619
v 4.094895 4.409301 -9.561389
v 4.116623 4.478072 -9.567582
v 4.148066 4.543503 -9.574918
v 4.188727 4.604260 -9.583243
v 4.237618 4.659289 -9.592303
v 4.293542 4.707926 -9.601840
v 4.355181 4.749858 -9.611502
v 4.421339 4.785135 -9.621088
v 4.490954 4.814184 -9.630412
v 4.563073 4.837543 -9.639431
v 4.636974 4.855798 -9.648144
v 4.712112 4.869442 -9.656568
v 4.788073 4.878856 -9.664730
v 4.864523 4.884262 -9.672642
v 4.941178 4.885716 -9.680285
v 5.017761 4.883156 -9.687624
v 5.093975 4.876316 -9.694578
v 5.169463 4.864813 -9.701049
v 5.243753 4.848107 -9.706921
v 5.316206 4.825559 -9.712067
v 5.385939 4.796547 -9.716331
v 5.451938 4.760549 -9.719710
v 5.513026 4.717408 -9.722169
v 5.567932 4.667379 -9.723796
v 5.615567 4.611052 -9.724653
v 5.655003 4.549305 -9.724818
v 5.685421 4.483199 -9.724308
v 5.706086 4.413270 -9.723823
v 5.716227 4.342665 -9.721757
v 4.054902 4.262140 -9.658711
v 4.061934 4.334805 -9.662967
v 4.076054 4.407022 -9.667464
v 4.099931 4.475569 -9.674575
v 4.133053 4.540316 -9.682889
v 4.174722 4.600285 -9.692232
v 4.224224 4.654550 -9.702324
v 4.280612 4.702390 -9.712840
v 4.342662 4.743465 -9.723372
v 4.409187 4.777887 -9.733654
v 4.479113 4.806136 -9.743495
v 4.551472 4.828800 -9.752877
v 4.625547 4.846493 -9.761825
v 4.700806 4.859738 -9.770392
v 4.776848 4.868909 -9.778632
v 4.853359 4.874245 -9.786577
v 4.930071 4.875803 -9.794218
v 5.006729 4.873505 -9.801509
v 5.083057 4.867102 -9.808360
v 5.158717 4.856192 -9.814641
v 5.233253 4.840221 -9.820207
v 5.306045 4.818529 -9.824904
v 5.376215 4.790446 -9.828553
v 5.442732 4.755406 -9.831157
v 5.504411 4.713182 -9.832751
v 5.559969 4.664006 -9.833483
v 5.608335 4.608452 -9.833505
v 5.648543 4.547269 -9.832998
v 5.679646 4.481386 -9.832145
v 5.700710 4.411463 -9.831724
v 5.713072 4.340528 -9.830240
v 4.054443 4.259699 -9.766981
v 4.052651 4.330903 -9.770049
v 4.064363 4.402705 -9.774639
v 4.086174 4.470977 -9.782052
v 4.118246 4.535692 -9.791087
v 4.159910 4.595296 -9.801350
v 4.209991 4.648766 -9.812449
v 4.267103 4.695500 -9.823895
v 4.329845 4.735321 -9.835206
v 4.396973 4.768495 -9.846061
v 4.467370 4.795584 -9.856292
v 4.540069 4.817245 -9.865910
v 4.614370 4.834138 -9.874982
v 4.689761 4.846805 -9.883606
v 4.765866 4.855639 -9.891869
v 4.842401 4.860872 -9.899827
v 4.919130 4.862568 -9.907480
v 4.995827 4.860645 -9.914775
v 5.072250 4.854854 -9.921606
v 5.148091 4.844783 -9.927816
v 5.222927 4.829866 -9.933223
v 5.296163 4.809403 -9.937631
v 5.366941 4.782663 -9.940844
v 5.434192 4.748984 -9.942830
v 5.496642 4.707953 -9.943694
v 5.552732 4.659542 -9.943596
v 5.600704 4.604110 -9.942727
v 5.638823 4.542546 -9.941260
v 5.665779 4.476432 -9.939469
v 5.681916 4.406878 -9.937983
v 5.686248 4.336936 -9.935825
v 4.020259 4.256132 -9.869334
v 4.025391 4.328291 -9.874379
v 4.040487 4.400263 -9.880009
v 4.065495 4.468054 -9.888765
v 4.100214 4.531605 -9.899020
v 4.143737 4.589849 -9.910489
v 4.195168 4.641828 -9.922665
v 4.253369 4.686927 -9.934988
v 4.317077 4.725020 -9.946960
v 4.385026 4.756505 -9.958216
v 4.456033 4.782028 -9.968653
v 4.529141 4.802351 -9.978328
v 4.603674 4.818184 -9.987373
v 4.679155 4.830093 -9.995938
v 4.755245 4.838481 -10.004150
v 4.831708 4.843579 -10.012093
v 4.908350 4.845454 -10.019769
v 4.984988 4.844017 -10.027126
v 5.061429 4.839019 -10.034043
v 5.137407 4.830045 -10.040329
v 5.212544 4.816513 -10.045760
v 5.286287 4.797683 -10.050089
v 5.357815 4.772742 -10.053089
v 5.426011 4.740941 -10.054638
v 5.489609 4.701730 -10.054893
v 5.547215 4.655045 -10.054060
v 5.597452 4.601347 -10.052448
v 5.639245 4.541442 -10.050247
v 5.671701 4.476471 -10.047634
v 5.694087 4.407036 -10.045292
v 5.708150 4.336326 -10.041785
v 3.999331 4.252919 -9.975392
v 4.006484 4.324855 -9.980140
v 4.021994 4.396213 -9.986439
v 4.047599 4.463278 -9.995923
v 4.082937 4.525986 -10.007235
v 4.127460 4.582970 -10.019809
v 4.180198 4.633220 -10.033030
v 4.239791 4.676196 -10.046127
v 4.304800 4.711988 -10.058543
v 4.373801 4.741216 -10.069942
v 4.445530 4.764700 -10.080318
v 4.519062 4.783312 -10.089805
v 4.593765 4.797806 -10.098626
v 4.669221 4.808769 -10.106984
v 4.745147 4.816603 -10.115049
v 4.821368 4.821532 -10.122931
v 4.897746 4.823630 -10.130645
v 4.974147 4.822786 -10.138127
v 5.050450 4.818767 -10.145252
v 5.126444 4.811158 -10.151794
v 5.201810 4.799372 -10.157487
v 5.276064 4.782636 -10.162015
v 5.348429 4.760042 -10.165084
v 5.417776 4.730689 -10.166480
v 5.482735 4.693816 -10.166251
v 5.541783 4.649123 -10.164671
v 5.593369 4.596892 -10.162107
v 5.636192 4.537966 -10.158981
v 5.669204 4.473445 -10.155665
v 5.691550 4.404296 -10.153130
v 5.703163 4.333744 -10.150681
v 3.990497 4.249876 -10.083524
v 3.989496 4.320726 -10.086908
v 4.003033 4.391453 -10.093200
v 4.028051 4.457968 -10.103364
v 4.064322 4.519573 -10.115721
v 4.110616 4.574742 -10.129469
v 4.165401 4.622460 -10.143593
v 4.226995 4.662478 -10.157218
v 4.293704 4.695219 -10.169707
v 4.363928 4.721534 -10.180856
v 4.436414 4.742457 -10.190794
v 4.510294 4.758965 -10.199765
v 4.585017 4.771842 -10.208105
v 4.660254 4.781675 -10.216072
v 4.735780 4.788855 -10.223867
v 4.811512 4.793590 -10.231646
v 4.887372 4.795932 -10.239398
v 4.963275 4.795791 -10.247082
v 5.039193 4.792926 -10.254562
v 5.114981 4.786947 -10.261572
v 5.190394 4.777278 -10.267822
v 5.265066 4.763137 -10.272925
v 5.338294 4.743530 -10.276478
v 5.409009 4.717349 -10.278148
v 5.475706 4.683563 -10.277789
v 5.536559 4.641438 -10.275676
v 5.589543 4.590941 -10.272286
v 5.632554 4.532842 -10.268244
v 5.663851 4.468721 -10.264189
v 5.682502 4.400287 -10.261351
v 5.688088 4.330555 -10.258877
v 3.952992 4.246160 -10.184855
v 3.959916 4.317700 -10.190841
v 3.977082 4.387773 -10.198919
v 4.005501 4.452833 -10.210667
v 4.044830 4.512248 -10.224508
v 4.094100 4.564443 -10.239428
v 4.151784 4.608543 -10.254238
v 4.215981 4.644526 -10.267887
v 4.284688 4.673248 -10.279874
v 4.356192 4.695911 -10.290174
v 4.429326 4.713743 -10.299156
v 4.503349 4.727778 -10.307185
v 4.577838 4.738796 -10.314734
v 4.652583 4.747344 -10.322085
v 4.727403 4.753793 -10.329473
v 4.802338 4.758309 -10.337097
v 4.877367 4.760928 -10.344902
v 4.952430 4.761565 -10.352865
v 5.027632 4.759995 -10.360870
v 5.102877 4.755859 -10.368589
v 5.178004 4.748635 -10.375755
v 5.252830 4.737580 -10.381907
v 5.326777 4.721650 -10.386504
v 5.398907 4.699567 -10.389050
v 5.467755 4.669987 -10.389180
v 5.531298 4.631792 -10.386968
v 5.587346 4.584640 -10.383019
v 5.633930 4.529243 -10.378181
v 5.669740 4.467189 -10.373290
v 5.693988 4.399674 -10.369275
v 5.708015 4.329712 -10.365451
v 3.931758 4.242630 -10.291331
v 3.935695 4.313213 -10.296434
v 3.953249 4.382473 -10.305421
v 3.983540 4.446039 -10.318508
v 4.026063 4.502676 -10.333802
v 4.079229 4.550753 -10.349663
v 4.140765 4.589708 -10.364523
v 4.208044 4.620306 -10.377285
v 4.278789 4.643990 -10.387819
v 4.351381 4.662343 -10.396430
v 4.424869 4.676668 -10.403797
v 4.498697 4.688021 -10.410370
v 4.572624 4.697034 -10.416799
v 4.646555 4.704227 -10.423283
v 4.720320 4.709937 -10.430088
v 4.794111 4.714218 -10.437519
v 4.867967 4.717114 -10.445383
v 4.941786 4.718553 -10.453724
v 5.015894 4.718316 -10.462474
v 5.090191 4.716114 -10.471153
v 5.164551 4.711510 -10.479616
v 5.239066 4.703900 -10.487381
v 5.313307 4.692255 -10.493767
v 5.386584 4.675240 -10.498097
v 5.457696 4.651211 -10.499665
v 5.524527 4.618496 -10.498178
v 5.584386 4.576005 -10.494102
v 5.634557 4.523921 -10.488506
v 5.672790 4.463556 -10.482612
v 5.697906 4.396890 -10.477921
v 5.709205 4.327438 -10.474611
v 3.899402 4.238934 -10.394876
v 3.906243 4.309213 -10.401258
v 3.926866 4.376879 -10.411859
v 3.961421 4.437724 -10.426898
v 4.009319 4.489717 -10.443604
v 4.068070 4.531360 -10.459659
v 4.134236 4.563167 -10.473125
v 4.204524 4.587032 -10.483456
v 4.276878 4.604976 -10.491229
v 4.350040 4.618727 -10.497133
v 4.423389 4.629463 -10.502207
v 4.496581 4.638247 -10.506798
v 4.569524 4.645329 -10.511789
v 4.642378 4.651207 -10.517220
v 4.714710 4.656245 -10.523424
v 4.787126 4.660208 -10.530627
v 4.859589 4.663379 -10.538525
v 4.931789 4.665616 -10.547293
v 5.004460 4.666576 -10.556906
v 5.077397 4.666249 -10.566751
v 5.150370 4.664106 -10.576856
v 5.223912 4.659901 -10.586825
v 5.297709 4.652797 -10.595854
v 5.371398 4.641535 -10.603150
v 5.444295 4.624372 -10.607605
v 5.514554 4.599042 -10.608353
v 5.579217 4.563448 -10.605249
v 5.634525 4.516565 -10.599346
v 5.677109 4.459488 -10.592491
v 5.704971 4.394601 -10.587042
v 5.718100 4.325718 -10.583238
v 3.867835 4.235174 -10.499015
v 3.875604 4.304516 -10.506094
v 3.900376 4.370018 -10.518938
v 3.941980 4.425916 -10.536115
v 3.997904 4.470042 -10.553411
v 4.063350 4.502310 -10.567327
v 4.133774 4.525242 -10.576885
v 4.206093 4.541788 -10.582726
v 4.279078 4.554067 -10.586391
v 4.351886 4.563779 -10.588707
v 4.424538 4.571309 -10.591060
v 4.496571 4.578006 -10.593631
v 4.568284 4.583267 -10.596974
v 4.639863 4.588114 -10.601287
v 4.710574 4.592882 -10.607179
v 4.781714 4.596211 -10.613708
v 4.852753 4.599732 -10.621804
v 4.923079 4.602691 -10.631158
v 4.994241 4.604227 -10.641235
v 5.065466 4.605723 -10.652659
v 5.136506 4.605560 -10.664407
v 5.208467 4.604195 -10.676762
v 5.280921 4.601296 -10.689118
v 5.353744 4.595629 -10.700588
v 5.427050 4.585830 -10.709726
v 5.499727 4.569526 -10.715003
v 5.569448 4.543720 -10.715266
v 5.631937 4.505537 -10.710567
v 5.681739 4.454349 -10.703144
v 5.714494 4.392099 -10.696311
v 5.729146 4.324069 -10.691900
v 3.829953 4.231338 -10.601229
v 3.842776 4.299282 -10.610854
v 3.877091 4.360043 -10.627311
v 3.930190 4.406304 -10.645851
v 3.995661 4.437997 -10.659846
v 4.066653 4.458777 -10.667481
v 4.139288 4.472738 -10.670098
v 4.211755 4.483137 -10.669925
v 4.284227 4.490737 -10.668747
v 4.355860 4.497609 -10.667700
v 4.427217 4.502595 -10.667116
v 4.497863 4.508331 -10.668627
v 4.568436 4.511842 -10.669625
v 4.638897 4.516127 -10.673248
v 4.707938 4.521035 -10.679706
v 4.778166 4.523200 -10.683619
v 4.847739 4.527380 -10.693250
v 4.916202 4.530822 -10.703392
v 4.986281 4.532098 -10.711945
v 5.055387 4.535529 -10.726709
v 5.124378 4.536572 -10.739655
v 5.194640 4.536998 -10.753757
v 5.265024 4.537465 -10.769763
v 5.335693 4.536094 -10.785660
v 5.407524 4.532597 -10.800621
v 5.480171 4.525296 -10.812987
v 5.552804 4.511209 -10.820331
v 5.622477 4.486030 -10.820680
v 5.682631 4.445486 -10.814441
v 5.725184 4.388949 -10.806090
v 5.745800 4.322786 -10.799909
v 3.789527 4.227307 -10.703053
v 3.814434 4.291996 -10.717461
v 3.865258 4.340836 -10.736986
v 3.931464 4.370419 -10.750431
v 4.003332 4.387542 -10.754360
v 4.075925 4.398095 -10.751636
v 4.148112 4.405440 -10.745972
v 4.219144 4.412038 -10.740538
v 4.290192 4.416544 -10.734216
v 4.360502 4.422180 -10.731959
v 4.430566 4.425302 -10.727517
v 4.499938 4.430986 -10.730459
v 4.569506 4.433002 -10.726919
v 4.639089 4.437286 -10.731995
v 4.707054 4.441961 -10.739439
v 4.776667 4.443235 -10.737066
v 4.844388 4.448187 -10.751903
v 4.911802 4.451450 -10.762285
v 4.981561 4.452472 -10.765714
v 5.047644 4.457397 -10.787291
v 5.115202 4.459109 -10.800696
v 5.184468 4.460443 -10.814697
v 5.252322 4.463171 -10.835119
v 5.320499 4.464075 -10.854282
v 5.389693 4.464581 -10.874455
v 5.459595 4.463870 -10.894721
v 5.530870 4.459883 -10.912068
v 5.603359 4.449465 -10.923118
v 5.673288 4.426236 -10.924298
v 5.731180 4.382890 -10.916784
v 5.765052 4.321723 -10.908339
v 3.753226 4.224136 -10.808338
v 3.803661 4.274921 -10.826528
v 3.871425 4.299214 -10.838272
v 3.943526 4.310598 -10.835355
v 4.015159 4.317467 -10.824833
v 4.085771 4.322568 -10.812178
v 4.156093 4.326941 -10.800439
v 4.225991 4.331817 -10.792518
v 4.295287 4.334959 -10.779696
v 4.364849 4.339942 -10.780416
v 4.433786 4.342399 -10.770538
v 4.502546 4.347545 -10.777553
v 4.570968 4.349500 -10.766866
v 4.639871 4.353622 -10.777142
v 4.708083 4.357411 -10.784318
v 4.777041 4.359457 -10.773614
v 4.842466 4.364018 -10.796803
v 4.910370 4.366761 -10.806115
v 4.980296 4.368884 -10.802724
v 5.042687 4.373501 -10.833052
v 5.110087 4.375618 -10.846438
v 5.179623 4.377796 -10.856614
v 5.244157 4.381342 -10.883651
v 5.310798 4.383267 -10.904528
v 5.378131 4.385479 -10.927379
v 5.444573 4.387569 -10.953553
v 5.511456 4.388703 -10.979825
v 5.579891 4.388355 -11.004513
v 5.650631 4.383370 -11.022401
v 5.720499 4.364369 -11.024669
v 5.778439 4.319981 -11.019134
v 3.739518 4.220706 -10.920544
v 3.813697 4.225044 -10.923638
v 3.885081 4.228520 -10.907471
v 3.954280 4.232508 -10.886565
v 4.022861 4.236454 -10.866599
v 4.091587 4.240278 -10.848835
v 4.160851 4.244191 -10.834791
v 4.230863 4.248189 -10.826933
v 4.298112 4.251487 -10.805459
v 4.368194 4.255593 -10.814532
v 4.436151 4.258866 -10.796218
v 4.505218 4.262722 -10.810833
v 4.572565 4.265795 -10.790362
v 4.640553 4.269386 -10.810223
v 4.710513 4.272808 -10.815268
v 4.778679 4.276073 -10.796566
v 4.841575 4.279384 -10.829669
v 4.911511 4.282259 -10.835704
v 4.981656 4.285551 -10.826096
v 5.040254 4.288759 -10.866288
v 5.109537 4.291243 -10.876566
v 5.180072 4.294098 -10.880623
v 5.240460 4.297098 -10.917716
v 5.308128 4.299632 -10.936406
v 5.374814 4.302120 -10.959390
v 5.438711 4.304705 -10.989749
v 5.502789 4.307041 -11.020394
v 5.565964 4.309366 -11.054085
v 5.629480 4.311729 -11.088934
v 5.696253 4.313684 -11.118899
v 5.768619 4.317818 -11.131794
v 3.740276 4.210789 -10.920194
v 3.814613 4.213994 -10.922937
v 3.886207 4.216393 -10.907472
v 3.955084 4.219767 -10.886470
v 4.023589 4.223229 -10.866390
v 4.092280 4.226769 -10.848544
v 4.161499 4.230225 -10.834572
v 4.231434 4.233258 -10.826324
v 4.298937 4.237682 -10.805089
v 4.368783 4.239701 -10.814028
v 4.437022 4.244298 -10.795705
v 4.505853 4.246155 -10.810194
v 4.573658 4.251162 -10.789748
v 4.641089 4.253187 -10.810008
v 4.711137 4.256383 -10.814314
v 4.779901 4.261356 -10.796105
v 4.842065 4.262569 -10.829350
v 4.912181 4.266398 -10.834640
v 4.982839 4.271044 -10.825747
v 5.040806 4.271720 -10.865872
v 5.110395 4.275903 -10.875506
v 5.181041 4.280280 -10.880278
v 5.241119 4.281424 -10.917281
v 5.309070 4.285176 -10.935637
v 5.375637 4.288477 -10.958827
v 5.439516 4.290936 -10.989120
v 5.503644 4.293813 -11.019623
v 5.566707 4.296597 -11.053154
v 5.629850 4.299582 -11.087803
v 5.696459 4.302542 -11.119004
v 5.769904 4.307962 -11.131185
v 3.753646 4.213160 -10.808342
v 3.809404 4.167948 -10.823257
v 3.878432 4.147726 -10.833209
v 3.951359 4.142330 -10.829777
v 4.023350 4.142382 -10.819389
v 4.094252 4.144386 -10.806952
v 4.164687 4.147087 -10.795596
v 4.234797 4.149695 -10.786257
v 4.304097 4.153892 -10.774480
v 4.373858 4.155437 -10.774804
v 4.442768 4.160390 -10.764923
v 4.511881 4.161509 -10.771391
v 4.580165 4.167409 -10.759916
v 4.648466 4.168630 -10.773516
v 4.717513 4.172046 -10.775918
v 4.786507 4.177745 -10.767542
v 4.851134 4.177800 -10.792853
v 4.919965 4.182290 -10.796950
v 4.989592 4.187406 -10.797564
v 5.051751 4.187101 -10.828541
v 5.120308 4.192198 -10.837748
v 5.188977 4.196510 -10.850972
v 5.253413 4.197811 -10.878570
v 5.320973 4.202280 -10.897537
v 5.387908 4.205822 -10.921218
v 5.454266 4.209307 -10.947592
v 5.520971 4.213931 -10.974116
v 5.588888 4.220243 -10.999561
v 5.659022 4.231857 -11.018410
v 5.727905 4.257269 -11.023281
v 5.779222 4.309094 -11.018835
v 3.788872 4.215535 -10.702239
v 3.820866 4.152956 -10.713524
v 3.876723 4.108858 -10.729879
v 3.945307 4.084930 -10.741189
v 4.018329 4.074144 -10.744247
v 4.091756 4.070514 -10.741337
v 4.164237 4.069970 -10.735789
v 4.235929 4.070856 -10.729763
v 4.306990 4.073194 -10.723825
v 4.377722 4.074923 -10.721117
v 4.447771 4.078579 -10.717064
v 4.517549 4.080038 -10.719114
v 4.587074 4.085292 -10.715291
v 4.656078 4.086544 -10.722898
v 4.725095 4.090029 -10.725801
v 4.794331 4.095312 -10.726344
v 4.861526 4.095335 -10.742834
v 4.930169 4.100480 -10.747729
v 4.998991 4.105138 -10.756125
v 5.065279 4.105498 -10.777263
v 5.133881 4.111509 -10.787415
v 5.202225 4.115795 -10.803677
v 5.270144 4.118858 -10.824258
v 5.338764 4.124363 -10.842734
v 5.407507 4.129851 -10.863469
v 5.477008 4.136771 -10.884256
v 5.547593 4.147205 -10.902396
v 5.618638 4.164570 -10.914527
v 5.685879 4.195107 -10.917320
v 5.739120 4.244742 -10.912471
v 5.764844 4.310298 -10.907964
v 3.829853 4.218749 -10.600485
v 3.849175 4.151426 -10.605916
v 3.889547 4.093988 -10.619606
v 3.947682 4.052606 -10.634680
v 4.015921 4.026774 -10.646619
v 4.088552 4.012367 -10.653093
v 4.162117 4.005003 -10.655159
v 4.235489 4.001769 -10.654665
v 4.308282 4.000953 -10.653335
v 4.380459 4.001505 -10.652000
v 4.451992 4.003048 -10.651530
v 4.523106 4.004843 -10.652569
v 4.593794 4.008158 -10.653462
v 4.663914 4.010030 -10.658169
v 4.733944 4.013268 -10.662318
v 4.803749 4.017113 -10.667735
v 4.873007 4.018797 -10.678257
v 4.942595 4.023751 -10.685399
v 5.011871 4.027740 -10.696560
v 5.080989 4.030675 -10.710993
v 5.150730 4.037005 -10.722589
v 5.220367 4.042370 -10.737737
v 5.290481 4.048477 -10.753870
v 5.361075 4.056334 -10.770004
v 5.432101 4.066294 -10.785676
v 5.503604 4.080397 -10.798940
v 5.574504 4.101565 -10.807515
v 5.641133 4.134034 -10.809594
v 5.696764 4.181246 -10.806421
v 5.732748 4.242483 -10.801275
v 5.745921 4.310958 -10.799730
v 3.868160 4.222056 -10.498535
v 3.881847 4.153170 -10.500732
v 3.912830 4.089788 -10.510471
v 3.960490 4.037807 -10.524135
v 4.021116 3.998880 -10.538340
v 4.089589 3.972515 -10.550259
v 4.161933 3.955951 -10.558449
v 4.235666 3.946121 -10.563520
v 4.309474 3.940621 -10.566623
v 4.382974 3.938048 -10.568679
v 4.456057 3.937264 -10.570797
v 4.528608 3.937843 -10.573176
v 4.600618 3.939326 -10.576406
v 4.672200 3.941258 -10.580816
v 4.743619 3.943971 -10.586172
v 4.814637 3.946959 -10.593031
v 4.885537 3.950154 -10.601276
v 4.956550 3.954695 -10.609917
v 5.027342 3.959157 -10.620608
v 5.098336 3.964665 -10.631968
v 5.169613 3.971769 -10.643636
v 5.241017 3.979554 -10.656475
v 5.312770 3.989364 -10.669238
v 5.384815 4.001823 -10.681365
v 5.456733 4.018594 -10.691515
v 5.527348 4.042073 -10.698236
v 5.594037 4.075101 -10.700380
v 5.652142 4.120066 -10.698561
v 5.695975 4.176826 -10.694658
v 5.721583 4.242565 -10.691527
v 5.729543 4.311933 -10.691545
v 3.899876 4.225122 -10.394407
v 3.913077 4.155510 -10.395900
v 3.939651 4.089453 -10.403233
v 3.980412 4.031770 -10.414135
v 4.033797 3.984295 -10.427573
v 4.096933 3.948091 -10.440858
v 4.166150 3.922320 -10.452374
v 4.238606 3.904896 -10.461316
v 4.312429 3.893595 -10.468110
v 4.386666 3.886726 -10.473396
v 4.460767 3.882824 -10.477995
v 4.534580 3.881100 -10.482377
v 4.607985 3.880895 -10.487156
v 4.681101 3.882047 -10.492425
v 4.753928 3.884068 -10.498566
v 4.826456 3.886881 -10.505706
v 4.898921 3.890794 -10.513574
v 4.971391 3.895617 -10.522369
v 5.043833 3.901410 -10.532056
v 5.116384 3.908900 -10.542049
v 5.189049 3.917962 -10.552481
v 5.261786 3.929078 -10.562944
v 5.334461 3.943294 -10.572729
v 5.406693 3.961685 -10.581097
v 5.477452 3.986084 -10.587008
v 5.544742 4.018629 -10.589674
v 5.605363 4.061108 -10.589246
v 5.655293 4.113916 -10.586650
v 5.691385 4.175492 -10.583936
v 5.712324 4.243245 -10.582119
v 5.718634 4.313169 -10.582888
v 3.932436 4.228506 -10.290995
v 3.942370 4.158391 -10.290859
v 3.966275 4.090567 -10.296704
v 4.003023 4.029758 -10.305433
v 4.051371 3.977064 -10.317022
v 4.109542 3.934007 -10.329839
v 4.175082 3.900748 -10.342187
v 4.245314 3.876347 -10.353092
v 4.318216 3.859182 -10.362234
v 4.392391 3.847571 -10.369865
v 4.467019 3.840071 -10.376503
v 4.541715 3.835670 -10.382615
v 4.616289 3.833618 -10.388679
v 4.690646 3.833489 -10.394933
v 4.764810 3.834846 -10.401666
v 4.838780 3.837617 -10.408997
v 4.912643 3.841886 -10.416852
v 4.986454 3.847543 -10.425310
v 5.060213 3.854886 -10.434179
v 5.133941 3.864309 -10.443193
v 5.207585 3.876044 -10.452205
v 5.280937 3.890859 -10.460729
v 5.353624 3.909758 -10.468195
v 5.424850 3.934019 -10.473948
v 5.493137 3.965251 -10.477384
v 5.556256 4.004947 -10.478354
v 5.611265 4.053749 -10.477323
v 5.655434 4.111160 -10.475426
v 5.687043 4.175381 -10.473863
v 5.705110 4.244439 -10.472868
v 5.709978 4.314603 -10.474195
v 3.953584 4.231207 -10.184285
v 3.967917 4.160566 -10.185540
v 3.991259 4.092078 -10.190424
v 4.025931 4.029529 -10.197630
v 4.071052 3.973688 -10.207425
v 4.125480 3.926069 -10.218925
v 4.187636 3.887388 -10.230866
v 4.255460 3.857362 -10.242270
v 4.326891 3.835036 -10.252499
v 4.400452 3.819026 -10.261493
v 4.475117 3.808012 -10.269490
v 4.550292 3.800920 -10.276835
v 4.625622 3.796915 -10.283885
v 4.700938 3.795455 -10.290898
v 4.776168 3.796142 -10.298111
v 4.851273 3.798799 -10.305631
v 4.926255 3.803413 -10.313471
v 5.001118 3.810016 -10.321605
v 5.075816 3.818846 -10.329897
v 5.150290 3.830283 -10.338122
v 5.224371 3.844783 -10.346024
v 5.297695 3.863137 -10.353187
v 5.369649 3.886349 -10.359147
v 5.439180 3.915611 -10.363459
v 5.504689 3.952183 -10.365840
v 5.563976 3.996824 -10.366500
v 5.614831 4.049599 -10.365953
v 5.655586 4.109603 -10.365100
v 5.685040 4.175261 -10.364470
v 5.702277 4.245163 -10.364024
v 5.708438 4.316268 -10.365083
v 3.991107 4.235074 -10.083175
v 3.997167 4.164398 -10.081605
v 4.017060 4.094958 -10.084841
v 4.048631 4.030830 -10.090245
v 4.091009 3.972609 -10.098377
v 4.142810 3.921792 -10.108427
v 4.202353 3.879242 -10.119497
v 4.267969 3.845021 -10.130548
v 4.337900 3.818531 -10.141031
v 4.410583 3.798809 -10.150616
v 4.484934 3.784693 -10.159354
v 4.560213 3.775138 -10.167449
v 4.635954 3.769313 -10.175155
v 4.711889 3.766617 -10.182693
v 4.787858 3.766634 -10.190247
v 4.863756 3.769146 -10.197922
v 4.939525 3.774099 -10.205737
v 5.015095 3.781555 -10.213653
v 5.090365 3.791757 -10.221541
v 5.165179 3.805085 -10.229202
v 5.239256 3.822083 -10.236367
v 5.312110 3.843515 -10.242702
v 5.382985 3.870327 -10.247848
v 5.450719 3.903557 -10.251532
v 5.513650 3.944031 -10.253744
v 5.569824 3.992245 -10.254678
v 5.617278 4.048023 -10.254964
v 5.654114 4.110317 -10.255129
v 5.678743 4.177361 -10.255722
v 5.690403 4.247501 -10.256494
v 5.688656 4.317476 -10.258433
v 4.000352 4.237284 -9.974945
v 4.012887 4.166092 -9.974221
v 4.035267 4.096088 -9.977780
v 4.067871 4.031488 -9.982632
v 4.109826 3.972268 -9.989750
v 4.160250 3.919599 -9.998538
v 4.218016 3.874418 -10.008436
v 4.281892 3.837119 -10.018769
v 4.350452 3.807459 -10.028938
v 4.422227 3.784764 -10.038565
v 4.496082 3.768070 -10.047567
v 4.571222 3.756422 -10.056026
v 4.647099 3.749011 -10.064101
v 4.723355 3.745223 -10.071958
v 4.799758 3.744631 -10.079732
v 4.876145 3.746996 -10.087509
v 4.952388 3.752230 -10.095309
v 5.028356 3.760430 -10.103083
v 5.103882 3.771813 -10.110715
v 5.178729 3.786775 -10.118023
v 5.252527 3.805870 -10.124775
v 5.324708 3.829826 -10.130705
v 5.394440 3.859492 -10.135567
v 5.460534 3.895718 -10.139191
v 5.521386 3.939068 -10.141688
v 5.575369 3.989712 -10.143336
v 5.621000 4.047196 -10.144525
v 5.657083 4.110398 -10.145539
v 5.683006 4.177877 -10.146706
v 5.698333 4.248805 -10.147557
v 5.704365 4.319938 -10.150264
v 4.020763 4.240245 -9.868764
v 4.034858 4.169046 -9.869089
v 4.056412 4.098797 -9.871854
v 4.087881 4.033482 -9.875809
v 4.128452 3.973133 -9.881642
v 4.177411 3.918927 -9.889095
v 4.233813 3.871796 -9.897753
v 4.296364 3.832243 -9.907148
v 4.363794 3.800222 -9.916667
v 4.434766 3.775220 -9.926004
v 4.508101 3.756477 -9.934928
v 4.582982 3.743125 -9.943460
v 4.658810 3.734397 -9.951678
v 4.735172 3.729688 -9.959684
v 4.811777 3.728571 -9.967574
v 4.888408 3.730790 -9.975410
v 4.964879 3.736268 -9.983199
v 5.041005 3.745069 -9.990892
v 5.116562 3.757424 -9.998390
v 5.191249 3.773721 -10.005531
v 5.264636 3.794504 -10.012130
v 5.336100 3.820452 -10.017993
v 5.404788 3.852325 -10.022917
v 5.469476 3.890735 -10.026911
v 5.528791 3.936042 -10.030040
v 5.581467 3.988124 -10.032631
v 5.626338 4.046406 -10.034857
v 5.662339 4.110137 -10.036805
v 5.688242 4.178318 -10.038584
v 5.703093 4.250039 -10.039668
v 5.708399 4.321959 -10.041412
v 4.055294 4.244143 -9.766681
v 4.060312 4.173084 -9.764544
v 4.078928 4.102597 -9.766408
v 4.107681 4.036509 -9.769012
v 4.146260 3.975008 -9.773582
v 4.193849 3.919465 -9.779808
v 4.249155 3.870822 -9.787313
v 4.310764 3.829585 -9.795672
v 4.377363 3.795778 -9.804426
v 4.447679 3.769036 -9.813231
v 4.520554 3.748712 -9.821846
v 4.595151 3.734021 -9.830238
v 4.670843 3.724242 -9.838421
v 4.747181 3.718789 -9.846446
v 4.823833 3.717238 -9.854368
v 4.900539 3.719333 -9.862224
v 4.977070 3.724989 -9.870007
v 5.053199 3.734266 -9.877675
v 5.128654 3.747389 -9.885136
v 5.203093 3.764736 -9.892267
v 5.276044 3.786830 -9.898923
v 5.346849 3.814309 -9.904959
v 5.414642 3.847850 -9.910223
v 5.478207 3.887966 -9.914752
v 5.536191 3.934921 -9.918633
v 5.587140 3.988622 -9.922058
v 5.629316 4.048541 -9.925179
v 5.660982 4.113638 -9.928161
v 5.681043 4.182243 -9.931073
v 5.689854 4.253006 -9.933116
v 5.686924 4.323084 -9.935305
v 4.055726 4.246021 -9.658099
v 4.069830 4.174304 -9.657331
v 4.090751 4.103550 -9.659009
v 4.121533 4.037538 -9.661417
v 4.161166 3.976119 -9.665367
v 4.208820 3.920265 -9.670668
v 4.263693 3.870857 -9.677092
v 4.324728 3.828525 -9.684415
v 4.390761 3.793457 -9.692273
v 4.460588 3.765452 -9.700392
v 4.533100 3.743958 -9.708535
v 4.607448 3.728263 -9.716627
v 4.682986 3.717687 -9.724641
v 4.759240 3.711661 -9.732580
v 4.835855 3.709775 -9.740469
v 4.912541 3.711766 -9.748313
v 4.989039 3.717550 -9.756100
v 5.065087 3.727182 -9.763788
v 5.140387 3.740881 -9.771304
v 5.214561 3.759017 -9.778555
v 5.287114 3.782092 -9.785432
v 5.357361 3.810710 -9.791828
v 5.424413 3.845492 -9.797629
v 5.487090 3.886887 -9.802867
v 5.544114 3.934993 -9.807582
v 5.594238 3.989533 -9.811886
v 5.636365 4.049774 -9.815844
v 5.669760 4.114677 -9.819579
v 5.693892 4.183062 -9.823217
v 5.708147 4.254442 -9.826159
v 5.714180 4.326281 -9.829916
v 4.084706 4.249578 -9.554178
v 4.090418 4.178334 -9.551921
v 4.109552 4.107347 -9.553093
v 4.138117 4.040862 -9.554442
v 4.176133 3.978638 -9.557314
v 4.222913 3.921979 -9.561554
v 4.277310 3.871841 -9.566944
v 4.337988 3.828736 -9.573242
v 4.403685 3.792836 -9.580183
v 4.473212 3.763984 -9.587531
v 4.545484 3.741690 -9.595099
v 4.619654 3.725300 -9.602787
v 4.695065 3.714165 -9.610535
v 4.771235 3.707739 -9.618316
v 4.847787 3.705610 -9.626119
v 4.924417 3.707523 -9.633931
v 5.000845 3.713396 -9.641732
v 5.076791 3.723267 -9.649482
v 5.151935 3.737366 -9.657127
v 5.225882 3.756047 -9.664599
v 5.298114 3.779799 -9.671823
v 5.367930 3.809196 -9.678717
v 5.434435 3.844811 -9.685197
v 5.496486 3.887022 -9.691248
v 5.552906 3.935826 -9.696866
v 5.602527 3.990896 -9.702073
v 5.644316 4.051533 -9.706882
v 5.677382 4.116808 -9.711300
v 5.700932 4.185611 -9.715353
v 5.714335 4.257251 -9.718250
v 5.716862 4.328595 -9.721269
v 4.081760 4.251274 -9.445865
v 4.096303 4.179290 -9.444820
v 4.117348 4.108256 -9.445675
v 4.148262 4.041886 -9.446740
v 4.187960 3.980094 -9.449097
v 4.235473 3.923705 -9.452523
v 4.289954 3.873470 -9.456913
v 4.350502 3.830020 -9.462170
v 4.416029 3.793676 -9.468153
v 4.485394 3.764345 -9.474682
v 4.557548 3.741588 -9.481612
v 4.631623 3.724794 -9.488829
v 4.706964 3.713336 -9.496252
v 4.783076 3.706669 -9.503824
v 4.859580 3.704392 -9.511510
v 4.936160 3.706261 -9.519279
v 5.012528 3.712176 -9.527103
v 5.088390 3.722197 -9.534948
v 5.163418 3.736525 -9.542776
v 5.237205 3.755517 -9.550540
v 5.309220 3.779655 -9.558192
v 5.378755 3.809491 -9.565674
v 5.444900 3.845555 -9.572917
v 5.506542 3.888203 -9.579853
v 5.562513 3.937416 -9.586430
v 5.611633 3.992842 -9.592575
v 5.652881 4.053763 -9.598212
v 5.685454 4.119207 -9.603271
v 5.708719 4.188022 -9.607610
v 5.722211 4.259533 -9.610283
v 5.726587 4.331102 -9.613071
v 4.112218 4.255084 -9.342424
v 4.117746 4.183941 -9.339931
v 4.136427 4.113214 -9.339952
v 4.164348 4.046638 -9.339997
v 4.201591 3.984007 -9.341149
v 4.247721 3.926809 -9.343451
v 4.301705 3.876089 -9.346793
v 4.362157 3.832393 -9.351048
v 4.427668 3.795865 -9.356101
v 4.497031 3.766382 -9.361826
v 4.569185 3.743484 -9.368108
v 4.643262 3.726564 -9.374836
v 4.718601 3.715003 -9.381912
v 4.794707 3.708264 -9.389257
v 4.871199 3.705946 -9.396815
v 4.947762 3.707800 -9.404539
v 5.024103 3.713729 -9.412393
v 5.099928 3.723788 -9.420350
v 5.174902 3.738182 -9.428388
v 5.248614 3.757263 -9.436483
v 5.320531 3.781508 -9.444607
v 5.389945 3.811463 -9.452712
v 5.455932 3.847631 -9.460744
v 5.517428 3.890368 -9.468579
v 5.573208 3.939724 -9.476107
v 5.621988 3.995362 -9.483138
v 5.662529 4.056611 -9.489503
v 5.693752 4.122378 -9.495017
v 5.714766 4.191249 -9.499496
v 5.725258 4.262565 -9.502148
v 5.723728 4.333102 -9.504346
v 4.105690 4.256748 -9.234561
v 4.117853 4.185059 -9.232086
v 4.139027 4.113861 -9.232210
v 4.169785 4.047408 -9.231852
v 4.209603 3.985569 -9.232559
v 4.257376 3.929181 -9.234143
v 4.312128 3.879018 -9.236602
v 4.372907 3.835632 -9.239899
v 4.438614 3.799339 -9.244049
v 4.508112 3.770054 -9.248983
v 4.580379 3.747329 -9.254641
v 4.654543 3.730561 -9.260898
v 4.729946 3.719125 -9.267639
v 4.806098 3.712480 -9.274766
v 4.882620 3.710214 -9.282200
v 4.959205 3.712088 -9.289882
v 5.035564 3.717998 -9.297767
v 5.111403 3.728005 -9.305840
v 5.186392 3.742301 -9.314091
v 5.260120 3.761249 -9.322521
v 5.332056 3.785326 -9.331118
v 5.401495 3.815073 -9.339854
v 5.467515 3.850995 -9.348686
v 5.529098 3.893446 -9.357444
v 5.585151 3.942404 -9.365975
v 5.634614 3.997468 -9.374018
v 5.676680 4.057960 -9.381371
v 5.710608 4.123037 -9.387830
v 5.735572 4.191792 -9.393374
v 5.750743 4.263803 -9.397311
v 5.757866 4.336133 -9.401651
v 4.113988 4.259282 -9.126741
v 4.128370 4.187891 -9.125515
v 4.149619 4.117147 -9.125230
v 4.180360 4.051035 -9.124505
v 4.219739 3.989278 -9.124351
v 4.267165 3.932962 -9.124947
v 4.321885 3.882963 -9.126362
v 4.382893 3.839945 -9.128673
v 4.448884 3.804144 -9.131956
v 4.518647 3.775395 -9.136160
v 4.591142 3.753170 -9.141256
v 4.665478 3.736837 -9.147099
v 4.741004 3.725750 -9.153557
v 4.817244 3.719360 -9.160504
v 4.893832 3.717263 -9.167839
v 4.970468 3.719187 -9.175485
v 5.046878 3.725051 -9.183400
v 5.122780 3.734891 -9.191572
v 5.197848 3.748936 -9.200010
v 5.271680 3.767530 -9.208737
v 5.343749 3.791163 -9.217772
v 5.413352 3.820399 -9.227103
v 5.479556 3.855758 -9.236703
v 5.541342 3.897643 -9.246368
v 5.597565 3.946085 -9.255896
v 5.647044 4.000730 -9.264946
v 5.688683 4.061031 -9.273204
v 5.721402 4.126259 -9.280349
v 5.744125 4.195350 -9.286150
v 5.756375 4.267350 -9.289911
v 5.758710 4.338751 -9.292936
v 4.140116 4.262911 -9.021621
v 4.144537 4.192011 -9.019145
v 4.162467 4.121655 -9.018279
v 4.190208 4.055320 -9.016650
v 4.228002 3.993278 -9.015615
v 4.275177 3.937009 -9.015277
v 4.330364 3.887542 -9.015804
v 4.391986 3.845318 -9.017262
v 4.458519 3.810424 -9.019787
v 4.528719 3.782576 -9.023384
v 4.601552 3.761184 -9.028030
v 4.676130 3.745574 -9.033559
v 4.751823 3.735073 -9.039815
v 4.828170 3.729111 -9.046643
v 4.904829 3.727267 -9.053916
v 4.981522 3.729282 -9.061542
v 5.057993 3.735060 -9.069474
v 5.133981 3.744652 -9.077709
v 5.209177 3.758272 -9.086276
v 5.283191 3.776286 -9.095228
v 5.355510 3.799197 -9.104613
v 5.425437 3.827604 -9.114450
v 5.492030 3.862087 -9.124722
v 5.554214 3.903147 -9.135206
v 5.610692 3.950995 -9.145614
v 5.659851 4.005476 -9.155520
v 5.699942 4.066048 -9.164531
v 5.729393 4.131576 -9.172232
v 5.747756 4.200244 -9.178269
v 5.756027 4.270867 -9.181723
v 5.753578 4.340772 -9.183888
v 4.123706 4.264077 -8.915067
v 4.136197 4.192458 -8.911798
v 4.158207 4.121667 -8.910400
v 4.190308 4.056118 -8.908124
v 4.231761 3.995556 -8.906414
v 4.281331 3.940915 -8.905358
v 4.337945 3.892885 -8.905070
v 4.400492 3.852007 -8.905758
v 4.467735 3.818439 -8.907623
v 4.538506 3.791879 -8.910748
v 4.611760 3.771682 -8.915087
v 4.686625 3.757105 -8.920439
v 4.762488 3.747431 -8.926608
v 4.838923 3.742067 -8.933400
v 4.915616 3.740584 -8.940660
v 4.992324 3.742720 -8.948278
v 5.068823 3.748377 -8.956208
v 5.144882 3.757610 -8.964451
v 5.220220 3.770637 -8.973063
v 5.294471 3.787833 -8.982127
v 5.367137 3.809725 -8.991737
v 5.437538 3.836952 -9.001950
v 5.504733 3.870167 -9.012777
v 5.567613 3.909932 -9.024022
v 5.624953 3.956517 -9.035326
v 5.675470 4.009715 -9.046282
v 5.718087 4.068870 -9.056521
v 5.752020 4.133049 -9.065826
v 5.776627 4.201005 -9.073866
v 5.791034 4.272377 -9.079843
v 5.797136 4.344455 -9.085181
v 4.125074 4.266243 -8.806980
v 4.140263 4.195077 -8.804723
v 4.163196 4.125083 -8.802801
v 4.195933 4.060194 -8.799949
v 4.237700 4.000300 -8.797387
v 4.287763 3.946479 -8.795362
v 4.345171 3.899656 -8.794175
v 4.408630 3.860351 -8.794148
v 4.476745 3.828558 -8.795517
v 4.548233 3.803750 -8.798383
v 4.621979 3.785166 -8.802616
v 4.697133 3.771964 -8.807974
v 4.773121 3.763375 -8.814202
v 4.849565 3.758788 -8.821061
v 4.926198 3.757768 -8.828368
v 5.002818 3.760053 -8.835991
v 5.079252 3.765547 -8.843887
v 5.155310 3.774308 -8.852065
v 5.230752 3.786558 -8.860604
v 5.305248 3.802680 -8.869629
v 5.378336 3.823221 -8.879283
v 5.449355 3.848869 -8.889686
v 5.517381 3.880368 -8.900885
v 5.581227 3.918380 -8.912772
v 5.639616 3.963369 -8.924957
v 5.691184 4.015323 -8.936993
v 5.734576 4.073709 -8.948333
v 5.768654 4.137508 -8.958429
v 5.792448 4.205451 -8.966957
v 5.805459 4.276432 -8.972899
v 5.806439 4.347387 -8.976652
v 4.143787 4.269876 -8.700101
v 4.149861 4.199174 -8.697260
v 4.169675 4.129671 -8.694861
v 4.200624 4.064939 -8.691230
v 4.242174 4.005530 -8.687795
v 4.293111 3.952872 -8.684893
v 4.351846 3.907864 -8.682964
v 4.416632 3.870801 -8.682453
v 4.485898 3.841411 -8.683627
v 4.558234 3.818935 -8.686536
v 4.632490 3.802437 -8.690945
v 4.707870 3.790973 -8.696546
v 4.783863 3.783735 -8.703014
v 4.860163 3.780101 -8.710061
v 4.936564 3.779642 -8.717478
v 5.012926 3.782102 -8.725118
v 5.089128 3.787383 -8.732938
v 5.165039 3.795557 -8.740953
v 5.240477 3.806837 -8.749275
v 5.315162 3.821609 -8.758061
v 5.388690 3.840436 -8.767516
v 5.460438 3.864051 -8.777841
v 5.529508 3.893306 -8.789165
v 5.594655 3.929035 -8.801476
v 5.654440 3.971925 -8.814458
v 5.707342 4.022165 -8.827534
v 5.751887 4.079250 -8.839940
v 5.786986 4.142131 -8.851022
v 5.812056 4.209316 -8.860206
v 5.826854 4.279686 -8.866397
v 5.831619 4.350676 -8.871071
v 4.131309 4.271394 -8.592671
v 4.142925 4.200703 -8.589182
v 4.166175 4.131650 -8.586264
v 4.200212 4.068210 -8.581922
v 4.244472 4.010664 -8.577668
v 4.297759 3.960374 -8.574020
v 4.358540 3.918186 -8.571603
v 4.425104 3.884261 -8.570945
v 4.495746 3.858047 -8.572347
v 4.568954 3.838558 -8.575703
v 4.643628 3.824656 -8.580652
v 4.719066 3.815306 -8.586791
v 4.794839 3.809675 -8.593718
v 4.870754 3.807156 -8.601088
v 4.946676 3.807337 -8.608687
v 5.022527 3.810002 -8.616351
v 5.098254 3.815020 -8.624042
v 5.173795 3.822492 -8.631776
v 5.249033 3.832612 -8.639701
v 5.323759 3.845755 -8.647993
v 5.397652 3.862480 -8.656931
v 5.470168 3.883554 -8.666803
v 5.540455 3.909923 -8.677872
v 5.607289 3.942629 -8.690254
v 5.669050 3.982571 -8.703783
v 5.723999 4.030209 -8.717779
v 5.770521 4.085257 -8.731388
v 5.807374 4.146625 -8.743630
v 5.833811 4.212826 -8.753623
v 5.849261 4.282896 -8.760360
v 5.853932 4.353916 -8.764673
v 4.123036 4.272988 -8.484781
v 4.138573 4.202648 -8.481342
v 4.163824 4.134623 -8.477562
v 4.200124 4.072643 -8.472362
v 4.246833 4.017323 -8.467225
v 4.302749 3.970101 -8.462934
v 4.366091 3.931739 -8.460368
v 4.434805 3.902046 -8.460144
v 4.506912 3.879988 -8.462385
v 4.580848 3.864212 -8.466770
v 4.655683 3.853404 -8.472734
v 4.730870 3.846504 -8.479774
v 4.806089 3.842686 -8.487409
v 4.881295 3.841403 -8.495256
v 4.956419 3.842284 -8.503121
v 5.031449 3.845148 -8.510798
v 5.106394 3.849872 -8.518305
v 5.181274 3.856549 -8.525614
v 5.256039 3.865351 -8.532934
v 5.330545 3.876625 -8.540425
v 5.404607 3.890884 -8.548437
v 5.477785 3.908901 -8.557347
v 5.549341 3.931684 -8.567582
v 5.618145 3.960438 -8.579444
v 5.682538 3.996353 -8.592958
v 5.740464 4.040335 -8.607612
v 5.789801 4.092533 -8.622316
v 5.828465 4.152158 -8.635695
v 5.854532 4.217641 -8.646465
v 5.867018 4.287057 -8.653077
v 5.865830 4.356947 -8.656009
v 4.128065 4.275930 -8.376132
v 4.137341 4.206051 -8.372844
v 4.161952 4.138808 -8.368388
v 4.199734 4.078388 -8.362251
v 4.249493 4.026079 -8.356306
v 4.309001 3.983325 -8.351841
v 4.375614 3.950408 -8.349935
v 4.446648 3.926326 -8.351124
v 4.519975 3.909420 -8.355125
v 4.594213 3.897965 -8.361306
v 4.668746 3.890593 -8.368839
v 4.743245 3.886316 -8.377195
v 4.817499 3.884405 -8.385804
v 4.891619 3.884389 -8.394278
v 4.965598 3.885949 -8.402533
v 5.039444 3.889011 -8.410205
v 5.113261 3.893389 -8.417450
v 5.187159 3.899242 -8.424154
v 5.261137 3.906672 -8.430644
v 5.335076 3.915961 -8.436998
v 5.408973 3.927510 -8.443618
v 5.482506 3.942078 -8.450924
v 5.555121 3.960632 -8.459517
v 5.625917 3.984450 -8.469916
v 5.693364 4.015041 -8.482535
v 5.755212 4.053817 -8.497153
v 5.808880 4.101556 -8.512749
v 5.851937 4.157920 -8.527776
v 5.882698 4.221362 -8.540642
v 5.900646 4.290025 -8.549823
v 5.907377 4.360702 -8.556047
v 4.112603 4.277188 -8.268821
v 4.127667 4.207861 -8.264392
v 4.156411 4.142532 -8.258736
v 4.198948 4.085462 -8.251541
v 4.253917 4.038397 -8.245265
v 4.318323 4.002589 -8.241673
v 4.388469 3.977170 -8.241984
v 4.461322 3.960000 -8.246039
v 4.535125 3.948897 -8.252994
v 4.608912 3.941960 -8.261818
v 4.682508 3.938017 -8.271474
v 4.755836 3.936236 -8.281557
v 4.828588 3.936041 -8.291351
v 4.901330 3.937261 -8.300548
v 4.973835 3.939437 -8.309203
v 5.046211 3.942682 -8.316827
v 5.118631 3.946597 -8.323723
v 5.191280 3.951713 -8.329724
v 5.264192 3.957792 -8.335257
v 5.337162 3.965201 -8.340200
v 5.410398 3.974145 -8.344976
v 5.483767 3.985227 -8.349957
v 5.556921 3.999200 -8.355912
v 5.629327 4.017326 -8.363559
v 5.699756 4.041292 -8.373804
v 5.766079 4.073065 -8.386978
v 5.825287 4.114434 -8.402695
v 5.873754 4.166164 -8.419161
v 5.908479 4.227038 -8.433950
v 5.928138 4.294508 -8.444463
v 5.932660 4.364261 -8.449842
v 4.103162 4.279006 -8.160342
v 4.118732 4.210829 -8.155563
v 4.151578 4.148017 -8.148520
v 4.200803 4.096405 -8.140548
v 4.262913 4.057892 -8.135229
v 4.332546 4.032007 -8.134960
v 4.405221 4.015769 -8.139881
v 4.478517 4.006047 -8.148638
v 4.551552 4.000521 -8.159669
v 4.623856 3.997410 -8.171723
v 4.695952 3.996525 -8.183873
v 4.767619 3.996842 -8.195770
v 4.838541 3.997823 -8.206514
v 4.909638 4.000299 -8.216729
v 4.980679 4.002743 -8.225597
v 5.051520 4.006162 -8.233192
v 5.122451 4.009449 -8.239506
v 5.193742 4.014177 -8.245009
v 5.265500 4.019005 -8.249385
v 5.337112 4.024967 -8.252889
v 5.409220 4.031759 -8.255763
v 5.481819 4.039721 -8.257975
v 5.554746 4.049339 -8.260403
v 5.627752 4.061874 -8.263872
v 5.700245 4.078619 -8.269789
v 5.770648 4.101788 -8.279176
v 5.836288 4.134077 -8.292796
v 5.892574 4.178082 -8.309702
v 5.934603 4.233926 -8.326662
v 5.959327 4.298923 -8.339360
v 5.966681 4.367996 -8.346225
v 4.086473 4.280219 -8.052631
v 4.107234 4.213944 -8.046297
v 4.149607 4.156793 -8.037655
v 4.209374 4.115751 -8.030528
v 4.278944 4.090354 -8.030172
v 4.351696 4.076350 -8.037017
v 4.424321 4.069136 -8.049054
v 4.496113 4.065776 -8.063857
v 4.567213 4.064597 -8.079393
v 4.637399 4.063909 -8.094023
v 4.707377 4.065659 -8.109373
v 4.777431 4.067111 -8.122347
v 4.846580 4.068608 -8.133230
v 4.915926 4.072426 -8.145840
v 4.985843 4.074529 -8.153588
v 5.055192 4.078424 -8.161776
v 5.124833 4.080715 -8.166557
v 5.194721 4.085710 -8.173182
v 5.265366 4.089263 -8.175373
v 5.335537 4.094391 -8.177663
v 5.406423 4.099710 -8.178946
v 5.477911 4.105386 -8.178484
v 5.549765 4.111543 -8.177136
v 5.622058 4.119759 -8.176036
v 5.694977 4.130028 -8.176000
v 5.767507 4.144498 -8.178684
v 5.838429 4.165735 -8.186295
v 5.903891 4.197664 -8.199921
v 5.957343 4.243807 -8.217837
v 5.991737 4.304153 -8.234109
v 6.004430 4.371860 -8.243787
v 4.067075 4.281303 -7.944782
v 4.100306 4.219519 -7.936025
v 4.158142 4.175868 -7.927410
v 4.228230 4.152780 -7.927588
v 4.300722 4.142471 -7.938153
v 4.372093 4.138812 -7.955294
v 4.441992 4.137965 -7.975037
v 4.511001 4.138800 -7.995331
v 4.579862 4.140426 -8.014715
v 4.648092 4.140732 -8.030390
v 4.715382 4.144601 -8.050995
v 4.784606 4.146305 -8.062356
v 4.852232 4.148230 -8.072642
v 4.919691 4.153014 -8.090444
v 4.988973 4.154358 -8.094098
v 5.057177 4.159092 -8.103621
v 5.126064 4.160307 -8.105978
v 5.194275 4.165990 -8.117284
v 5.263837 4.168159 -8.114589
v 5.332664 4.172970 -8.115937
v 5.402870 4.177102 -8.116217
v 5.473503 4.181767 -8.114129
v 5.543746 4.185268 -8.108812
v 5.614508 4.191400 -8.104849
v 5.686310 4.197022 -8.098739
v 5.757997 4.205110 -8.093574
v 5.830689 4.216017 -8.091205
v 5.902564 4.233459 -8.095056
v 5.968781 4.263266 -8.108050
v 6.019464 4.311768 -8.126835
v 6.044981 4.375638 -8.141685
v 4.052080 4.282002 -7.833755
v 4.109833 4.236462 -7.826711
v 4.180603 4.218768 -7.828980
v 4.251437 4.213944 -7.846376
v 4.319728 4.213596 -7.871078
v 4.386520 4.214855 -7.897525
v 4.453334 4.216536 -7.922139
v 4.519886 4.218878 -7.946475
v 4.587121 4.221361 -7.968040
v 4.655339 4.223176 -7.983193
v 4.717984 4.227166 -8.014143
v 4.787751 4.228765 -8.016152
v 4.855963 4.231665 -8.027568
v 4.920269 4.235917 -8.054710
v 4.989614 4.237570 -8.048286
v 5.057443 4.241683 -8.062172
v 5.126822 4.243970 -8.060116
v 5.192680 4.248838 -8.081961
v 5.260892 4.250788 -8.067982
v 5.329926 4.254938 -8.070705
v 5.399816 4.258790 -8.070520
v 5.469747 4.262918 -8.069157
v 5.538662 4.265714 -8.057549
v 5.608596 4.270876 -8.056694
v 5.678083 4.274889 -8.043825
v 5.748163 4.279829 -8.032692
v 5.818871 4.285426 -8.020579
v 5.890374 4.292739 -8.010151
v 5.962483 4.304779 -8.006990
v 6.029334 4.330245 -8.018724
v 6.080655 4.379762 -8.035427
vt 0.341753 0.755575
vt 0.343723 0.755575
vt 0.345693 0.755575
vt 0.347663 0.755575
vt 0.349634 0.755575
vt 0.351604 0.755575
vt 0.353574 0.755575
vt 0.355544 0.755575
vt 0.357514 0.755575
vt 0.359485 0.755575
vt 0.361455 0.755575
vt 0.363425 0.755575
vt 0.365395 0.755575
vt 0.367365 0.755575
vt 0.369336 0.755575
vt 0.371306 0.755575
vt 0.373276 0.755575
vt 0.375246 0.755575
vt 0.377216 0.755575
vt 0.379187 0.755575
vt 0.381157 0.755575
vt 0.383127 0.755575
vt 0.385097 0.755575
vt 0.387067 0.755575
vt 0.389037 0.755575
vt 0.391008 0.755575
vt 0.392978 0.755575
vt 0.394948 0.755575
vt 0.396918 0.755575
vt 0.398888 0.755575
vt 0.400859 0.755575
vt 0.341753 0.814681
vt 0.343723 0.814681
vt 0.345693 0.814681
vt 0.347663 0.814681
vt 0.349634 0.814681
vt 0.351604 0.814681
vt 0.353574 0.814681
vt 0.355544 0.814681
vt 0.357514 0.814681
vt 0.359485 0.814681
vt 0.361455 0.814681
vt 0.363425 0.814681
vt 0.365395 0.814681
vt 0.367365 0.814681
vt 0.369336 0.814681
vt 0.371306 0.814681
vt 0.373276 0.814681
vt 0.375246 0.814681
vt 0.377216 0.814681
vt 0.379187 0.814681
vt 0.381157 0.814681
vt 0.383127 0.814681
vt 0.385097 0.814681
vt 0.387067 0.814681
vt 0.389037 0.814681
vt 0.391008 0.814681
vt 0.392978 0.814681
vt 0.394948 0.814681
vt 0.396918 0.814681
vt 0.398888 0.814681
vt 0.400859 0.814681
vt 0.341753 0.816651
vt 0.343723 0.816651
vt 0.345693 0.816651
vt 0.347663 0.816651
vt 0.349634 0.816651
vt 0.351604 0.816651
vt 0.353574 0.816651
vt 0.355544 0.816651
vt 0.357514 0.816651
vt 0.359485 0.816651
vt 0.361455 0.816651
vt 0.363425 0.816651
vt 0.365395 0.816651
vt 0.367365 0.816651
vt 0.369336 0.816651
vt 0.371306 0.816651
vt 0.373276 0.816651
vt 0.375246 0.816651
vt 0.377216 0.816651
vt 0.379187 0.816651
vt 0.381157 0.816651
vt 0.383127 0.816651
vt 0.385097 0.816651
vt 0.387067 0.816651
vt 0.389037 0.816651
vt 0.391008 0.816651
vt 0.392978 0.816651
vt 0.394948 0.816651
vt 0.396918 0.816651
vt 0.398888 0.816651
vt 0.400859 0.816651
vt 0.341753 0.818621
vt 0.343723 0.818621
vt 0.345693 0.818621
vt 0.347663 0.818621
vt 0.349634 0.818621
vt 0.351604 0.818621
vt 0.353574 0.818621
vt 0.355544 0.818621
vt 0.357514 0.818621
vt 0.359485 0.818621
vt 0.361455 0.818621
vt 0.363425 0.818621
vt 0.365395 0.818621
vt 0.367365 0.818621
vt 0.369336 0.818621
vt 0.371306 0.818621
vt 0.373276 0.818621
vt 0.375246 0.818621
vt 0.377216 0.818621
vt 0.379187 0.818621
vt 0.381157 0.818621
vt 0.383127 0.818621
vt 0.385097 0.818621
vt 0.387067 0.818621
vt 0.389037 0.818621
vt 0.391008 0.818621
vt 0.392978 0.818621
vt 0.394948 0.818621
vt 0.396918 0.818621
vt 0.398888 0.818621
vt 0.400859 0.818621
vt 0.341753 0.820591
vt 0.343723 0.820591
vt 0.345693 0.820591
vt 0.347663 0.820591
vt 0.349634 0.820591
vt 0.351604 0.820591
vt 0.353574 0.820591
vt 0.355544 0.820591
vt 0.357514 0.820591
vt 0.359485 0.820591
vt 0.361455 0.820591
vt 0.363425 0.820591
vt 0.365395 0.820591
vt 0.367365 0.820591
vt 0.369336 0.820591
vt 0.371306 0.820591
vt 0.373276 0.820591
vt 0.375246 0.820591
vt 0.377216 0.820591
vt 0.379187 0.820591
vt 0.381157 0.820591
vt 0.383127 0.820591
vt 0.385097 0.820591
vt 0.387067 0.820591
vt 0.389037 0.820591
vt 0.391008 0.820591
vt 0.392978 0.820591
vt 0.394948 0.820591
vt 0.396918 0.820591
vt 0.398888 0.820591
vt 0.400859 0.820591
vt 0.341753 0.822561
vt 0.343723 0.822561
vt 0.345693 0.822561
vt 0.347663 0.822561
vt 0.349634 0.822561
vt 0.351604 0.822561
vt 0.353574 0.822561
vt 0.355544 0.822561
vt 0.357514 0.822561
vt 0.359485 0.822561
vt 0.361455 0.822561
vt 0.363425 0.822561
vt 0.365395 0.822561
vt 0.367365 0.822561
vt 0.369336 0.822561
vt 0.371306 0.822561
vt 0.373276 0.822561
vt 0.375246 0.822561
vt 0.377216 0.822561
vt 0.379187 0.822561
vt 0.381157 0.822561
vt 0.383127 0.822561
vt 0.385097 0.822561
vt 0.387067 0.822561
vt 0.389037 0.822561
vt 0.391008 0.822561
vt 0.392978 0.822561
vt 0.394948 0.822561
vt 0.396918 0.822561
vt 0.398888 0.822561
vt 0.400859 0.822561
vt 0.341753 0.824531
vt 0.343723 0.824531
vt 0.345693 0.824531
vt 0.347663 0.824531
vt 0.349634 0.824531
vt 0.351604 0.824531
vt 0.353574 0.824531
vt 0.355544 0.824531
vt 0.357514 0.824531
vt 0.359485 0.824531
vt 0.361455 0.824531
vt 0.363425 0.824531
vt 0.365395 0.824531
vt 0.367365 0.824531
vt 0.369336 0.824531
vt 0.371306 0.824531
vt 0.373276 0.824531
vt 0.375246 0.824531
vt 0.377216 0.824531
vt 0.379187 0.824531
vt 0.381157 0.824531
vt 0.383127 0.824531
vt 0.385097 0.824531
vt 0.387067 0.824531
vt 0.389037 0.824531
vt 0.391008 0.824531
vt 0.392978 0.824531
vt 0.394948 0.824531
vt 0.396918 0.824531
vt 0.398888 0.824531
vt 0.400859 0.824531
vt 0.341753 0.826502
vt 0.343723 0.826502
vt 0.345693 0.826502
vt 0.347663 0.826502
vt 0.349634 0.826502
vt 0.351604 0.826502
vt 0.353574 0.826502
vt 0.355544 0.826502
vt 0.357514 0.826502
vt 0.359485 0.826502
vt 0.361455 0.826502
vt 0.363425 0.826502
vt 0.365395 0.826502
vt 0.367365 0.826502
vt 0.369336 0.826502
vt 0.371306 0.826502
vt 0.373276 0.826502
vt 0.375246 0.826502
vt 0.377216 0.826502
vt 0.379187 0.826502
vt 0.381157 0.826502
vt 0.383127 0.826502
vt 0.385097 0.826502
vt 0.387067 0.826502
vt 0.389037 0.826502
vt 0.391008 0.826502
vt 0.392978 0.826502
vt 0.394948 0.826502
vt 0.396918 0.826502
vt 0.398888 0.826502
vt 0.400859 0.826502
vt 0.341753 0.828472
vt 0.343723 0.828472
vt 0.345693 0.828472
vt 0.347663 0.828472
vt 0.349634 0.828472
vt 0.351604 0.828472
vt 0.353574 0.828472
vt 0.355544 0.828472
vt 0.357514 0.828472
vt 0.359485 0.828472
vt 0.361455 0.828472
vt 0.363425 0.828472
vt 0.365395 0.828472
vt 0.367365 0.828472
vt 0.369336 0.828472
vt 0.371306 0.828472
vt 0.373276 0.828472
vt 0.375246 0.828472
vt 0.377216 0.828472
vt 0.379187 0.828472
vt 0.381157 0.828472
vt 0.383127 0.828472
vt 0.385097 0.828472
vt 0.387067 0.828472
vt 0.389037 0.828472
vt 0.391008 0.828472
vt 0.392978 0.828472
vt 0.394948 0.828472
vt 0.396918 0.828472
vt 0.398888 0.828472
vt 0.400859 0.828472
vt 0.341753 0.830442
vt 0.343723 0.830442
vt 0.345693 0.830442
vt 0.347663 0.830442
vt 0.349634 0.830442
vt 0.351604 0.830442
vt 0.353574 0.830442
vt 0.355544 0.830442
vt 0.357514 0.830442
vt 0.359485 0.830442
vt 0.361455 0.830442
vt 0.363425 0.830442
vt 0.365395 0.830442
vt 0.367365 0.830442
vt 0.369336 0.830442
vt 0.371306 0.830442
vt 0.373276 0.830442
vt 0.375246 0.830442
vt 0.377216 0.830442
vt 0.379187 0.830442
vt 0.381157 0.830442
vt 0.383127 0.830442
vt 0.385097 0.830442
vt 0.387067 0.830442
vt 0.389037 0.830442
vt 0.391008 0.830442
vt 0.392978 0.830442
vt 0.394948 0.830442
vt 0.396918 0.830442
vt 0.398888 0.830442
vt 0.400859 0.830442
vt 0.341753 0.832412
vt 0.343723 0.832412
vt 0.345693 0.832412
vt 0.347663 0.832412
vt 0.349634 0.832412
vt 0.351604 0.832412
vt 0.353574 0.832412
vt 0.355544 0.832412
vt 0.357514 0.832412
vt 0.359485 0.832412
vt 0.361455 0.832412
vt 0.363425 0.832412
vt 0.365395 0.832412
vt 0.367365 0.832412
vt 0.369336 0.832412
vt 0.371306 0.832412
vt 0.373276 0.832412
vt 0.375246 0.832412
vt 0.377216 0.832412
vt 0.379187 0.832412
vt 0.381157 0.832412
vt 0.383127 0.832412
vt 0.385097 0.832412
vt 0.387067 0.832412
vt 0.389037 0.832412
vt 0.391008 0.832412
vt 0.392978 0.832412
vt 0.394948 0.832412
vt 0.396918 0.832412
vt 0.398888 0.832412
vt 0.400859 0.832412
vt 0.341753 0.834383
vt 0.343723 0.834383
vt 0.345693 0.834383
vt 0.347663 0.834383
vt 0.349634 0.834383
vt 0.351604 0.834383
vt 0.353574 0.834383
vt 0.355544 0.834383
vt 0.357514 0.834383
vt 0.359485 0.834383
vt 0.361455 0.834383
vt 0.363425 0.834383
vt 0.365395 0.834383
vt 0.367365 0.834383
vt 0.369336 0.834383
vt 0.371306 0.834383
vt 0.373276 0.834383
vt 0.375246 0.834383
vt 0.377216 0.834383
vt 0.379187 0.834383
vt 0.381157 0.834383
vt 0.383127 0.834383
vt 0.385097 0.834383
vt 0.387067 0.834383
vt 0.389037 0.834383
vt 0.391008 0.834383
vt 0.392978 0.834383
vt 0.394948 0.834383
vt 0.396918 0.834383
vt 0.398888 0.834383
vt 0.400859 0.834383
vt 0.341753 0.836353
vt 0.343723 0.836353
vt 0.345693 0.836353
vt 0.347663 0.836353
vt 0.349634 0.836353
vt 0.351604 0.836353
vt 0.353574 0.836353
vt 0.355544 0.836353
vt 0.357514 0.836353
vt 0.359485 0.836353
vt 0.361455 0.836353
vt 0.363425 0.836353
vt 0.365395 0.836353
vt 0.367365 0.836353
vt 0.369336 0.836353
vt 0.371306 0.836353
vt 0.373276 0.836353
vt 0.375246 0.836353
vt 0.377216 0.836353
vt 0.379187 0.836353
vt 0.381157 0.836353
vt 0.383127 0.836353
vt 0.385097 0.836353
vt 0.387067 0.836353
vt 0.389037 0.836353
vt 0.391008 0.836353
vt 0.392978 0.836353
vt 0.394948 0.836353
vt 0.396918 0.836353
vt 0.398888 0.836353
vt 0.400859 0.836353
vt 0.341753 0.838323
vt 0.343723 0.838323
vt 0.345693 0.838323
vt 0.347663 0.838323
vt 0.349634 0.838323
vt 0.351604 0.838323
vt 0.353574 0.838323
vt 0.355544 0.838323
vt 0.357514 0.838323
vt 0.359485 0.838323
vt 0.361455 0.838323
vt 0.363425 0.838323
vt 0.365395 0.838323
vt 0.367365 0.838323
vt 0.369336 0.838323
vt 0.371306 0.838323
vt 0.373276 0.838323
vt 0.375246 0.838323
vt 0.377216 0.838323
vt 0.379187 0.838323
vt 0.381157 0.838323
vt 0.383127 0.838323
vt 0.385097 0.838323
vt 0.387067 0.838323
vt 0.389037 0.838323
vt 0.391008 0.838323
vt 0.392978 0.838323
vt 0.394948 0.838323
vt 0.396918 0.838323
vt 0.398888 0.838323
vt 0.400859 0.838323
vt 0.341753 0.840293
vt 0.343723 0.840293
vt 0.345693 0.840293
vt 0.347663 0.840293
vt 0.349634 0.840293
vt 0.351604 0.840293
vt 0.353574 0.840293
vt 0.355544 0.840293
vt 0.357514 0.840293
vt 0.359485 0.840293
vt 0.361455 0.840293
vt 0.363425 0.840293
vt 0.365395 0.840293
vt 0.367365 0.840293
vt 0.369336 0.840293
vt 0.371306 0.840293
vt 0.373276 0.840293
vt 0.375246 0.840293
vt 0.377216 0.840293
vt 0.379187 0.840293
vt 0.381157 0.840293
vt 0.383127 0.840293
vt 0.385097 0.840293
vt 0.387067 0.840293
vt 0.389037 0.840293
vt 0.391008 0.840293
vt 0.392978 0.840293
vt 0.394948 0.840293
vt 0.396918 0.840293
vt 0.398888 0.840293
vt 0.400859 0.840293
vt 0.341753 0.842263
vt 0.343723 0.842263
vt 0.345693 0.842263
vt 0.347663 0.842263
vt 0.349634 0.842263
vt 0.351604 0.842263
vt 0.353574 0.842263
vt 0.355544 0.842263
vt 0.357514 0.842263
vt 0.359485 0.842263
vt 0.361455 0.842263
vt 0.363425 0.842263
vt 0.365395 0.842263
vt 0.367365 0.842263
vt 0.369336 0.842263
vt 0.371306 0.842263
vt 0.373276 0.842263
vt 0.375246 0.842263
vt 0.377216 0.842263
vt 0.379187 0.842263
vt 0.381157 0.842263
vt 0.383127 0.842263
vt 0.385097 0.842263
vt 0.387067 0.842263
vt 0.389037 0.842263
vt 0.391008 0.842263
vt 0.392978 0.842263
vt 0.394948 0.842263
vt 0.396918 0.842263
vt 0.398888 0.842263
vt 0.400859 0.842263
vt 0.341753 0.844234
vt 0.343723 0.844234
vt 0.345693 0.844234
vt 0.347663 0.844234
vt 0.349634 0.844234
vt 0.351604 0.844234
vt 0.353574 0.844234
vt 0.355544 0.844234
vt 0.357514 0.844234
vt 0.359485 0.844234
vt 0.361455 0.844234
vt 0.363425 0.844234
vt 0.365395 0.844234
vt 0.367365 0.844234
vt 0.369336 0.844234
vt 0.371306 0.844234
vt 0.373276 0.844234
vt 0.375246 0.844234
vt 0.377216 0.844234
vt 0.379187 0.844234
vt 0.381157 0.844234
vt 0.383127 0.844234
vt 0.385097 0.844234
vt 0.387067 0.844234
vt 0.389037 0.844234
vt 0.391008 0.844234
vt 0.392978 0.844234
vt 0.394948 0.844234
vt 0.396918 0.844234
vt 0.398888 0.844234
vt 0.400859 0.844234
vt 0.341753 0.846204
vt 0.343723 0.846204
vt 0.345693 0.846204
vt 0.347663 0.846204
vt 0.349634 0.846204
vt 0.351604 0.846204
vt 0.353574 0.846204
vt 0.355544 0.846204
vt 0.357514 0.846204
vt 0.359485 0.846204
vt 0.361455 0.846204
vt 0.363425 0.846204
vt 0.365395 0.846204
vt 0.367365 0.846204
vt 0.369336 0.846204
vt 0.371306 0.846204
vt 0.373276 0.846204
vt 0.375246 0.846204
vt 0.377216 0.846204
vt 0.379187 0.846204
vt 0.381157 0.846204
vt 0.383127 0.846204
vt 0.385097 0.846204
vt 0.387067 0.846204
vt 0.389037 0.846204
vt 0.391008 0.846204
vt 0.392978 0.846204
vt 0.394948 0.846204
vt 0.396918 0.846204
vt 0.398888 0.846204
vt 0.400859 0.846204
vt 0.341753 0.848174
vt 0.343723 0.848174
vt 0.345693 0.848174
vt 0.347663 0.848174
vt 0.349634 0.848174
vt 0.351604 0.848174
vt 0.353574 0.848174
vt 0.355544 0.848174
vt 0.357514 0.848174
vt 0.359485 0.848174
vt 0.361455 0.848174
vt 0.363425 0.848174
vt 0.365395 0.848174
vt 0.367365 0.848174
vt 0.369336 0.848174
vt 0.371306 0.848174
vt 0.373276 0.848174
vt 0.375246 0.848174
vt 0.377216 0.848174
vt 0.379187 0.848174
vt 0.381157 0.848174
vt 0.383127 0.848174
vt 0.385097 0.848174
vt 0.387067 0.848174
vt 0.389037 0.848174
vt 0.391008 0.848174
vt 0.392978 0.848174
vt 0.394948 0.848174
vt 0.396918 0.848174
vt 0.398888 0.848174
vt 0.400859 0.848174
vt 0.341753 0.850144
vt 0.343723 0.850144
vt 0.345693 0.850144
vt 0.347663 0.850144
vt 0.349634 0.850144
vt 0.351604 0.850144
vt 0.353574 0.850144
vt 0.355544 0.850144
vt 0.357514 0.850144
vt 0.359485 0.850144
vt 0.361455 0.850144
vt 0.363425 0.850144
vt 0.365395 0.850144
vt 0.367365 0.850144
vt 0.369336 0.850144
vt 0.371306 0.850144
vt 0.373276 0.850144
vt 0.375246 0.850144
vt 0.377216 0.850144
vt 0.379187 0.850144
vt 0.381157 0.850144
vt 0.383127 0.850144
vt 0.385097 0.850144
vt 0.387067 0.850144
vt 0.389037 0.850144
vt 0.391008 0.850144
vt 0.392978 0.850144
vt 0.394948 0.850144
vt 0.396918 0.850144
vt 0.398888 0.850144
vt 0.400859 0.850144
vt 0.341753 0.852114
vt 0.343723 0.852114
vt 0.345693 0.852114
vt 0.347663 0.852114
vt 0.349634 0.852114
vt 0.351604 0.852114
vt 0.353574 0.852114
vt 0.355544 0.852114
vt 0.357514 0.852114
vt 0.359485 0.852114
vt 0.361455 0.852114
vt 0.363425 0.852114
vt 0.365395 0.852114
vt 0.367365 0.852114
vt 0.369336 0.852114
vt 0.371306 0.852114
vt 0.373276 0.852114
vt 0.375246 0.852114
vt 0.377216 0.852114
vt 0.379187 0.852114
vt 0.381157 0.852114
vt 0.383127 0.852114
vt 0.385097 0.852114
vt 0.387067 0.852114
vt 0.389037 0.852114
vt 0.391008 0.852114
vt 0.392978 0.852114
vt 0.394948 0.852114
vt 0.396918 0.852114
vt 0.398888 0.852114
vt 0.400859 0.852114
vt 0.341753 0.854084
vt 0.343723 0.854084
vt 0.345693 0.854084
vt 0.347663 0.854084
vt 0.349634 0.854084
vt 0.351604 0.854084
vt 0.353574 0.854084
vt 0.355544 0.854084
vt 0.357514 0.854084
vt 0.359485 0.854084
vt 0.361455 0.854084
vt 0.363425 0.854084
vt 0.365395 0.854084
vt 0.367365 0.854084
vt 0.369336 0.854084
vt 0.371306 0.854084
vt 0.373276 0.854084
vt 0.375246 0.854084
vt 0.377216 0.854084
vt 0.379187 0.854084
vt 0.381157 0.854084
vt 0.383127 0.854084
vt 0.385097 0.854084
vt 0.387067 0.854084
vt 0.389037 0.854084
vt 0.391008 0.854084
vt 0.392978 0.854084
vt 0.394948 0.854084
vt 0.396918 0.854084
vt 0.398888 0.854084
vt 0.400859 0.854084
vt 0.341753 0.856055
vt 0.343723 0.856055
vt 0.345693 0.856055
vt 0.347663 0.856055
vt 0.349634 0.856055
vt 0.351604 0.856055
vt 0.353574 0.856055
vt 0.355544 0.856055
vt 0.357514 0.856055
vt 0.359485 0.856055
vt 0.361455 0.856055
vt 0.363425 0.856055
vt 0.365395 0.856055
vt 0.367365 0.856055
vt 0.369336 0.856055
vt 0.371306 0.856055
vt 0.373276 0.856055
vt 0.375246 0.856055
vt 0.377216 0.856055
vt 0.379187 0.856055
vt 0.381157 0.856055
vt 0.383127 0.856055
vt 0.385097 0.856055
vt 0.387067 0.856055
vt 0.389037 0.856055
vt 0.391008 0.856055
vt 0.392978 0.856055
vt 0.394948 0.856055
vt 0.396918 0.856055
vt 0.398888 0.856055
vt 0.400859 0.856055
vt 0.341753 0.858025
vt 0.343723 0.858025
vt 0.345693 0.858025
vt 0.347663 0.858025
vt 0.349634 0.858025
vt 0.351604 0.858025
vt 0.353574 0.858025
vt 0.355544 0.858025
vt 0.357514 0.858025
vt 0.359485 0.858025
vt 0.361455 0.858025
vt 0.363425 0.858025
vt 0.365395 0.858025
vt 0.367365 0.858025
vt 0.369336 0.858025
vt 0.371306 0.858025
vt 0.373276 0.858025
vt 0.375246 0.858025
vt 0.377216 0.858025
vt 0.379187 0.858025
vt 0.381157 0.858025
vt 0.383127 0.858025
vt 0.385097 0.858025
vt 0.387067 0.858025
vt 0.389037 0.858025
vt 0.391008 0.858025
vt 0.392978 0.858025
vt 0.394948 0.858025
vt 0.396918 0.858025
vt 0.398888 0.858025
vt 0.400859 0.858025
vt 0.341753 0.859995
vt 0.343723 0.859995
vt 0.345693 0.859995
vt 0.347663 0.859995
vt 0.349634 0.859995
vt 0.351604 0.859995
vt 0.353574 0.859995
vt 0.355544 0.859995
vt 0.357514 0.859995
vt 0.359485 0.859995
vt 0.361455 0.859995
vt 0.363425 0.859995
vt 0.365395 0.859995
vt 0.367365 0.859995
vt 0.369336 0.859995
vt 0.371306 0.859995
vt 0.373276 0.859995
vt 0.375246 0.859995
vt 0.377216 0.859995
vt 0.379187 0.859995
vt 0.381157 0.859995
vt 0.383127 0.859995
vt 0.385097 0.859995
vt 0.387067 0.859995
vt 0.389037 0.859995
vt 0.391008 0.859995
vt 0.392978 0.859995
vt 0.394948 0.859995
vt 0.396918 0.859995
vt 0.398888 0.859995
vt 0.400859 0.859995
vt 0.341753 0.861965
vt 0.343723 0.861965
vt 0.345693 0.861965
vt 0.347663 0.861965
vt 0.349634 0.861965
vt 0.351604 0.861965
vt 0.353574 0.861965
vt 0.355544 0.861965
vt 0.357514 0.861965
vt 0.359485 0.861965
vt 0.361455 0.861965
vt 0.363425 0.861965
vt 0.365395 0.861965
vt 0.367365 0.861965
vt 0.369336 0.861965
vt 0.371306 0.861965
vt 0.373276 0.861965
vt 0.375246 0.861965
vt 0.377216 0.861965
vt 0.379187 0.861965
vt 0.381157 0.861965
vt 0.383127 0.861965
vt 0.385097 0.861965
vt 0.387067 0.861965
vt 0.389037 0.861965
vt 0.391008 0.861965
vt 0.392978 0.861965
vt 0.394948 0.861965
vt 0.396918 0.861965
vt 0.398888 0.861965
vt 0.400859 0.861965
vt 0.341753 0.863936
vt 0.343723 0.863936
vt 0.345693 0.863936
vt 0.347663 0.863936
vt 0.349634 0.863936
vt 0.351604 0.863936
vt 0.353574 0.863936
vt 0.355544 0.863936
vt 0.357514 0.863936
vt 0.359485 0.863936
vt 0.361455 0.863936
vt 0.363425 0.863936
vt 0.365395 0.863936
vt 0.367365 0.863936
vt 0.369336 0.863936
vt 0.371306 0.863936
vt 0.373276 0.863936
vt 0.375246 0.863936
vt 0.377216 0.863936
vt 0.379187 0.863936
vt 0.381157 0.863936
vt 0.383127 0.863936
vt 0.385097 0.863936
vt 0.387067 0.863936
vt 0.389037 0.863936
vt 0.391008 0.863936
vt 0.392978 0.863936
vt 0.394948 0.863936
vt 0.396918 0.863936
vt 0.398888 0.863936
vt 0.400859 0.863936
vt 0.341753 0.865906
vt 0.343723 0.865906
vt 0.345693 0.865906
vt 0.347663 0.865906
vt 0.349634 0.865906
vt 0.351604 0.865906
vt 0.353574 0.865906
vt 0.355544 0.865906
vt 0.357514 0.865906
vt 0.359485 0.865906
vt 0.361455 0.865906
vt 0.363425 0.865906
vt 0.365395 0.865906
vt 0.367365 0.865906
vt 0.369336 0.865906
vt 0.371306 0.865906
vt 0.373276 0.865906
vt 0.375246 0.865906
vt 0.377216 0.865906
vt 0.379187 0.865906
vt 0.381157 0.865906
vt 0.383127 0.865906
vt 0.385097 0.865906
vt 0.387067 0.865906
vt 0.389037 0.865906
vt 0.391008 0.865906
vt 0.392978 0.865906
vt 0.394948 0.865906
vt 0.396918 0.865906
vt 0.398888 0.865906
vt 0.400859 0.865906
vt 0.341753 0.867876
vt 0.343723 0.867876
vt 0.345693 0.867876
vt 0.347663 0.867876
vt 0.349634 0.867876
vt 0.351604 0.867876
vt 0.353574 0.867876
vt 0.355544 0.867876
vt 0.357514 0.867876
vt 0.359485 0.867876
vt 0.361455 0.867876
vt 0.363425 0.867876
vt 0.365395 0.867876
vt 0.367365 0.867876
vt 0.369336 0.867876
vt 0.371306 0.867876
vt 0.373276 0.867876
vt 0.375246 0.867876
vt 0.377216 0.867876
vt 0.379187 0.867876
vt 0.381157 0.867876
vt 0.383127 0.867876
vt 0.385097 0.867876
vt 0.387067 0.867876
vt 0.389037 0.867876
vt 0.391008 0.867876
vt 0.392978 0.867876
vt 0.394948 0.867876
vt 0.396918 0.867876
vt 0.398888 0.867876
vt 0.400859 0.867876
vt 0.341753 0.869846
vt 0.343723 0.869846
vt 0.345693 0.869846
vt 0.347663 0.869846
vt 0.349634 0.869846
vt 0.351604 0.869846
vt 0.353574 0.869846
vt 0.355544 0.869846
vt 0.357514 0.869846
vt 0.359485 0.869846
vt 0.361455 0.869846
vt 0.363425 0.869846
vt 0.365395 0.869846
vt 0.367365 0.869846
vt 0.369336 0.869846
vt 0.371306 0.869846
vt 0.373276 0.869846
vt 0.375246 0.869846
vt 0.377216 0.869846
vt 0.379187 0.869846
vt 0.381157 0.869846
vt 0.383127 0.869846
vt 0.385097 0.869846
vt 0.387067 0.869846
vt 0.389037 0.869846
vt 0.391008 0.869846
vt 0.392978 0.869846
vt 0.394948 0.869846
vt 0.396918 0.869846
vt 0.398888 0.869846
vt 0.400859 0.869846
vt 0.341753 0.871816
vt 0.343723 0.871816
vt 0.345693 0.871816
vt 0.347663 0.871816
vt 0.349634 0.871816
vt 0.351604 0.871816
vt 0.353574 0.871816
vt 0.355544 0.871816
vt 0.357514 0.871816
vt 0.359485 0.871816
vt 0.361455 0.871816
vt 0.363425 0.871816
vt 0.365395 0.871816
vt 0.367365 0.871816
vt 0.369336 0.871816
vt 0.371306 0.871816
vt 0.373276 0.871816
vt 0.375246 0.871816
vt 0.377216 0.871816
vt 0.379187 0.871816
vt 0.381157 0.871816
vt 0.383127 0.871816
vt 0.385097 0.871816
vt 0.387067 0.871816
vt 0.389037 0.871816
vt 0.391008 0.871816
vt 0.392978 0.871816
vt 0.394948 0.871816
vt 0.396918 0.871816
vt 0.398888 0.871816
vt 0.400859 0.871816
vt 0.341753 0.873786
vt 0.343723 0.873786
vt 0.345693 0.873786
vt 0.347663 0.873786
vt 0.349634 0.873786
vt 0.351604 0.873786
vt 0.353574 0.873786
vt 0.355544 0.873786
vt 0.357514 0.873786
vt 0.359485 0.873786
vt 0.361455 0.873786
vt 0.363425 0.873786
vt 0.365395 0.873786
vt 0.367365 0.873786
vt 0.369336 0.873786
vt 0.371306 0.873786
vt 0.373276 0.873786
vt 0.375246 0.873786
vt 0.377216 0.873786
vt 0.379187 0.873786
vt 0.381157 0.873786
vt 0.383127 0.873786
vt 0.385097 0.873786
vt 0.387067 0.873786
vt 0.389037 0.873786
vt 0.391008 0.873786
vt 0.392978 0.873786
vt 0.394948 0.873786
vt 0.396918 0.873786
vt 0.398888 0.873786
vt 0.400859 0.873786
vt 0.341753 0.932892
vt 0.343723 0.932892
vt 0.345693 0.932892
vt 0.347663 0.932892
vt 0.349634 0.932892
vt 0.351604 0.932892
vt 0.353574 0.932892
vt 0.355544 0.932892
vt 0.357514 0.932892
vt 0.359485 0.932892
vt 0.361455 0.932892
vt 0.363425 0.932892
vt 0.365395 0.932892
vt 0.367365 0.932892
vt 0.369336 0.932892
vt 0.371306 0.932892
vt 0.373276 0.932892
vt 0.375246 0.932892
vt 0.377216 0.932892
vt 0.379187 0.932892
vt 0.381157 0.932892
vt 0.383127 0.932892
vt 0.385097 0.932892
vt 0.387067 0.932892
vt 0.389037 0.932892
vt 0.391008 0.932892
vt 0.392978 0.932892
vt 0.394948 0.932892
vt 0.396918 0.932892
vt 0.398888 0.932892
vt 0.400859 0.932892
vt 0.341753 0.934863
vt 0.343723 0.934863
vt 0.345693 0.934863
vt 0.347663 0.934863
vt 0.349634 0.934863
vt 0.351604 0.934863
vt 0.353574 0.934863
vt 0.355544 0.934863
vt 0.357514 0.934863
vt 0.359485 0.934863
vt 0.361455 0.934863
vt 0.363425 0.934863
vt 0.365395 0.934863
vt 0.367365 0.934863
vt 0.369336 0.934863
vt 0.371306 0.934863
vt 0.373276 0.934863
vt 0.375246 0.934863
vt 0.377216 0.934863
vt 0.379187 0.934863
vt 0.381157 0.934863
vt 0.383127 0.934863
vt 0.385097 0.934863
vt 0.387067 0.934863
vt 0.389037 0.934863
vt 0.391008 0.934863
vt 0.392978 0.934863
vt 0.394948 0.934863
vt 0.396918 0.934863
vt 0.398888 0.934863
vt 0.400859 0.934863
vt 0.341753 0.936833
vt 0.343723 0.936833
vt 0.345693 0.936833
vt 0.347663 0.936833
vt 0.349634 0.936833
vt 0.351604 0.936833
vt 0.353574 0.936833
vt 0.355544 0.936833
vt 0.357514 0.936833
vt 0.359485 0.936833
vt 0.361455 0.936833
vt 0.363425 0.936833
vt 0.365395 0.936833
vt 0.367365 0.936833
vt 0.369336 0.936833
vt 0.371306 0.936833
vt 0.373276 0.936833
vt 0.375246 0.936833
vt 0.377216 0.936833
vt 0.379187 0.936833
vt 0.381157 0.936833
vt 0.383127 0.936833
vt 0.385097 0.936833
vt 0.387067 0.936833
vt 0.389037 0.936833
vt 0.391008 0.936833
vt 0.392978 0.936833
vt 0.394948 0.936833
vt 0.396918 0.936833
vt 0.398888 0.936833
vt 0.400859 0.936833
vt 0.341753 0.938803
vt 0.343723 0.938803
vt 0.345693 0.938803
vt 0.347663 0.938803
vt 0.349634 0.938803
vt 0.351604 0.938803
vt 0.353574 0.938803
vt 0.355544 0.938803
vt 0.357514 0.938803
vt 0.359485 0.938803
vt 0.361455 0.938803
vt 0.363425 0.938803
vt 0.365395 0.938803
vt 0.367365 0.938803
vt 0.369336 0.938803
vt 0.371306 0.938803
vt 0.373276 0.938803
vt 0.375246 0.938803
vt 0.377216 0.938803
vt 0.379187 0.938803
vt 0.381157 0.938803
vt 0.383127 0.938803
vt 0.385097 0.938803
vt 0.387067 0.938803
vt 0.389037 0.938803
vt 0.391008 0.938803
vt 0.392978 0.938803
vt 0.394948 0.938803
vt 0.396918 0.938803
vt 0.398888 0.938803
vt 0.400859 0.938803
vt 0.341753 0.940773
vt 0.343723 0.940773
vt 0.345693 0.940773
vt 0.347663 0.940773
vt 0.349634 0.940773
vt 0.351604 0.940773
vt 0.353574 0.940773
vt 0.355544 0.940773
vt 0.357514 0.940773
vt 0.359485 0.940773
vt 0.361455 0.940773
vt 0.363425 0.940773
vt 0.365395 0.940773
vt 0.367365 0.940773
vt 0.369336 0.940773
vt 0.371306 0.940773
vt 0.373276 0.940773
vt 0.375246 0.940773
vt 0.377216 0.940773
vt 0.379187 0.940773
vt 0.381157 0.940773
vt 0.383127 0.940773
vt 0.385097 0.940773
vt 0.387067 0.940773
vt 0.389037 0.940773
vt 0.391008 0.940773
vt 0.392978 0.940773
vt 0.394948 0.940773
vt 0.396918 0.940773
vt 0.398888 0.940773
vt 0.400859 0.940773
vt 0.341753 0.942743
vt 0.343723 0.942743
vt 0.345693 0.942743
vt 0.347663 0.942743
vt 0.349634 0.942743
vt 0.351604 0.942743
vt 0.353574 0.942743
vt 0.355544 0.942743
vt 0.357514 0.942743
vt 0.359485 0.942743
vt 0.361455 0.942743
vt 0.363425 0.942743
vt 0.365395 0.942743
vt 0.367365 0.942743
vt 0.369336 0.942743
vt 0.371306 0.942743
vt 0.373276 0.942743
vt 0.375246 0.942743
vt 0.377216 0.942743
vt 0.379187 0.942743
vt 0.381157 0.942743
vt 0.383127 0.942743
vt 0.385097 0.942743
vt 0.387067 0.942743
vt 0.389037 0.942743
vt 0.391008 0.942743
vt 0.392978 0.942743
vt 0.394948 0.942743
vt 0.396918 0.942743
vt 0.398888 0.942743
vt 0.400859 0.942743
vt 0.341753 0.944713
vt 0.343723 0.944713
vt 0.345693 0.944713
vt 0.347663 0.944713
vt 0.349634 0.944713
vt 0.351604 0.944713
vt 0.353574 0.944713
vt 0.355544 0.944713
vt 0.357514 0.944713
vt 0.359485 0.944713
vt 0.361455 0.944713
vt 0.363425 0.944713
vt 0.365395 0.944713
vt 0.367365 0.944713
vt 0.369336 0.944713
vt 0.371306 0.944713
vt 0.373276 0.944713
vt 0.375246 0.944713
vt 0.377216 0.944713
vt 0.379187 0.944713
vt 0.381157 0.944713
vt 0.383127 0.944713
vt 0.385097 0.944713
vt 0.387067 0.944713
vt 0.389037 0.944713
vt 0.391008 0.944713
vt 0.392978 0.944713
vt 0.394948 0.944713
vt 0.396918 0.944713
vt 0.398888 0.944713
vt 0.400859 0.944713
vt 0.341753 0.946684
vt 0.343723 0.946684
vt 0.345693 0.946684
vt 0.347663 0.946684
vt 0.349634 0.946684
vt 0.351604 0.946684
vt 0.353574 0.946684
vt 0.355544 0.946684
vt 0.357514 0.946684
vt 0.359485 0.946684
vt 0.361455 0.946684
vt 0.363425 0.946684
vt 0.365395 0.946684
vt 0.367365 0.946684
vt 0.369336 0.946684
vt 0.371306 0.946684
vt 0.373276 0.946684
vt 0.375246 0.946684
vt 0.377216 0.946684
vt 0.379187 0.946684
vt 0.381157 0.946684
vt 0.383127 0.946684
vt 0.385097 0.946684
vt 0.387067 0.946684
vt 0.389037 0.946684
vt 0.391008 0.946684
vt 0.392978 0.946684
vt 0.394948 0.946684
vt 0.396918 0.946684
vt 0.398888 0.946684
vt 0.400859 0.946684
vt 0.341753 0.948654
vt 0.343723 0.948654
vt 0.345693 0.948654
vt 0.347663 0.948654
vt 0.349634 0.948654
vt 0.351604 0.948654
vt 0.353574 0.948654
vt 0.355544 0.948654
vt 0.357514 0.948654
vt 0.359485 0.948654
vt 0.361455 0.948654
vt 0.363425 0.948654
vt 0.365395 0.948654
vt 0.367365 0.948654
vt 0.369336 0.948654
vt 0.371306 0.948654
vt 0.373276 0.948654
vt 0.375246 0.948654
vt 0.377216 0.948654
vt 0.379187 0.948654
vt 0.381157 0.948654
vt 0.383127 0.948654
vt 0.385097 0.948654
vt 0.387067 0.948654
vt 0.389037 0.948654
vt 0.391008 0.948654
vt 0.392978 0.948654
vt 0.394948 0.948654
vt 0.396918 0.948654
vt 0.398888 0.948654
vt 0.400859 0.948654
vt 0.341753 0.950624
vt 0.343723 0.950624
vt 0.345693 0.950624
vt 0.347663 0.950624
vt 0.349634 0.950624
vt 0.351604 0.950624
vt 0.353574 0.950624
vt 0.355544 0.950624
vt 0.357514 0.950624
vt 0.359485 0.950624
vt 0.361455 0.950624
vt 0.363425 0.950624
vt 0.365395 0.950624
vt 0.367365 0.950624
vt 0.369336 0.950624
vt 0.371306 0.950624
vt 0.373276 0.950624
vt 0.375246 0.950624
vt 0.377216 0.950624
vt 0.379187 0.950624
vt 0.381157 0.950624
vt 0.383127 0.950624
vt 0.385097 0.950624
vt 0.387067 0.950624
vt 0.389037 0.950624
vt 0.391008 0.950624
vt 0.392978 0.950624
vt 0.394948 0.950624
vt 0.396918 0.950624
vt 0.398888 0.950624
vt 0.400859 0.950624
vt 0.341753 0.952594
vt 0.343723 0.952594
vt 0.345693 0.952594
vt 0.347663 0.952594
vt 0.349634 0.952594
vt 0.351604 0.952594
vt 0.353574 0.952594
vt 0.355544 0.952594
vt 0.357514 0.952594
vt 0.359485 0.952594
vt 0.361455 0.952594
vt 0.363425 0.952594
vt 0.365395 0.952594
vt 0.367365 0.952594
vt 0.369336 0.952594
vt 0.371306 0.952594
vt 0.373276 0.952594
vt 0.375246 0.952594
vt 0.377216 0.952594
vt 0.379187 0.952594
vt 0.381157 0.952594
vt 0.383127 0.952594
vt 0.385097 0.952594
vt 0.387067 0.952594
vt 0.389037 0.952594
vt 0.391008 0.952594
vt 0.392978 0.952594
vt 0.394948 0.952594
vt 0.396918 0.952594
vt 0.398888 0.952594
vt 0.400859 0.952594
vt 0.341753 0.954565
vt 0.343723 0.954565
vt 0.345693 0.954565
vt 0.347663 0.954565
vt 0.349634 0.954565
vt 0.351604 0.954565
vt 0.353574 0.954565
vt 0.355544 0.954565
vt 0.357514 0.954565
vt 0.359485 0.954565
vt 0.361455 0.954565
vt 0.363425 0.954565
vt 0.365395 0.954565
vt 0.367365 0.954565
vt 0.369336 0.954565
vt 0.371306 0.954565
vt 0.373276 0.954565
vt 0.375246 0.954565
vt 0.377216 0.954565
vt 0.379187 0.954565
vt 0.381157 0.954565
vt 0.383127 0.954565
vt 0.385097 0.954565
vt 0.387067 0.954565
vt 0.389037 0.954565
vt 0.391008 0.954565
vt 0.392978 0.954565
vt 0.394948 0.954565
vt 0.396918 0.954565
vt 0.398888 0.954565
vt 0.400859 0.954565
vt 0.341753 0.956535
vt 0.343723 0.956535
vt 0.345693 0.956535
vt 0.347663 0.956535
vt 0.349634 0.956535
vt 0.351604 0.956535
vt 0.353574 0.956535
vt 0.355544 0.956535
vt 0.357514 0.956535
vt 0.359485 0.956535
vt 0.361455 0.956535
vt 0.363425 0.956535
vt 0.365395 0.956535
vt 0.367365 0.956535
vt 0.369336 0.956535
vt 0.371306 0.956535
vt 0.373276 0.956535
vt 0.375246 0.956535
vt 0.377216 0.956535
vt 0.379187 0.956535
vt 0.381157 0.956535
vt 0.383127 0.956535
vt 0.385097 0.956535
vt 0.387067 0.956535
vt 0.389037 0.956535
vt 0.391008 0.956535
vt 0.392978 0.956535
vt 0.394948 0.956535
vt 0.396918 0.956535
vt 0.398888 0.956535
vt 0.400859 0.956535
vt 0.341753 0.958505
vt 0.343723 0.958505
vt 0.345693 0.958505
vt 0.347663 0.958505
vt 0.349634 0.958505
vt 0.351604 0.958505
vt 0.353574 0.958505
vt 0.355544 0.958505
vt 0.357514 0.958505
vt 0.359485 0.958505
vt 0.361455 0.958505
vt 0.363425 0.958505
vt 0.365395 0.958505
vt 0.367365 0.958505
vt 0.369336 0.958505
vt 0.371306 0.958505
vt 0.373276 0.958505
vt 0.375246 0.958505
vt 0.377216 0.958505
vt 0.379187 0.958505
vt 0.381157 0.958505
vt 0.383127 0.958505
vt 0.385097 0.958505
vt 0.387067 0.958505
vt 0.389037 0.958505
vt 0.391008 0.958505
vt 0.392978 0.958505
vt 0.394948 0.958505
vt 0.396918 0.958505
vt 0.398888 0.958505
vt 0.400859 0.958505
vt 0.341753 0.960475
vt 0.343723 0.960475
vt 0.345693 0.960475
vt 0.347663 0.960475
vt 0.349634 0.960475
vt 0.351604 0.960475
vt 0.353574 0.960475
vt 0.355544 0.960475
vt 0.357514 0.960475
vt 0.359485 0.960475
vt 0.361455 0.960475
vt 0.363425 0.960475
vt 0.365395 0.960475
vt 0.367365 0.960475
vt 0.369336 0.960475
vt 0.371306 0.960475
vt 0.373276 0.960475
vt 0.375246 0.960475
vt 0.377216 0.960475
vt 0.379187 0.960475
vt 0.381157 0.960475
vt 0.383127 0.960475
vt 0.385097 0.960475
vt 0.387067 0.960475
vt 0.389037 0.960475
vt 0.391008 0.960475
vt 0.392978 0.960475
vt 0.394948 0.960475
vt 0.396918 0.960475
vt 0.398888 0.960475
vt 0.400859 0.960475
vt 0.341753 0.962445
vt 0.343723 0.962445
vt 0.345693 0.962445
vt 0.347663 0.962445
vt 0.349634 0.962445
vt 0.351604 0.962445
vt 0.353574 0.962445
vt 0.355544 0.962445
vt 0.357514 0.962445
vt 0.359485 0.962445
vt 0.361455 0.962445
vt 0.363425 0.962445
vt 0.365395 0.962445
vt 0.367365 0.962445
vt 0.369336 0.962445
vt 0.371306 0.962445
vt 0.373276 0.962445
vt 0.375246 0.962445
vt 0.377216 0.962445
vt 0.379187 0.962445
vt 0.381157 0.962445
vt 0.383127 0.962445
vt 0.385097 0.962445
vt 0.387067 0.962445
vt 0.389037 0.962445
vt 0.391008 0.962445
vt 0.392978 0.962445
vt 0.394948 0.962445
vt 0.396918 0.962445
vt 0.398888 0.962445
vt 0.400859 0.962445
vt 0.341753 0.964415
vt 0.343723 0.964415
vt 0.345693 0.964415
vt 0.347663 0.964415
vt 0.349634 0.964415
vt 0.351604 0.964415
vt 0.353574 0.964415
vt 0.355544 0.964415
vt 0.357514 0.964415
vt 0.359485 0.964415
vt 0.361455 0.964415
vt 0.363425 0.964415
vt 0.365395 0.964415
vt 0.367365 0.964415
vt 0.369336 0.964415
vt 0.371306 0.964415
vt 0.373276 0.964415
vt 0.375246 0.964415
vt 0.377216 0.964415
vt 0.379187 0.964415
vt 0.381157 0.964415
vt 0.383127 0.964415
vt 0.385097 0.964415
vt 0.387067 0.964415
vt 0.389037 0.964415
vt 0.391008 0.964415
vt 0.392978 0.964415
vt 0.394948 0.964415
vt 0.396918 0.964415
vt 0.398888 0.964415
vt 0.400859 0.964415
vt 0.341753 0.966386
vt 0.343723 0.966386
vt 0.345693 0.966386
vt 0.347663 0.966386
vt 0.349634 0.966386
vt 0.351604 0.966386
vt 0.353574 0.966386
vt 0.355544 0.966386
vt 0.357514 0.966386
vt 0.359485 0.966386
vt 0.361455 0.966386
vt 0.363425 0.966386
vt 0.365395 0.966386
vt 0.367365 0.966386
vt 0.369336 0.966386
vt 0.371306 0.966386
vt 0.373276 0.966386
vt 0.375246 0.966386
vt 0.377216 0.966386
vt 0.379187 0.966386
vt 0.381157 0.966386
vt 0.383127 0.966386
vt 0.385097 0.966386
vt 0.387067 0.966386
vt 0.389037 0.966386
vt 0.391008 0.966386
vt 0.392978 0.966386
vt 0.394948 0.966386
vt 0.396918 0.966386
vt 0.398888 0.966386
vt 0.400859 0.966386
vt 0.341753 0.968356
vt 0.343723 0.968356
vt 0.345693 0.968356
vt 0.347663 0.968356
vt 0.349634 0.968356
vt 0.351604 0.968356
vt 0.353574 0.968356
vt 0.355544 0.968356
vt 0.357514 0.968356
vt 0.359485 0.968356
vt 0.361455 0.968356
vt 0.363425 0.968356
vt 0.365395 0.968356
vt 0.367365 0.968356
vt 0.369336 0.968356
vt 0.371306 0.968356
vt 0.373276 0.968356
vt 0.375246 0.968356
vt 0.377216 0.968356
vt 0.379187 0.968356
vt 0.381157 0.968356
vt 0.383127 0.968356
vt 0.385097 0.968356
vt 0.387067 0.968356
vt 0.389037 0.968356
vt 0.391008 0.968356
vt 0.392978 0.968356
vt 0.394948 0.968356
vt 0.396918 0.968356
vt 0.398888 0.968356
vt 0.400859 0.968356
vt 0.341753 0.970326
vt 0.343723 0.970326
vt 0.345693 0.970326
vt 0.347663 0.970326
vt 0.349634 0.970326
vt 0.351604 0.970326
vt 0.353574 0.970326
vt 0.355544 0.970326
vt 0.357514 0.970326
vt 0.359485 0.970326
vt 0.361455 0.970326
vt 0.363425 0.970326
vt 0.365395 0.970326
vt 0.367365 0.970326
vt 0.369336 0.970326
vt 0.371306 0.970326
vt 0.373276 0.970326
vt 0.375246 0.970326
vt 0.377216 0.970326
vt 0.379187 0.970326
vt 0.381157 0.970326
vt 0.383127 0.970326
vt 0.385097 0.970326
vt 0.387067 0.970326
vt 0.389037 0.970326
vt 0.391008 0.970326
vt 0.392978 0.970326
vt 0.394948 0.970326
vt 0.396918 0.970326
vt 0.398888 0.970326
vt 0.400859 0.970326
vt 0.341753 0.972296
vt 0.343723 0.972296
vt 0.345693 0.972296
vt 0.347663 0.972296
vt 0.349634 0.972296
vt 0.351604 0.972296
vt 0.353574 0.972296
vt 0.355544 0.972296
vt 0.357514 0.972296
vt 0.359485 0.972296
vt 0.361455 0.972296
vt 0.363425 0.972296
vt 0.365395 0.972296
vt 0.367365 0.972296
vt 0.369336 0.972296
vt 0.371306 0.972296
vt 0.373276 0.972296
vt 0.375246 0.972296
vt 0.377216 0.972296
vt 0.379187 0.972296
vt 0.381157 0.972296
vt 0.383127 0.972296
vt 0.385097 0.972296
vt 0.387067 0.972296
vt 0.389037 0.972296
vt 0.391008 0.972296
vt 0.392978 0.972296
vt 0.394948 0.972296
vt 0.396918 0.972296
vt 0.398888 0.972296
vt 0.400859 0.972296
vt 0.341753 0.974266
vt 0.343723 0.974266
vt 0.345693 0.974266
vt 0.347663 0.974266
vt 0.349634 0.974266
vt 0.351604 0.974266
vt 0.353574 0.974266
vt 0.355544 0.974266
vt 0.357514 0.974266
vt 0.359485 0.974266
vt 0.361455 0.974266
vt 0.363425 0.974266
vt 0.365395 0.974266
vt 0.367365 0.974266
vt 0.369336 0.974266
vt 0.371306 0.974266
vt 0.373276 0.974266
vt 0.375246 0.974266
vt 0.377216 0.974266
vt 0.379187 0.974266
vt 0.381157 0.974266
vt 0.383127 0.974266
vt 0.385097 0.974266
vt 0.387067 0.974266
vt 0.389037 0.974266
vt 0.391008 0.974266
vt 0.392978 0.974266
vt 0.394948 0.974266
vt 0.396918 0.974266
vt 0.398888 0.974266
vt 0.400859 0.974266
vt 0.341753 0.976237
vt 0.343723 0.976237
vt 0.345693 0.976237
vt 0.347663 0.976237
vt 0.349634 0.976237
vt 0.351604 0.976237
vt 0.353574 0.976237
vt 0.355544 0.976237
vt 0.357514 0.976237
vt 0.359485 0.976237
vt 0.361455 0.976237
vt 0.363425 0.976237
vt 0.365395 0.976237
vt 0.367365 0.976237
vt 0.369336 0.976237
vt 0.371306 0.976237
vt 0.373276 0.976237
vt 0.375246 0.976237
vt 0.377216 0.976237
vt 0.379187 0.976237
vt 0.381157 0.976237
vt 0.383127 0.976237
vt 0.385097 0.976237
vt 0.387067 0.976237
vt 0.389037 0.976237
vt 0.391008 0.976237
vt 0.392978 0.976237
vt 0.394948 0.976237
vt 0.396918 0.976237
vt 0.398888 0.976237
vt 0.400859 0.976237
vt 0.341753 0.978207
vt 0.343723 0.978207
vt 0.345693 0.978207
vt 0.347663 0.978207
vt 0.349634 0.978207
vt 0.351604 0.978207
vt 0.353574 0.978207
vt 0.355544 0.978207
vt 0.357514 0.978207
vt 0.359485 0.978207
vt 0.361455 0.978207
vt 0.363425 0.978207
vt 0.365395 0.978207
vt 0.367365 0.978207
vt 0.369336 0.978207
vt 0.371306 0.978207
vt 0.373276 0.978207
vt 0.375246 0.978207
vt 0.377216 0.978207
vt 0.379187 0.978207
vt 0.381157 0.978207
vt 0.383127 0.978207
vt 0.385097 0.978207
vt 0.387067 0.978207
vt 0.389037 0.978207
vt 0.391008 0.978207
vt 0.392978 0.978207
vt 0.394948 0.978207
vt 0.396918 0.978207
vt 0.398888 0.978207
vt 0.400859 0.978207
vt 0.341753 0.980177
vt 0.343723 0.980177
vt 0.345693 0.980177
vt 0.347663 0.980177
vt 0.349634 0.980177
vt 0.351604 0.980177
vt 0.353574 0.980177
vt 0.355544 0.980177
vt 0.357514 0.980177
vt 0.359485 0.980177
vt 0.361455 0.980177
vt 0.363425 0.980177
vt 0.365395 0.980177
vt 0.367365 0.980177
vt 0.369336 0.980177
vt 0.371306 0.980177
vt 0.373276 0.980177
vt 0.375246 0.980177
vt 0.377216 0.980177
vt 0.379187 0.980177
vt 0.381157 0.980177
vt 0.383127 0.980177
vt 0.385097 0.980177
vt 0.387067 0.980177
vt 0.389037 0.980177
vt 0.391008 0.980177
vt 0.392978 0.980177
vt 0.394948 0.980177
vt 0.396918 0.980177
vt 0.398888 0.980177
vt 0.400859 0.980177
vt 0.341753 0.982147
vt 0.343723 0.982147
vt 0.345693 0.982147
vt 0.347663 0.982147
vt 0.349634 0.982147
vt 0.351604 0.982147
vt 0.353574 0.982147
vt 0.355544 0.982147
vt 0.357514 0.982147
vt 0.359485 0.982147
vt 0.361455 0.982147
vt 0.363425 0.982147
vt 0.365395 0.982147
vt 0.367365 0.982147
vt 0.369336 0.982147
vt 0.371306 0.982147
vt 0.373276 0.982147
vt 0.375246 0.982147
vt 0.377216 0.982147
vt 0.379187 0.982147
vt 0.381157 0.982147
vt 0.383127 0.982147
vt 0.385097 0.982147
vt 0.387067 0.982147
vt 0.389037 0.982147
vt 0.391008 0.982147
vt 0.392978 0.982147
vt 0.394948 0.982147
vt 0.396918 0.982147
vt 0.398888 0.982147
vt 0.400859 0.982147
vt 0.341753 0.984117
vt 0.343723 0.984117
vt 0.345693 0.984117
vt 0.347663 0.984117
vt 0.349634 0.984117
vt 0.351604 0.984117
vt 0.353574 0.984117
vt 0.355544 0.984117
vt 0.357514 0.984117
vt 0.359485 0.984117
vt 0.361455 0.984117
vt 0.363425 0.984117
vt 0.365395 0.984117
vt 0.367365 0.984117
vt 0.369336 0.984117
vt 0.371306 0.984117
vt 0.373276 0.984117
vt 0.375246 0.984117
vt 0.377216 0.984117
vt 0.379187 0.984117
vt 0.381157 0.984117
vt 0.383127 0.984117
vt 0.385097 0.984117
vt 0.387067 0.984117
vt 0.389037 0.984117
vt 0.391008 0.984117
vt 0.392978 0.984117
vt 0.394948 0.984117
vt 0.396918 0.984117
vt 0.398888 0.984117
vt 0.400859 0.984117
vt 0.341753 0.986088
vt 0.343723 0.986088
vt 0.345693 0.986088
vt 0.347663 0.986088
vt 0.349634 0.986088
vt 0.351604 0.986088
vt 0.353574 0.986088
vt 0.355544 0.986088
vt 0.357514 0.986088
vt 0.359485 0.986088
vt 0.361455 0.986088
vt 0.363425 0.986088
vt 0.365395 0.986088
vt 0.367365 0.986088
vt 0.369336 0.986088
vt 0.371306 0.986088
vt 0.373276 0.986088
vt 0.375246 0.986088
vt 0.377216 0.986088
vt 0.379187 0.986088
vt 0.381157 0.986088
vt 0.383127 0.986088
vt 0.385097 0.986088
vt 0.387067 0.986088
vt 0.389037 0.986088
vt 0.391008 0.986088
vt 0.392978 0.986088
vt 0.394948 0.986088
vt 0.396918 0.986088
vt 0.398888 0.986088
vt 0.400859 0.986088
vt 0.341753 0.988058
vt 0.343723 0.988058
vt 0.345693 0.988058
vt 0.347663 0.988058
vt 0.349634 0.988058
vt 0.351604 0.988058
vt 0.353574 0.988058
vt 0.355544 0.988058
vt 0.357514 0.988058
vt 0.359485 0.988058
vt 0.361455 0.988058
vt 0.363425 0.988058
vt 0.365395 0.988058
vt 0.367365 0.988058
vt 0.369336 0.988058
vt 0.371306 0.988058
vt 0.373276 0.988058
vt 0.375246 0.988058
vt 0.377216 0.988058
vt 0.379187 0.988058
vt 0.381157 0.988058
vt 0.383127 0.988058
vt 0.385097 0.988058
vt 0.387067 0.988058
vt 0.389037 0.988058
vt 0.391008 0.988058
vt 0.392978 0.988058
vt 0.394948 0.988058
vt 0.396918 0.988058
vt 0.398888 0.988058
vt 0.400859 0.988058
vt 0.341753 0.990028
vt 0.343723 0.990028
vt 0.345693 0.990028
vt 0.347663 0.990028
vt 0.349634 0.990028
vt 0.351604 0.990028
vt 0.353574 0.990028
vt 0.355544 0.990028
vt 0.357514 0.990028
vt 0.359485 0.990028
vt 0.361455 0.990028
vt 0.363425 0.990028
vt 0.365395 0.990028
vt 0.367365 0.990028
vt 0.369336 0.990028
vt 0.371306 0.990028
vt 0.373276 0.990028
vt 0.375246 0.990028
vt 0.377216 0.990028
vt 0.379187 0.990028
vt 0.381157 0.990028
vt 0.383127 0.990028
vt 0.385097 0.990028
vt 0.387067 0.990028
vt 0.389037 0.990028
vt 0.391008 0.990028
vt 0.392978 0.990028
vt 0.394948 0.990028
vt 0.396918 0.990028
vt 0.398888 0.990028
vt 0.400859 0.990028
vt 0.341753 0.991998
vt 0.343723 0.991998
vt 0.345693 0.991998
vt 0.347663 0.991998
vt 0.349634 0.991998
vt 0.351604 0.991998
vt 0.353574 0.991998
vt 0.355544 0.991998
vt 0.357514 0.991998
vt 0.359485 0.991998
vt 0.361455 0.991998
vt 0.363425 0.991998
vt 0.365395 0.991998
vt 0.367365 0.991998
vt 0.369336 0.991998
vt 0.371306 0.991998
vt 0.373276 0.991998
vt 0.375246 0.991998
vt 0.377216 0.991998
vt 0.379187 0.991998
vt 0.381157 0.991998
vt 0.383127 0.991998
vt 0.385097 0.991998
vt 0.387067 0.991998
vt 0.389037 0.991998
vt 0.391008 0.991998
vt 0.392978 0.991998
vt 0.394948 0.991998
vt 0.396918 0.991998
vt 0.398888 0.991998
vt 0.400859 0.991998
vt 0.459965 0.755575
vt 0.457994 0.755575
vt 0.456024 0.755575
vt 0.454054 0.755575
vt 0.452084 0.755575
vt 0.450114 0.755575
vt 0.448143 0.755575
vt 0.446173 0.755575
vt 0.444203 0.755575
vt 0.442233 0.755575
vt 0.440263 0.755575
vt 0.438293 0.755575
vt 0.436322 0.755575
vt 0.434352 0.755575
vt 0.432382 0.755575
vt 0.430412 0.755575
vt 0.428441 0.755575
vt 0.426471 0.755575
vt 0.424501 0.755575
vt 0.422531 0.755575
vt 0.420561 0.755575
vt 0.418590 0.755575
vt 0.416620 0.755575
vt 0.414650 0.755575
vt 0.412680 0.755575
vt 0.410710 0.755575
vt 0.408740 0.755575
vt 0.406769 0.755575
vt 0.404799 0.755575
vt 0.402829 0.755575
vt 0.459965 0.814681
vt 0.457994 0.814681
vt 0.456024 0.814681
vt 0.454054 0.814681
vt 0.452084 0.814681
vt 0.450114 0.814681
vt 0.448143 0.814681
vt 0.446173 0.814681
vt 0.444203 0.814681
vt 0.442233 0.814681
vt 0.440263 0.814681
vt 0.438293 0.814681
vt 0.436322 0.814681
vt 0.434352 0.814681
vt 0.432382 0.814681
vt 0.430412 0.814681
vt 0.428441 0.814681
vt 0.426471 0.814681
vt 0.424501 0.814681
vt 0.422531 0.814681
vt 0.420561 0.814681
vt 0.418590 0.814681
vt 0.416620 0.814681
vt 0.414650 0.814681
vt 0.412680 0.814681
vt 0.410710 0.814681
vt 0.408740 0.814681
vt 0.406769 0.814681
vt 0.404799 0.814681
vt 0.402829 0.814681
vt 0.282647 0.755575
vt 0.284617 0.755575
vt 0.286587 0.755575
vt 0.288557 0.755575
vt 0.290528 0.755575
vt 0.292498 0.755575
vt 0.294468 0.755575
vt 0.296438 0.755575
vt 0.298408 0.755575
vt 0.300379 0.755575
vt 0.302349 0.755575
vt 0.304319 0.755575
vt 0.306289 0.755575
vt 0.308259 0.755575
vt 0.310230 0.755575
vt 0.312200 0.755575
vt 0.314170 0.755575
vt 0.316140 0.755575
vt 0.318110 0.755575
vt 0.320081 0.755575
vt 0.322051 0.755575
vt 0.324021 0.755575
vt 0.325991 0.755575
vt 0.327961 0.755575
vt 0.329932 0.755575
vt 0.331902 0.755575
vt 0.333872 0.755575
vt 0.335842 0.755575
vt 0.337812 0.755575
vt 0.339783 0.755575
vt 0.282647 0.814681
vt 0.284617 0.814681
vt 0.286587 0.814681
vt 0.288557 0.814681
vt 0.290528 0.814681
vt 0.292498 0.814681
vt 0.294468 0.814681
vt 0.296438 0.814681
vt 0.298408 0.814681
vt 0.300379 0.814681
vt 0.302349 0.814681
vt 0.304319 0.814681
vt 0.306289 0.814681
vt 0.308259 0.814681
vt 0.310230 0.814681
vt 0.312200 0.814681
vt 0.314170 0.814681
vt 0.316140 0.814681
vt 0.318110 0.814681
vt 0.320081 0.814681
vt 0.322051 0.814681
vt 0.324021 0.814681
vt 0.325991 0.814681
vt 0.327961 0.814681
vt 0.329932 0.814681
vt 0.331902 0.814681
vt 0.333872 0.814681
vt 0.335842 0.814681
vt 0.337812 0.814681
vt 0.339783 0.814681
vn 0.160181 0.044288 0.986094
vn 0.294641 0.031766 0.955080
vn 0.291445 0.032078 0.956050
vn 0.160181 0.044288 0.986094
vn 0.440700 0.010457 0.897594
vn 0.440049 0.010640 0.897911
vn 0.468446 0.007493 0.883460
vn 0.468523 0.007389 0.883420
vn 0.449443 0.016303 0.893160
vn 0.449635 0.016264 0.893064
vn 0.401365 0.021165 0.915674
vn 0.401622 0.021150 0.915561
vn 0.378742 0.027657 0.925089
vn 0.378692 0.027634 0.925110
vn 0.346357 0.027674 0.937695
vn 0.346213 0.027659 0.937748
vn 0.253100 0.025311 0.967109
vn 0.253078 0.025312 0.967115
vn 0.377543 0.035954 0.925294
vn 0.375234 0.035839 0.926237
vn 0.239454 0.025759 0.970566
vn 0.228864 0.025101 0.973135
vn 0.063501 0.020446 0.997772
vn 0.061862 0.020279 0.997879
vn 0.328420 0.040851 0.943648
vn 0.326203 0.040740 0.944422
vn 0.142626 0.028944 0.989353
vn 0.132533 0.028326 0.990774
vn 0.036992 0.019538 0.999125
vn 0.034196 0.019395 0.999227
vn 0.089950 0.025296 0.995625
vn 0.089009 0.025266 0.995710
vn 0.164789 0.030904 0.985845
vn 0.160768 0.030729 0.986514
vn 0.052202 0.021938 0.998396
vn 0.042122 0.021365 0.998884
vn -0.113198 0.014588 0.993465
vn -0.115813 0.014402 0.993167
vn 0.040404 0.029673 0.998743
vn 0.040463 0.029671 0.998740
vn -0.007026 0.024956 0.999664
vn -0.007026 0.024943 0.999664
vn -0.130130 0.012543 0.991418
vn -0.130711 0.012515 0.991342
vn -0.083873 0.020454 0.996266
vn -0.085430 0.020326 0.996137
vn -0.096176 0.022756 0.995104
vn -0.099851 0.022520 0.994748
vn -0.235636 0.014801 0.971729
vn -0.235505 0.014813 0.971760
vn -0.209186 0.024781 0.977562
vn -0.209612 0.024840 0.977469
vn -0.262591 0.031559 0.964391
vn -0.262995 0.031601 0.964280
vn -0.286418 0.035083 0.957462
vn -0.286538 0.035121 0.957425
vn -0.259548 0.023056 0.965455
vn -0.258743 0.022716 0.965679
vn -0.106611 0.013688 0.994207
vn -0.103610 0.013844 0.994522
vn 0.031431 0.020694 0.999292
vn 0.031431 0.020694 0.999292
vn -0.371917 0.894827 0.246907
vn -0.220924 0.883159 0.413790
vn -0.479791 0.824791 0.299199
vn -0.638160 0.757001 0.140364
vn 0.060758 0.770030 0.635108
vn -0.157533 0.832453 0.531230
vn 0.240200 0.634233 0.734882
vn 0.068313 0.752479 0.655064
vn 0.307651 0.534299 0.787322
vn 0.187422 0.661155 0.726462
vn 0.311037 0.477111 0.821962
vn 0.233123 0.592454 0.771137
vn 0.305825 0.446399 0.840951
vn 0.252492 0.547192 0.798015
vn 0.284242 0.423901 0.859950
vn 0.242344 0.515573 0.821860
vn 0.220022 0.417004 0.881872
vn 0.200351 0.499156 0.843032
vn 0.304822 0.406856 0.861134
vn 0.269560 0.478390 0.835751
vn 0.196224 0.385449 0.901624
vn 0.171294 0.457476 0.872568
vn 0.063037 0.394062 0.916920
vn 0.079583 0.460531 0.884069
vn 0.266179 0.403542 0.875387
vn 0.234920 0.464212 0.854002
vn 0.107994 0.381834 0.917900
vn 0.096949 0.446178 0.889678
vn 0.024193 0.381398 0.924094
vn 0.031182 0.445838 0.894570
vn 0.068255 0.394144 0.916511
vn 0.064591 0.460712 0.885196
vn 0.124515 0.391050 0.911908
vn 0.106443 0.452133 0.885577
vn 0.019822 0.379641 0.924922
vn 0.018331 0.444426 0.895628
vn -0.099679 0.382779 0.918447
vn -0.082455 0.448035 0.890205
vn 0.017615 0.402862 0.915091
vn 0.012919 0.471413 0.881818
vn -0.034196 0.390246 0.920076
vn -0.039474 0.465648 0.884089
vn -0.125323 0.387814 0.913179
vn -0.104098 0.470614 0.876177
vn -0.087432 0.402301 0.911323
vn -0.085814 0.486358 0.869535
vn -0.117030 0.401332 0.908426
vn -0.099922 0.497992 0.861406
vn -0.197876 0.418304 0.886492
vn -0.155131 0.523678 0.837673
vn -0.180462 0.460999 0.868858
vn -0.127010 0.577806 0.806231
vn -0.196959 0.512532 0.835774
vn -0.105799 0.647497 0.754688
vn -0.154835 0.611126 0.776242
vn -0.014598 0.747859 0.663698
vn -0.021432 0.760467 0.649022
vn 0.168605 0.850604 0.498041
vn 0.214246 0.898068 0.384152
vn 0.453508 0.867930 0.202555
vn 0.350820 0.917464 0.187576
vn 0.599940 0.799985 0.009833
vn -0.798391 0.597691 0.073051
vn -0.898924 0.436328 -0.039413
vn -0.522526 0.804143 0.283407
vn -0.256875 0.856794 0.447123
vn -0.065947 0.826206 0.559495
vn 0.052216 0.771694 0.633847
vn 0.118953 0.719917 0.683790
vn 0.143439 0.677877 0.721046
vn 0.141488 0.648638 0.747830
vn 0.176076 0.621543 0.763336
vn 0.128930 0.598329 0.790809
vn 0.094358 0.595251 0.797980
vn 0.160577 0.588940 0.792063
vn 0.078647 0.573355 0.815524
vn 0.044014 0.576239 0.816095
vn 0.053502 0.584861 0.809367
vn 0.065098 0.577142 0.814045
vn 0.012559 0.572289 0.819956
vn -0.036780 0.582591 0.811933
vn 0.007067 0.601132 0.799118
vn -0.036552 0.605553 0.794965
vn -0.065647 0.621047 0.781019
vn -0.058804 0.643639 0.763066
vn -0.056323 0.669782 0.740419
vn -0.050326 0.711280 0.701105
vn 0.002988 0.769028 0.639208
vn 0.093157 0.834554 0.542993
vn 0.255248 0.883803 0.392099
vn 0.487937 0.855635 0.172645
vn 0.741621 0.664048 -0.095075
vn 0.835863 0.499902 -0.226785
vn -0.919980 0.388606 -0.051216
vn -0.967716 0.222602 -0.118217
vn -0.744651 0.660151 0.098472
vn -0.518803 0.817308 0.250701
vn -0.312136 0.872000 0.377077
vn -0.153610 0.867781 0.472610
vn -0.046007 0.838584 0.542826
vn 0.017073 0.803931 0.594477
vn 0.050494 0.774019 0.631145
vn 0.078961 0.748833 0.658038
vn 0.074540 0.727953 0.681563
vn 0.071912 0.717427 0.692912
vn 0.091971 0.706517 0.701695
vn 0.057632 0.695299 0.716406
vn 0.042385 0.695089 0.717673
vn 0.039102 0.697022 0.715983
vn 0.034995 0.694810 0.718341
vn 0.012478 0.696144 0.717794
vn -0.002675 0.706183 0.708024
vn 0.009927 0.718073 0.695897
vn -0.012717 0.728845 0.684560
vn -0.018031 0.749239 0.662055
vn -0.004961 0.775844 0.630906
vn 0.021971 0.807931 0.588867
vn 0.072653 0.846644 0.527178
vn 0.161923 0.884402 0.437738
vn 0.297246 0.902597 0.311389
vn 0.481113 0.865015 0.142409
vn 0.687052 0.724487 -0.055472
vn 0.852739 0.466080 -0.235811
vn 0.901074 0.305061 -0.308226
vn -0.962048 0.261638 -0.077515
vn -0.986222 0.125844 -0.107379
vn -0.856368 0.516340 0.005223
vn -0.688941 0.715462 0.116078
vn -0.505128 0.832575 0.227298
vn -0.339391 0.883087 0.323994
vn -0.209426 0.891615 0.401451
vn -0.117018 0.879734 0.460842
vn -0.054928 0.861323 0.505080
vn -0.013703 0.842409 0.538664
vn 0.009351 0.825646 0.564111
vn 0.024779 0.813119 0.581570
vn 0.035663 0.802255 0.595915
vn 0.030604 0.793911 0.607263
vn 0.027256 0.790967 0.611251
vn 0.024651 0.790591 0.611849
vn 0.021203 0.791674 0.610576
vn 0.016723 0.795888 0.605214
vn 0.017460 0.803909 0.594496
vn 0.022956 0.813667 0.580877
vn 0.023427 0.826981 0.561742
vn 0.037558 0.846354 0.531296
vn 0.067108 0.869691 0.489013
vn 0.118088 0.894249 0.431711
vn 0.197874 0.913988 0.354220
vn 0.311900 0.916116 0.251893
vn 0.461753 0.878478 0.122722
vn 0.632217 0.774377 -0.025326
vn 0.791135 0.587844 -0.168953
vn 0.897834 0.345529 -0.272955
vn 0.926549 0.215133 -0.308584
vn -0.977638 0.193601 -0.082117
vn -0.991555 0.080856 -0.101392
vn -0.908966 0.415735 -0.030739
vn -0.787622 0.614721 0.042059
vn -0.637141 0.760417 0.125767
vn -0.483815 0.850157 0.207740
vn -0.348307 0.894665 0.279746
vn -0.239770 0.909814 0.338746
vn -0.158572 0.909013 0.385422
vn -0.100939 0.901118 0.421661
vn -0.059868 0.891425 0.449195
vn -0.031061 0.882113 0.470013
vn -0.012794 0.873937 0.485870
vn -0.001351 0.868020 0.496528
vn 0.006196 0.864910 0.501889
vn 0.011262 0.864252 0.502933
vn 0.015733 0.866030 0.499745
vn 0.022555 0.870285 0.492032
vn 0.032581 0.876863 0.479635
vn 0.045161 0.885690 0.462075
vn 0.064234 0.897324 0.436673
vn 0.095668 0.911145 0.400828
vn 0.143110 0.924800 0.352512
vn 0.212955 0.933337 0.289020
vn 0.309523 0.927851 0.208057
vn 0.432781 0.894834 0.109423
vn 0.576523 0.817079 -0.001837
vn 0.722010 0.682726 -0.112187
vn 0.844079 0.496741 -0.201938
vn 0.922783 0.289307 -0.254507
vn 0.945249 0.184309 -0.269323
vn -0.986369 0.158697 -0.043485
vn -0.997154 0.057369 -0.048920
vn -0.933865 0.356773 -0.024682
vn -0.841173 0.540580 0.014223
vn -0.720076 0.690502 0.068533
vn -0.585490 0.800232 0.129730
vn -0.455185 0.870116 0.188958
vn -0.341396 0.908455 0.241160
vn -0.249372 0.925650 0.284580
vn -0.178687 0.930666 0.319266
vn -0.124897 0.929774 0.346296
vn -0.084893 0.926317 0.367057
vn -0.055847 0.922361 0.382271
vn -0.033206 0.919267 0.392231
vn -0.015536 0.917466 0.397512
vn -0.001023 0.917274 0.398255
vn 0.012884 0.918943 0.394179
vn 0.028893 0.922370 0.385226
vn 0.048024 0.927336 0.371136
vn 0.071696 0.933703 0.350797
vn 0.104588 0.940779 0.322485
vn 0.150224 0.946757 0.284754
vn 0.212239 0.948347 0.235781
vn 0.294885 0.939586 0.173842
vn 0.399447 0.911420 0.098765
vn 0.521911 0.852897 0.013257
vn 0.652335 0.754118 -0.075925
vn 0.774105 0.612878 -0.158562
vn 0.870620 0.436844 -0.226250
vn 0.928518 0.248477 -0.275887
vn 0.943089 0.154188 -0.294634
vn -0.987377 0.155555 -0.029804
vn -0.997100 0.071640 -0.025669
vn -0.945292 0.325336 -0.024088
vn -0.870945 0.491379 0.001145
vn -0.771343 0.635248 0.038607
vn -0.654288 0.751686 0.082914
vn -0.533071 0.836277 0.128363
vn -0.420198 0.891251 0.170605
vn -0.323063 0.923406 0.207250
vn -0.243818 0.940293 0.237491
vn -0.180843 0.948098 0.261544
vn -0.131556 0.950933 0.280034
vn -0.092908 0.951466 0.293396
vn -0.061375 0.951320 0.302033
vn -0.034973 0.951288 0.306313
vn -0.011647 0.951894 0.306205
vn 0.011097 0.953403 0.301496
vn 0.035618 0.955768 0.291958
vn 0.063723 0.958714 0.277139
vn 0.097745 0.961681 0.256154
vn 0.141328 0.963379 0.227875
vn 0.197748 0.961411 0.191273
vn 0.270108 0.951815 0.145227
vn 0.360489 0.928487 0.089223
vn 0.467637 0.883584 0.024396
vn 0.585409 0.809460 -0.045497
vn 0.703249 0.701788 -0.113734
vn 0.809092 0.561857 -0.172298
vn 0.893178 0.394748 -0.215426
vn 0.946258 0.217816 -0.239066
vn 0.960557 0.128935 -0.246386
vn -0.989117 0.134474 -0.059703
vn -0.995537 0.056225 -0.075791
vn -0.955370 0.293841 -0.030429
vn -0.892204 0.451624 -0.002731
vn -0.805350 0.592193 0.026802
vn -0.700764 0.710999 0.058398
vn -0.588423 0.803394 0.091198
vn -0.479012 0.869148 0.123000
vn -0.380295 0.912333 0.151737
vn -0.296026 0.938790 0.176188
vn -0.226485 0.954096 0.195973
vn -0.169880 0.962565 0.211210
vn -0.123586 0.967155 0.222122
vn -0.084735 0.969742 0.228955
vn -0.050966 0.971412 0.231864
vn -0.020124 0.972793 0.230802
vn 0.010204 0.974178 0.225550
vn 0.042339 0.975514 0.215824
vn 0.078370 0.976411 0.201196
vn 0.120879 0.976028 0.180991
vn 0.172889 0.972760 0.154427
vn 0.237285 0.963898 0.120814
vn 0.316485 0.945245 0.079680
vn 0.410936 0.911123 0.031406
vn 0.517681 0.855289 -0.022063
vn 0.629586 0.773149 -0.076560
vn 0.736723 0.664401 -0.125744
vn 0.830711 0.532371 -0.162790
vn 0.906563 0.380854 -0.181920
vn 0.957728 0.224739 -0.179584
vn 0.974065 0.147226 -0.171820
vn -0.993470 0.111010 0.026338
vn -0.999294 0.027208 0.025907
vn -0.961728 0.272964 0.023871
vn -0.903898 0.426930 0.026435
vn -0.825215 0.563728 0.035091
vn -0.730474 0.681080 0.050380
vn -0.626702 0.776065 0.070479
vn -0.521929 0.847971 0.092390
vn -0.423713 0.898673 0.113373
vn -0.336789 0.932310 0.131800
vn -0.262689 0.953623 0.146961
vn -0.200574 0.966747 0.158649
vn -0.148345 0.974753 0.166883
vn -0.103509 0.979692 0.171726
vn -0.063686 0.982824 0.173209
vn -0.026608 0.984870 0.171239
vn 0.010054 0.986143 0.165592
vn 0.048572 0.986560 0.156016
vn 0.091185 0.985638 0.142134
vn 0.140422 0.982370 0.123414
vn 0.198941 0.974965 0.099325
vn 0.269147 0.960590 0.069470
vn 0.352590 0.935163 0.033915
vn 0.448715 0.893652 -0.006453
vn 0.553576 0.831328 -0.049461
vn 0.659727 0.745894 -0.091664
vn 0.758546 0.638593 -0.129639
vn 0.842922 0.513354 -0.161092
vn 0.909200 0.372917 -0.185173
vn 0.952619 0.225865 -0.203722
vn 0.965577 0.151274 -0.211608
vn -0.989852 0.130446 0.056369
vn -0.995600 0.059952 0.072022
vn -0.960700 0.274978 0.037990
vn -0.907083 0.419669 0.032851
vn -0.835730 0.547964 0.035932
vn -0.749515 0.660436 0.045298
vn -0.653156 0.754969 0.058390
vn -0.553034 0.829958 0.072953
vn -0.456221 0.885583 0.087209
vn -0.368064 0.924410 0.099977
vn -0.290948 0.950326 0.110586
vn -0.224806 0.967144 0.118720
vn -0.168030 0.977921 0.124248
vn -0.118420 0.984795 0.127105
vn -0.073699 0.989133 0.127217
vn -0.031553 0.991725 0.124442
vn 0.010260 0.992891 0.118584
vn 0.053959 0.992532 0.109397
vn 0.101866 0.990103 0.096541
vn 0.156366 0.984485 0.079620
vn 0.219824 0.973798 0.058270
vn 0.294180 0.955203 0.032329
vn 0.380139 0.924927 0.002149
vn 0.476381 0.878692 -0.031025
vn 0.578495 0.813107 -0.064812
vn 0.679829 0.727045 -0.096114
vn 0.773767 0.621528 -0.122424
vn 0.854651 0.499233 -0.142609
vn 0.919174 0.361043 -0.157375
vn 0.962387 0.216748 -0.163800
vn 0.975738 0.143968 -0.164951
vn -0.991409 0.125588 -0.036543
vn -0.996931 0.060543 -0.049626
vn -0.964948 0.262123 -0.012931
vn -0.915846 0.401469 0.007008
vn -0.848696 0.528276 0.025295
vn -0.766090 0.641506 0.039692
vn -0.673156 0.737750 0.050861
vn -0.575883 0.815299 0.060383
vn -0.480364 0.874348 0.069034
vn -0.391708 0.916887 0.076707
vn -0.312677 0.946222 0.083045
vn -0.243674 0.965878 0.087769
vn -0.183492 0.978830 0.090673
vn -0.130190 0.987248 0.091606
vn -0.081595 0.992555 0.090429
vn -0.035447 0.995580 0.086971
vn 0.010440 0.996656 0.081040
vn 0.058264 0.995673 0.072390
vn 0.110324 0.992039 0.060722
vn 0.168883 0.984574 0.045736
vn 0.236048 0.971361 0.027187
vn 0.313350 0.949624 0.005038
vn 0.400919 0.915888 -0.020341
vn 0.496791 0.866544 -0.047964
vn 0.596563 0.798912 -0.076502
vn 0.694595 0.711654 -0.105289
vn 0.785070 0.604538 -0.134904
vn 0.861811 0.479239 -0.166171
vn 0.919888 0.338867 -0.197421
vn 0.953970 0.196949 -0.226169
vn 0.963016 0.127538 -0.237349
vn -0.993572 0.100625 0.051861
vn -0.998567 0.025981 0.046783
vn -0.968190 0.244677 0.052360
vn -0.921989 0.383758 0.051632
vn -0.857349 0.512294 0.050066
vn -0.777190 0.627326 0.049367
vn -0.686929 0.724974 0.050407
vn -0.592085 0.804139 0.052880
vn -0.497926 0.865411 0.055973
vn -0.409219 0.910530 0.058946
vn -0.329019 0.942330 0.061321
vn -0.258053 0.964087 0.062807
vn -0.195421 0.978682 0.063189
vn -0.139369 0.988281 0.062270
vn -0.087856 0.994332 0.059879
vn -0.038676 0.997691 0.055835
vn 0.010322 0.998699 0.049933
vn 0.061311 0.997238 0.041934
vn 0.116544 0.992684 0.031565
vn 0.178157 0.983827 0.018586
vn 0.248073 0.968737 0.002828
vn 0.327520 0.944714 -0.015710
vn 0.416313 0.908481 -0.036698
vn 0.512178 0.856828 -0.059328
vn 0.611288 0.787077 -0.082681
vn 0.709035 0.697131 -0.106196
vn 0.799794 0.586198 -0.129239
vn 0.876598 0.457220 -0.150087
vn 0.933641 0.317457 -0.165938
vn 0.968424 0.178274 -0.174278
vn 0.977880 0.108552 -0.178794
vn -0.985765 0.117554 0.120203
vn -0.989066 0.052160 0.137940
vn -0.963229 0.251416 0.094765
vn -0.918703 0.387461 0.076544
vn -0.857164 0.511172 0.063034
vn -0.781165 0.621917 0.054781
vn -0.694754 0.717481 0.050372
vn -0.602656 0.796563 0.047896
vn -0.509975 0.858948 0.046194
vn -0.421549 0.905701 0.044747
vn -0.340733 0.939163 0.043295
vn -0.268530 0.962372 0.041622
vn -0.204276 0.978115 0.039525
vn -0.146359 0.988546 0.036812
vn -0.092817 0.995126 0.033293
vn -0.041495 0.998725 0.028745
vn 0.009727 0.999689 0.022946
vn 0.062985 0.997891 0.015677
vn 0.120497 0.992691 0.006708
vn 0.184313 0.982859 -0.004176
vn 0.256213 0.966469 -0.017122
vn 0.337170 0.940898 -0.032062
vn 0.426710 0.903086 -0.048522
vn 0.522205 0.850315 -0.065310
vn 0.619851 0.780607 -0.080238
vn 0.715550 0.692748 -0.089938
vn 0.804582 0.586939 -0.090279
vn 0.881390 0.465846 -0.078349
vn 0.941045 0.333699 -0.055493
vn 0.978374 0.205486 -0.023664
vn 0.989663 0.143336 -0.004699
vn -0.992156 0.120625 0.032807
vn -0.998063 0.057067 0.024754
vn -0.966714 0.252020 0.044161
vn -0.921557 0.385075 0.049489
vn -0.860488 0.506694 0.053121
vn -0.785497 0.616588 0.053043
vn -0.700162 0.712265 0.049507
vn -0.609159 0.791822 0.044086
vn -0.517335 0.854931 0.038188
vn -0.429257 0.902597 0.032524
vn -0.348261 0.936999 0.027321
vn -0.275469 0.961046 0.022539
vn -0.210347 0.977461 0.018017
vn -0.151407 0.988378 0.013560
vn -0.096688 0.995274 0.008952
vn -0.044080 0.999020 0.003957
vn 0.008507 0.999963 -0.001641
vn 0.063185 0.997969 -0.008062
vn 0.122123 0.992394 -0.015519
vn 0.187379 0.981989 -0.024215
vn 0.260598 0.964838 -0.034287
vn 0.342548 0.938389 -0.045698
vn 0.432436 0.899790 -0.058112
vn 0.527231 0.846767 -0.070804
vn 0.622674 0.778079 -0.082892
vn 0.714542 0.693280 -0.093770
vn 0.798799 0.592634 -0.103467
vn 0.871846 0.476564 -0.113015
vn 0.930229 0.345410 -0.123959
vn 0.966854 0.212168 -0.142047
vn 0.977421 0.147494 -0.151310
vn -0.988238 0.108065 0.108200
vn -0.993440 0.036484 0.108377
vn -0.963867 0.246696 0.100501
vn -0.920314 0.380368 0.091340
vn -0.860549 0.503185 0.079124
vn -0.786378 0.614204 0.066055
vn -0.701742 0.710424 0.053442
vn -0.611489 0.790153 0.041712
vn -0.520323 0.853413 0.030841
vn -0.432692 0.901300 0.020896
vn -0.351893 0.935963 0.012011
vn -0.279099 0.960253 0.004183
vn -0.213838 0.976866 -0.002706
vn -0.154655 0.987929 -0.008852
vn -0.099591 0.994923 -0.014494
vn -0.046563 0.998718 -0.019857
vn 0.006523 0.999662 -0.025164
vn 0.061773 0.997620 -0.030630
vn 0.121339 0.991941 -0.036468
vn 0.187292 0.981368 -0.042875
vn 0.261235 0.963980 -0.049993
vn 0.343884 0.937226 -0.057898
vn 0.434359 0.898275 -0.066584
vn 0.529686 0.844777 -0.076060
vn 0.625741 0.775210 -0.086595
vn 0.718170 0.688854 -0.098552
vn 0.802559 0.586020 -0.111710
vn 0.875198 0.467416 -0.124702
vn 0.932872 0.333753 -0.135498
vn 0.970984 0.192653 -0.141687
vn 0.982028 0.120248 -0.145467
vn -0.986478 0.111405 0.120213
vn -0.991082 0.041124 0.126750
vn -0.962017 0.249691 0.110350
vn -0.917907 0.384599 0.097625
vn -0.857600 0.507446 0.083786
vn -0.783547 0.617500 0.068905
vn -0.699493 0.712637 0.053470
vn -0.609824 0.791629 0.037931
vn -0.519147 0.854380 0.022826
vn -0.432025 0.901819 0.008775
vn -0.351775 0.936077 -0.003741
vn -0.279541 0.960023 -0.014564
vn -0.214844 0.976359 -0.023770
vn -0.156198 0.987222 -0.031551
vn -0.101639 0.994090 -0.038141
vn -0.049051 0.997836 -0.043785
vn 0.003659 0.998806 -0.048710
vn 0.058621 0.996866 -0.053126
vn 0.118023 0.991359 -0.057252
vn 0.183921 0.981030 -0.061269
vn 0.257991 0.963937 -0.065317
vn 0.341016 0.937484 -0.069508
vn 0.432254 0.898719 -0.073903
vn 0.528860 0.845076 -0.078438
vn 0.626627 0.774916 -0.082733
vn 0.720695 0.687918 -0.085832
vn 0.806169 0.585369 -0.086225
vn 0.879190 0.469321 -0.082242
vn 0.937472 0.340413 -0.072560
vn 0.976834 0.206544 -0.055992
vn 0.989355 0.138482 -0.044719
vn -0.986303 0.115602 0.117658
vn -0.991872 0.045297 0.118903
vn -0.961157 0.253682 0.108728
vn -0.916317 0.388133 0.098567
vn -0.855182 0.511180 0.085782
vn -0.780185 0.621601 0.070171
vn -0.695167 0.716957 0.052106
vn -0.604842 0.795676 0.032665
vn -0.514041 0.857664 0.013229
vn -0.427326 0.904084 -0.004973
vn -0.347944 0.937277 -0.021117
vn -0.276849 0.960280 -0.034893
vn -0.213435 0.975858 -0.046332
vn -0.156123 0.986169 -0.055645
vn -0.102933 0.992686 -0.063087
vn -0.051662 0.996284 -0.068911
vn -0.000211 0.997306 -0.073353
vn 0.053598 0.995617 -0.076640
vn 0.112004 0.990565 -0.078972
vn 0.177059 0.980903 -0.080497
vn 0.250576 0.964673 -0.081349
vn 0.333462 0.939222 -0.081636
vn 0.425107 0.901474 -0.081417
vn 0.522563 0.848781 -0.080618
vn 0.621213 0.779651 -0.078988
vn 0.715837 0.694091 -0.076260
vn 0.801578 0.593478 -0.072496
vn 0.874911 0.479425 -0.068434
vn 0.933762 0.351888 -0.065296
vn 0.973291 0.220678 -0.063295
vn 0.985853 0.155399 -0.062805
vn -0.984104 0.115391 0.134996
vn -0.989392 0.044709 0.138221
vn -0.958384 0.254858 0.128638
vn -0.912849 0.391542 0.115761
vn -0.850466 0.516846 0.097866
vn -0.773823 0.628847 0.075828
vn -0.687159 0.724699 0.051235
vn -0.595676 0.802810 0.025798
vn -0.504553 0.863380 0.001051
vn -0.418408 0.908000 -0.021682
vn -0.340322 0.939391 -0.041532
vn -0.271014 0.960813 -0.058220
vn -0.209672 0.975132 -0.071801
vn -0.154549 0.984533 -0.082516
vn -0.103592 0.990479 -0.090667
vn -0.054544 0.993832 -0.096554
vn -0.005232 0.994930 -0.100433
vn 0.046536 0.993642 -0.102522
vn 0.103042 0.989331 -0.102986
vn 0.166424 0.980770 -0.101946
vn 0.238620 0.966000 -0.099519
vn 0.320740 0.942310 -0.095799
vn 0.412385 0.906462 -0.090916
vn 0.510743 0.855501 -0.085207
vn 0.611262 0.787427 -0.079488
vn 0.708860 0.701307 -0.075406
vn 0.798533 0.597188 -0.075572
vn 0.875512 0.476070 -0.082682
vn 0.935175 0.340663 -0.096937
vn 0.972309 0.202313 -0.116980
vn 0.982910 0.133594 -0.126649
vn -0.979964 0.114695 0.162839
vn -0.985784 0.038777 0.163481
vn -0.953538 0.260942 0.150579
vn -0.906682 0.400968 0.130963
vn -0.842219 0.528603 0.106047
vn -0.763239 0.641495 0.077140
vn -0.674514 0.736826 0.046030
vn -0.581617 0.813334 0.014493
vn -0.490151 0.871496 -0.015741
vn -0.404917 0.913336 -0.043129
vn -0.328707 0.942071 -0.066731
vn -0.261962 0.961214 -0.086277
vn -0.203563 0.973746 -0.101886
vn -0.151568 0.981865 -0.113878
vn -0.103773 0.987014 -0.122613
vn -0.057872 0.990027 -0.128443
vn -0.011622 0.991229 -0.131647
vn 0.037187 0.990494 -0.132438
vn 0.090862 0.987213 -0.130975
vn 0.151671 0.980194 -0.127341
vn 0.221700 0.967504 -0.121598
vn 0.302357 0.946374 -0.113823
vn 0.393616 0.913353 -0.104174
vn 0.493187 0.864927 -0.093106
vn 0.596763 0.798276 -0.081422
vn 0.699228 0.711457 -0.070063
vn 0.794943 0.603730 -0.059794
vn 0.877567 0.476754 -0.050817
vn 0.940908 0.335940 -0.042849
vn 0.980321 0.194508 -0.033737
vn 0.991811 0.123920 -0.030913
vn -0.967055 0.138126 0.213835
vn -0.970129 0.066978 0.233159
vn -0.943032 0.279844 0.179938
vn -0.895394 0.420535 0.146357
vn -0.829359 0.547631 0.110739
vn -0.748059 0.659552 0.073482
vn -0.656819 0.753228 0.035164
vn -0.562018 0.827119 -0.003039
vn -0.470133 0.881722 -0.039257
vn -0.386262 0.919605 -0.071616
vn -0.312733 0.944660 -0.099077
vn -0.249523 0.960726 -0.121428
vn -0.195090 0.970895 -0.138933
vn -0.147248 0.977345 -0.152039
vn -0.103632 0.981464 -0.161211
vn -0.061881 0.984040 -0.166843
vn -0.019680 0.985377 -0.169246
vn 0.025203 0.985352 -0.168663
vn 0.075065 0.983397 -0.165214
vn 0.132296 0.978387 -0.158921
vn 0.199186 0.968449 -0.149774
vn 0.277544 0.950780 -0.137792
vn 0.367858 0.921693 -0.123136
vn 0.468442 0.877079 -0.106277
vn 0.574865 0.813513 -0.087899
vn 0.681062 0.729045 -0.068177
vn 0.780295 0.623705 -0.046175
vn 0.865881 0.499836 -0.020354
vn 0.932549 0.360919 0.009461
vn 0.973902 0.223250 0.040921
vn 0.985905 0.156395 0.059434
vn -0.977399 0.144817 0.154012
vn -0.985981 0.073071 0.150008
vn -0.944369 0.291823 0.151680
vn -0.889221 0.437938 0.132279
vn -0.816365 0.568541 0.101534
vn -0.729088 0.681636 0.061668
vn -0.633054 0.773931 0.016519
vn -0.535398 0.844083 -0.029548
vn -0.443240 0.893452 -0.072680
vn -0.361531 0.925802 -0.110394
vn -0.291848 0.945904 -0.141740
vn -0.233413 0.957973 -0.166752
vn -0.184171 0.965144 -0.185954
vn -0.141657 0.969509 -0.199963
vn -0.103355 0.972361 -0.209361
vn -0.066839 0.974405 -0.214633
vn -0.029747 0.975909 -0.216142
vn 0.010135 0.976758 -0.214105
vn 0.055086 0.976447 -0.208606
vn 0.107579 0.973954 -0.199601
vn 0.170118 0.967528 -0.186949
vn 0.245031 0.954400 -0.170531
vn 0.333582 0.930637 -0.150461
vn 0.434949 0.891402 -0.127367
vn 0.545062 0.832069 -0.102806
vn 0.656944 0.749747 -0.079393
vn 0.762532 0.644117 -0.060488
vn 0.854413 0.517208 -0.049737
vn 0.926918 0.371951 -0.049757
vn 0.972959 0.221811 -0.064425
vn 0.986127 0.147828 -0.075496
vn -0.968399 0.139268 0.206899
vn -0.975595 0.054790 0.212635
vn -0.935111 0.303077 0.183607
vn -0.876376 0.458519 0.147393
vn -0.797119 0.595443 0.100246
vn -0.702309 0.710430 0.045290
vn -0.599951 0.799932 -0.012951
vn -0.499152 0.863714 -0.069602
vn -0.407677 0.905134 -0.120550
vn -0.329594 0.929828 -0.163669
vn -0.265363 0.943472 -0.198606
vn -0.213261 0.950520 -0.225900
vn -0.170652 0.954017 -0.246434
vn -0.134816 0.955868 -0.261038
vn -0.103127 0.957209 -0.270400
vn -0.073010 0.958632 -0.275127
vn -0.042185 0.960340 -0.275621
vn -0.008528 0.962238 -0.272076
vn 0.030287 0.963895 -0.264555
vn 0.076682 0.964445 -0.252915
vn 0.133305 0.962363 -0.236828
vn 0.203135 0.955044 -0.215936
vn 0.288518 0.938412 -0.190106
vn 0.389901 0.906904 -0.159692
vn 0.504569 0.854130 -0.125981
vn 0.625431 0.774899 -0.091478
vn 0.742468 0.667257 -0.059242
vn 0.845345 0.533276 -0.031749
vn 0.925915 0.377587 -0.010459
vn 0.976785 0.214124 0.006522
vn 0.991252 0.131365 0.012784
vn -0.957171 0.161750 0.240126
vn -0.963274 0.075093 0.257807
vn -0.921760 0.332149 0.200087
vn -0.856256 0.495121 0.147247
vn -0.767459 0.635697 0.083043
vn -0.662718 0.748785 0.011269
vn -0.553113 0.830809 -0.061819
vn -0.450103 0.883508 -0.129694
vn -0.361334 0.913255 -0.188157
vn -0.289197 0.927742 -0.235925
vn -0.232572 0.933313 -0.273562
vn -0.188692 0.934353 -0.302292
vn -0.154327 0.933560 -0.323495
vn -0.126679 0.932521 -0.338167
vn -0.103036 0.932150 -0.347103
vn -0.080550 0.932877 -0.351072
vn -0.057220 0.934825 -0.350469
vn -0.031129 0.937910 -0.345480
vn 0.000219 0.941793 -0.336192
vn 0.038985 0.945829 -0.322316
vn 0.087675 0.948865 -0.303263
vn 0.150122 0.948679 -0.278337
vn 0.229914 0.941354 -0.246968
vn 0.328967 0.920949 -0.208887
vn 0.446482 0.879536 -0.164531
vn 0.576018 0.809203 -0.115737
vn 0.705305 0.705857 -0.065659
vn 0.820453 0.571441 -0.017656
vn 0.910835 0.411954 0.025966
vn 0.967416 0.245170 0.063234
vn 0.983441 0.161962 0.081320
vn -0.955011 0.186220 0.230815
vn -0.965750 0.093225 0.242150
vn -0.908995 0.370341 0.191249
vn -0.829200 0.544486 0.126339
vn -0.723854 0.688611 0.043016
vn -0.604755 0.794886 -0.049270
vn -0.487713 0.861929 -0.138615
vn -0.385209 0.897056 -0.216575
vn -0.302503 0.911003 -0.280295
vn -0.239461 0.912959 -0.330399
vn -0.193172 0.909239 -0.368741
vn -0.159677 0.903728 -0.397214
vn -0.135088 0.898387 -0.417914
vn -0.117207 0.894329 -0.431785
vn -0.102931 0.892206 -0.439743
vn -0.089136 0.892138 -0.442883
vn -0.074678 0.894275 -0.441243
vn -0.057434 0.898571 -0.435054
vn -0.034844 0.904701 -0.424621
vn -0.005289 0.912347 -0.409384
vn 0.033161 0.920816 -0.388586
vn 0.085039 0.928660 -0.361052
vn 0.155478 0.932673 -0.325497
vn 0.248072 0.927126 -0.280888
vn 0.364820 0.903046 -0.226748
vn 0.501883 0.849161 -0.164437
vn 0.646774 0.756250 -0.098840
vn 0.781751 0.622422 -0.038170
vn 0.890752 0.454397 0.009222
vn 0.961754 0.271502 0.036274
vn 0.983012 0.178339 0.043391
vn -0.941849 0.218442 0.255349
vn -0.953829 0.110956 0.279104
vn -0.884643 0.426885 0.187555
vn -0.783781 0.614873 0.087289
vn -0.654822 0.755158 -0.030737
vn -0.519396 0.841548 -0.148407
vn -0.398687 0.881995 -0.251263
vn -0.302496 0.892681 -0.334091
vn -0.231233 0.887823 -0.397871
vn -0.181164 0.876557 -0.445901
vn -0.148239 0.863789 -0.481554
vn -0.126897 0.852361 -0.507325
vn -0.113118 0.842875 -0.526085
vn -0.107324 0.836328 -0.537622
vn -0.102225 0.832972 -0.543790
vn -0.097289 0.831823 -0.546448
vn -0.094064 0.833936 -0.543785
vn -0.085366 0.839119 -0.537207
vn -0.073047 0.846638 -0.527132
vn -0.054843 0.857451 -0.511634
vn -0.027925 0.870726 -0.490976
vn 0.009266 0.886083 -0.463434
vn 0.065089 0.902143 -0.426500
vn 0.145234 0.914062 -0.378678
vn 0.254799 0.913140 -0.318202
vn 0.394871 0.885746 -0.243991
vn 0.556960 0.815259 -0.158582
vn 0.720645 0.689711 -0.070499
vn 0.859989 0.510271 0.006540
vn 0.951988 0.300305 0.059466
vn 0.978684 0.189862 0.078301
vn -0.925161 0.280980 0.255200
vn -0.943504 0.151764 0.294563
vn -0.841347 0.520834 0.144454
vn -0.703063 0.711103 -0.005951
vn -0.544491 0.823180 -0.160951
vn -0.398532 0.868263 -0.295451
vn -0.284629 0.871103 -0.400208
vn -0.203669 0.854444 -0.477958
vn -0.150901 0.831632 -0.534432
vn -0.117826 0.809678 -0.574925
vn -0.101970 0.790700 -0.603652
vn -0.092445 0.776115 -0.623778
vn -0.088639 0.763777 -0.639366
vn -0.100212 0.756110 -0.646727
vn -0.098565 0.752478 -0.651201
vn -0.102355 0.749114 -0.654486
vn -0.116446 0.751174 -0.649752
vn -0.108908 0.756639 -0.644699
vn -0.110896 0.763085 -0.636713
vn -0.108779 0.776457 -0.620711
vn -0.089123 0.793075 -0.602569
vn -0.071642 0.812644 -0.578340
vn -0.036803 0.838405 -0.543805
vn 0.024216 0.866506 -0.498579
vn 0.115892 0.890937 -0.439091
vn 0.246831 0.899467 -0.360601
vn 0.417301 0.870534 -0.260828
vn 0.612152 0.777498 -0.144105
vn 0.797918 0.602172 -0.026734
vn 0.929093 0.363965 0.065690
vn 0.967478 0.231724 0.101438
vn -0.889512 0.401418 0.218248
vn -0.923094 0.243262 0.297859
vn -0.751887 0.658700 0.027927
vn -0.560853 0.808348 -0.178934
vn -0.380698 0.854722 -0.352874
vn -0.241880 0.841920 -0.482353
vn -0.152542 0.805972 -0.571962
vn -0.096338 0.767827 -0.633373
vn -0.070239 0.733998 -0.675510
vn -0.055506 0.707928 -0.704100
vn -0.061062 0.688020 -0.723118
vn -0.059043 0.673869 -0.736488
vn -0.062187 0.660520 -0.748229
vn -0.101020 0.653650 -0.750025
vn -0.084493 0.649552 -0.755608
vn -0.103148 0.641833 -0.759876
vn -0.146736 0.644886 -0.750061
vn -0.116592 0.650024 -0.750916
vn -0.145465 0.651441 -0.744624
vn -0.169753 0.667257 -0.725226
vn -0.139996 0.686720 -0.713314
vn -0.148410 0.704502 -0.694011
vn -0.140661 0.734141 -0.664268
vn -0.101566 0.771250 -0.628377
vn -0.041768 0.814390 -0.578813
vn 0.061128 0.858767 -0.508707
vn 0.218488 0.884832 -0.411504
vn 0.430198 0.857744 -0.281435
vn 0.672310 0.729929 -0.123301
vn 0.873142 0.486357 0.032851
vn 0.938005 0.330654 0.103991
vn -0.796490 0.600503 0.070705
vn -0.872876 0.441383 0.208008
vn -0.566526 0.797632 -0.206958
vn -0.336434 0.836627 -0.432281
vn -0.168784 0.794288 -0.583625
vn -0.066312 0.730420 -0.679772
vn -0.022592 0.673329 -0.738998
vn 0.008631 0.628760 -0.777551
vn -0.001470 0.594625 -0.804002
vn -0.002173 0.572349 -0.820007
vn -0.029398 0.557393 -0.829728
vn -0.027146 0.544211 -0.838509
vn -0.036904 0.532954 -0.845339
vn -0.114216 0.529071 -0.840856
vn -0.049339 0.523776 -0.850426
vn -0.102646 0.511406 -0.853187
vn -0.188946 0.515579 -0.835750
vn -0.097266 0.520757 -0.848146
vn -0.175678 0.515152 -0.838901
vn -0.239765 0.530971 -0.812762
vn -0.167951 0.552306 -0.816548
vn -0.212133 0.561148 -0.800070
vn -0.238432 0.588761 -0.772341
vn -0.210293 0.626284 -0.750696
vn -0.192902 0.670152 -0.716719
vn -0.138254 0.732079 -0.667043
vn -0.025189 0.804180 -0.593851
vn 0.161360 0.861708 -0.481065
vn 0.434598 0.844380 -0.313285
vn 0.731063 0.675655 -0.095062
vn 0.847304 0.530639 0.022314
vn -0.526458 0.817145 -0.234768
vn -0.663983 0.746898 -0.035629
vn -0.245411 0.807436 -0.536489
vn -0.053448 0.711017 -0.701141
vn 0.049146 0.612254 -0.789132
vn 0.087804 0.538727 -0.837892
vn 0.074533 0.493755 -0.866401
vn 0.103160 0.456770 -0.883583
vn 0.044793 0.430520 -0.901469
vn 0.033618 0.417457 -0.908074
vn -0.006714 0.411979 -0.911169
vn 0.002931 0.398962 -0.916963
vn -0.018757 0.394294 -0.918793
vn -0.142548 0.396670 -0.906826
vn 0.008921 0.393610 -0.919234
vn -0.106741 0.378061 -0.919607
vn -0.237252 0.382544 -0.892957
vn -0.050862 0.388000 -0.920255
vn -0.204008 0.375848 -0.903946
vn -0.308221 0.388191 -0.868509
vn -0.157584 0.403619 -0.901254
vn -0.259980 0.397169 -0.880152
vn -0.324868 0.420079 -0.847346
vn -0.276268 0.450981 -0.848701
vn -0.305293 0.473785 -0.826029
vn -0.306936 0.523771 -0.794641
vn -0.259760 0.602820 -0.754409
vn -0.155079 0.710550 -0.686345
vn 0.060439 0.822264 -0.565888
vn 0.386092 0.861370 -0.330114
vn 0.552415 0.816760 -0.166554
vn -0.293402 0.861523 -0.414358
vn -0.425621 0.878668 -0.216310
vn -0.047699 0.728188 -0.683716
vn 0.099864 0.579674 -0.808706
vn 0.154217 0.477826 -0.864812
vn 0.154891 0.419685 -0.894356
vn 0.112804 0.392288 -0.912900
vn 0.143182 0.364395 -0.920171
vn 0.068044 0.339812 -0.938029
vn 0.041244 0.336649 -0.940727
vn 0.007628 0.333589 -0.942688
vn 0.012118 0.324972 -0.945646
vn -0.007136 0.320270 -0.947300
vn -0.159930 0.331042 -0.929964
vn 0.038281 0.332239 -0.942418
vn -0.110879 0.309649 -0.944364
vn -0.256016 0.320175 -0.912110
vn -0.023577 0.324716 -0.945518
vn -0.224970 0.303709 -0.925824
vn -0.330604 0.320733 -0.887599
vn -0.139583 0.327060 -0.934638
vn -0.286928 0.307240 -0.907345
vn -0.358043 0.333453 -0.872132
vn -0.295018 0.354714 -0.887211
vn -0.349371 0.359712 -0.865186
vn -0.375912 0.395804 -0.837872
vn -0.364789 0.459956 -0.809549
vn -0.314199 0.567806 -0.760839
vn -0.150300 0.729844 -0.666887
vn 0.120233 0.886157 -0.447515
vn 0.268923 0.921654 -0.279706
vn -0.036548 -0.052939 -0.997929
vn 0.093234 -0.031515 -0.995145
vn 0.099997 -0.030376 -0.994524
vn -0.036548 -0.052939 -0.997929
vn 0.253283 0.004276 -0.967383
vn 0.255330 0.005096 -0.966841
vn 0.284749 0.011996 -0.958527
vn 0.284683 0.011900 -0.958548
vn 0.265506 0.000230 -0.964109
vn 0.265406 0.000196 -0.964137
vn 0.224698 -0.006639 -0.974406
vn 0.224605 -0.006646 -0.974427
vn 0.156046 -0.016266 -0.987616
vn 0.156194 -0.016240 -0.987593
vn 0.210517 -0.020739 -0.977370
vn 0.209727 -0.020764 -0.977540
vn 0.088402 -0.027186 -0.995714
vn 0.085241 -0.027315 -0.995986
vn 0.072968 -0.027821 -0.996946
vn 0.070132 -0.027935 -0.997147
vn 0.027777 -0.033900 -0.999039
vn 0.024476 -0.034087 -0.999119
vn 0.047000 -0.035176 -0.998275
vn 0.043683 -0.035336 -0.998420
vn 0.011074 -0.032661 -0.999405
vn 0.002344 -0.032941 -0.999455
vn -0.170518 -0.039538 -0.984561
vn -0.172390 -0.039561 -0.984234
vn 0.097529 -0.033687 -0.994662
vn 0.095485 -0.033748 -0.994859
vn -0.105202 -0.040443 -0.993628
vn -0.119210 -0.040804 -0.992030
vn -0.272789 -0.047008 -0.960925
vn -0.277254 -0.047034 -0.959645
vn 0.023896 -0.041816 -0.998840
vn 0.022803 -0.041852 -0.998864
vn -0.232749 -0.047707 -0.971366
vn -0.245476 -0.047940 -0.968217
vn -0.357277 -0.052476 -0.932523
vn -0.361970 -0.052476 -0.930712
vn -0.101750 -0.051476 -0.993477
vn -0.101787 -0.051476 -0.993474
vn -0.298393 -0.053146 -0.952962
vn -0.303593 -0.053141 -0.951319
vn -0.393353 -0.052397 -0.917893
vn -0.394994 -0.052391 -0.917189
vn -0.291460 -0.058494 -0.954793
vn -0.291603 -0.058523 -0.954747
vn -0.374876 -0.064891 -0.924801
vn -0.374992 -0.064890 -0.924754
vn -0.426381 -0.068726 -0.901929
vn -0.426379 -0.068710 -0.901931
vn -0.446076 -0.079557 -0.891452
vn -0.445957 -0.079516 -0.891515
vn -0.470701 -0.089928 -0.877698
vn -0.470571 -0.089836 -0.877777
vn -0.445693 -0.071996 -0.892286
vn -0.447624 -0.073366 -0.891207
vn -0.297484 -0.043517 -0.953735
vn -0.302038 -0.043788 -0.952290
vn -0.167098 -0.035538 -0.985300
vn -0.167098 -0.035538 -0.985300
vn -0.324246 -0.928831 -0.179271
vn -0.211122 -0.903405 -0.373212
vn -0.446827 -0.869999 -0.208443
vn -0.577524 -0.816144 -0.019369
vn 0.009217 -0.764199 -0.644914
vn -0.177307 -0.847614 -0.500113
vn 0.151733 -0.611763 -0.776352
vn 0.011230 -0.746536 -0.665251
vn 0.197910 -0.506308 -0.839335
vn 0.105166 -0.644336 -0.757477
vn 0.193230 -0.446854 -0.873489
vn 0.136290 -0.570366 -0.810005
vn 0.155660 -0.423576 -0.892386
vn 0.126942 -0.527418 -0.840069
vn 0.181893 -0.396306 -0.899920
vn 0.150408 -0.489626 -0.858862
vn 0.099430 -0.380422 -0.919452
vn 0.085581 -0.470156 -0.878425
vn 0.077676 -0.378506 -0.922334
vn 0.077794 -0.458887 -0.885082
vn 0.044541 -0.380455 -0.923726
vn 0.038615 -0.457605 -0.888317
vn 0.051357 -0.375534 -0.925385
vn 0.052119 -0.445874 -0.893577
vn 0.016257 -0.371806 -0.928168
vn 0.009052 -0.443935 -0.896013
vn -0.118574 -0.392401 -0.912119
vn -0.092118 -0.455554 -0.885429
vn 0.085010 -0.381854 -0.920305
vn 0.064933 -0.442639 -0.894346
vn -0.096363 -0.373096 -0.922775
vn -0.092060 -0.436940 -0.894767
vn -0.208140 -0.391490 -0.896333
vn -0.178086 -0.450228 -0.874975
vn 0.019282 -0.383248 -0.923444
vn -0.000224 -0.444394 -0.895831
vn -0.210471 -0.375871 -0.902454
vn -0.188581 -0.442385 -0.876774
vn -0.279079 -0.398265 -0.873785
vn -0.245095 -0.461643 -0.852534
vn -0.095414 -0.397428 -0.912660
vn -0.103601 -0.469118 -0.877038
vn -0.265824 -0.387472 -0.882725
vn -0.232636 -0.470691 -0.851076
vn -0.312416 -0.413694 -0.855134
vn -0.270445 -0.495930 -0.825174
vn -0.247664 -0.433934 -0.866235
vn -0.219143 -0.522291 -0.824129
vn -0.310083 -0.443623 -0.840861
vn -0.256608 -0.545534 -0.797838
vn -0.329946 -0.476928 -0.814663
vn -0.250462 -0.591464 -0.766446
vn -0.313987 -0.533489 -0.785367
vn -0.196728 -0.660367 -0.724717
vn -0.254596 -0.626965 -0.736271
vn -0.082089 -0.750806 -0.655402
vn -0.086192 -0.763830 -0.639636
vn 0.138630 -0.835676 -0.531439
vn 0.211513 -0.878338 -0.428701
vn 0.478089 -0.825393 -0.300263
vn 0.388754 -0.882871 -0.263458
vn 0.657114 -0.740841 -0.139124
vn -0.735808 -0.672369 0.080659
vn -0.826916 -0.520551 0.212688
vn -0.487688 -0.853521 -0.183470
vn -0.255302 -0.881288 -0.397684
vn -0.093641 -0.832681 -0.545778
vn 0.000840 -0.766446 -0.642308
vn 0.044859 -0.709291 -0.703487
vn 0.071264 -0.663372 -0.744889
vn 0.056753 -0.632390 -0.772569
vn 0.055917 -0.611750 -0.789072
vn 0.029917 -0.599503 -0.799814
vn 0.036846 -0.585668 -0.809713
vn 0.003017 -0.578079 -0.815975
vn -0.047246 -0.581022 -0.812515
vn 0.019422 -0.569424 -0.821814
vn -0.078518 -0.563379 -0.822459
vn -0.111396 -0.574409 -0.810953
vn -0.033667 -0.571666 -0.819795
vn -0.149261 -0.573670 -0.805372
vn -0.159240 -0.594249 -0.788360
vn -0.099371 -0.606901 -0.788541
vn -0.167474 -0.620643 -0.765999
vn -0.169403 -0.649387 -0.741349
vn -0.139657 -0.679922 -0.719862
vn -0.126578 -0.718597 -0.683810
vn -0.064236 -0.771423 -0.633073
vn 0.055843 -0.827582 -0.558560
vn 0.248746 -0.860287 -0.445007
vn 0.517552 -0.809404 -0.277497
vn 0.802601 -0.592982 -0.064844
vn 0.906607 -0.419377 0.046763
vn -0.849753 -0.474277 0.230177
vn -0.898663 -0.313039 0.307264
vn -0.682190 -0.729800 0.044824
vn -0.476773 -0.865822 -0.151790
vn -0.294854 -0.900961 -0.318326
vn -0.160393 -0.881568 -0.443974
vn -0.073263 -0.842884 -0.533084
vn -0.020974 -0.803087 -0.595493
vn 0.003000 -0.769565 -0.638562
vn 0.014827 -0.743826 -0.668209
vn 0.009853 -0.725466 -0.688187
vn 0.014181 -0.710495 -0.703560
vn -0.003938 -0.699877 -0.714253
vn -0.024244 -0.696450 -0.717196
vn -0.009758 -0.688966 -0.724728
vn -0.055671 -0.686077 -0.725396
vn -0.062664 -0.692395 -0.718792
vn -0.043633 -0.692769 -0.719838
vn -0.094590 -0.699555 -0.708291
vn -0.084478 -0.716191 -0.692773
vn -0.063437 -0.729057 -0.681507
vn -0.082742 -0.747531 -0.659054
vn -0.062434 -0.774565 -0.629405
vn -0.022538 -0.804566 -0.593435
vn 0.038596 -0.838781 -0.543099
vn 0.146744 -0.869135 -0.472303
vn 0.307865 -0.874408 -0.375008
vn 0.518259 -0.818984 -0.246317
vn 0.746683 -0.658651 -0.092969
vn 0.921989 -0.383534 0.053276
vn 0.969103 -0.217420 0.116481
vn -0.897881 -0.349679 0.267458
vn -0.928073 -0.215116 0.303983
vn -0.787026 -0.595504 0.161133
vn -0.626795 -0.779016 0.016188
vn -0.458424 -0.878968 -0.131390
vn -0.310845 -0.914249 -0.259855
vn -0.197726 -0.911154 -0.361528
vn -0.119244 -0.890906 -0.438255
vn -0.068081 -0.866342 -0.494789
vn -0.037691 -0.843488 -0.535824
vn -0.022208 -0.824691 -0.565147
vn -0.012691 -0.809601 -0.586844
vn -0.014635 -0.798457 -0.601874
vn -0.018197 -0.792024 -0.610219
vn -0.019008 -0.787000 -0.616660
vn -0.032417 -0.785926 -0.617470
vn -0.030726 -0.788818 -0.613859
vn -0.028580 -0.791744 -0.610184
vn -0.037618 -0.799697 -0.599224
vn -0.021972 -0.811462 -0.583992
vn -0.006569 -0.823817 -0.566818
vn 0.009057 -0.840674 -0.541466
vn 0.048823 -0.860836 -0.506535
vn 0.110658 -0.880519 -0.460914
vn 0.204792 -0.892982 -0.400804
vn 0.337555 -0.884348 -0.322468
vn 0.506194 -0.832718 -0.224386
vn 0.692124 -0.713053 -0.111894
vn 0.858886 -0.512163 -0.001911
vn 0.962474 -0.259542 0.079254
vn 0.986001 -0.126464 0.108668
vn -0.920255 -0.286356 0.266705
vn -0.942027 -0.174657 0.286496
vn -0.840845 -0.500974 0.204953
vn -0.718147 -0.687281 0.109132
vn -0.574078 -0.818790 -0.004061
vn -0.431638 -0.894540 -0.116130
vn -0.308806 -0.926570 -0.214724
vn -0.213032 -0.931453 -0.294980
vn -0.142621 -0.922912 -0.357622
vn -0.094102 -0.909332 -0.405289
vn -0.061986 -0.895362 -0.441004
vn -0.041329 -0.883109 -0.467345
vn -0.028762 -0.873488 -0.485995
vn -0.020878 -0.866800 -0.498219
vn -0.017051 -0.862818 -0.505227
vn -0.013080 -0.861803 -0.507074
vn -0.005557 -0.863170 -0.504883
vn 0.001411 -0.866654 -0.498908
vn 0.013705 -0.872779 -0.487924
vn 0.035033 -0.880568 -0.472623
vn 0.060424 -0.889882 -0.452171
vn 0.098610 -0.900219 -0.424124
vn 0.156065 -0.908778 -0.386997
vn 0.236765 -0.910453 -0.339143
vn 0.346906 -0.895460 -0.278942
vn 0.484899 -0.849923 -0.206165
vn 0.640222 -0.758112 -0.124028
vn 0.790801 -0.610660 -0.041589
vn 0.909765 -0.414260 0.026762
vn 0.977663 -0.198441 0.069250
vn 0.992511 -0.089656 0.082965
vn -0.934918 -0.258303 0.243328
vn -0.954154 -0.163509 0.250709
vn -0.870262 -0.444767 0.211721
vn -0.771700 -0.617804 0.150987
vn -0.650538 -0.756197 0.070478
vn -0.520649 -0.853569 -0.018556
vn -0.398301 -0.911328 -0.104108
vn -0.293890 -0.938942 -0.178931
vn -0.210758 -0.947460 -0.240624
vn -0.148208 -0.945621 -0.289545
vn -0.102429 -0.939360 -0.327279
vn -0.069304 -0.932081 -0.355559
vn -0.044776 -0.925465 -0.376177
vn -0.026508 -0.920305 -0.390303
vn -0.012371 -0.917113 -0.398435
vn 0.002251 -0.915843 -0.401530
vn 0.017602 -0.916259 -0.400200
vn 0.034680 -0.918380 -0.394178
vn 0.058228 -0.921617 -0.383708
vn 0.088070 -0.925376 -0.368678
vn 0.126153 -0.929012 -0.347883
vn 0.178752 -0.930311 -0.320263
vn 0.249219 -0.925574 -0.284962
vn 0.341174 -0.908561 -0.241074
vn 0.455820 -0.869855 -0.188627
vn 0.587415 -0.798829 -0.129674
vn 0.722794 -0.687567 -0.069438
vn 0.843211 -0.537336 -0.016298
vn 0.933507 -0.357866 0.022293
vn 0.984426 -0.170706 0.042017
vn 0.995846 -0.077882 0.047163
vn -0.938336 -0.236969 0.251737
vn -0.952664 -0.151643 0.263506
vn -0.887070 -0.406538 0.218708
vn -0.805011 -0.568112 0.170897
vn -0.701021 -0.704555 0.110322
vn -0.583788 -0.810842 0.041556
vn -0.466133 -0.884258 -0.028425
vn -0.359010 -0.928659 -0.093300
vn -0.268397 -0.951651 -0.149410
vn -0.195689 -0.960974 -0.195540
vn -0.138948 -0.962721 -0.232080
vn -0.095052 -0.960876 -0.260160
vn -0.060536 -0.957790 -0.281024
vn -0.032616 -0.954755 -0.295601
vn -0.008664 -0.952462 -0.304535
vn 0.014478 -0.951082 -0.308601
vn 0.038183 -0.950553 -0.308207
vn 0.064475 -0.950693 -0.303357
vn 0.096276 -0.950865 -0.294255
vn 0.134884 -0.950290 -0.280634
vn 0.183289 -0.947555 -0.261813
vn 0.245530 -0.939891 -0.237319
vn 0.324228 -0.923104 -0.206773
vn 0.421062 -0.890926 -0.170171
vn 0.534191 -0.835552 -0.128425
vn 0.656165 -0.749964 -0.083682
vn 0.774322 -0.631573 -0.039259
vn 0.874864 -0.484365 0.001631
vn 0.948397 -0.314856 0.037534
vn 0.987788 -0.139627 0.069125
vn 0.995121 -0.053062 0.083179
vn -0.953653 -0.216989 0.208478
vn -0.967613 -0.131815 0.215290
vn -0.904325 -0.381021 0.192403
vn -0.829081 -0.534449 0.164281
vn -0.734843 -0.666760 0.124245
vn -0.627553 -0.775003 0.074490
vn -0.515931 -0.856401 0.019821
vn -0.409416 -0.911716 -0.033951
vn -0.314814 -0.945554 -0.082581
vn -0.235118 -0.964030 -0.123956
vn -0.170126 -0.972735 -0.157619
vn -0.117645 -0.975852 -0.184047
vn -0.074719 -0.976108 -0.204033
vn -0.038536 -0.975112 -0.218340
vn -0.006479 -0.973736 -0.227590
vn 0.024074 -0.972333 -0.232356
vn 0.055181 -0.970909 -0.233005
vn 0.088985 -0.969194 -0.229664
vn 0.127850 -0.966532 -0.222421
vn 0.173893 -0.961860 -0.211156
vn 0.229850 -0.953372 -0.195577
vn 0.298601 -0.938098 -0.175527
vn 0.382022 -0.911728 -0.151033
vn 0.480013 -0.868655 -0.122581
vn 0.589224 -0.802776 -0.091464
vn 0.702055 -0.709601 -0.059880
vn 0.807570 -0.588971 -0.030721
vn 0.895683 -0.444643 -0.006734
vn 0.959452 -0.281697 0.009950
vn 0.993282 -0.114437 0.017152
vn 0.999321 -0.031016 0.019894
vn -0.959365 -0.226940 0.167679
vn -0.975534 -0.153528 0.157359
vn -0.911385 -0.373594 0.172644
vn -0.841559 -0.516577 0.157883
vn -0.755875 -0.641664 0.130077
vn -0.657413 -0.747828 0.092527
vn -0.552053 -0.832335 0.049564
vn -0.447564 -0.894234 0.005656
vn -0.351141 -0.935653 -0.035420
vn -0.266918 -0.961070 -0.071413
vn -0.195867 -0.975369 -0.101442
vn -0.136683 -0.982633 -0.125497
vn -0.086945 -0.985743 -0.144055
vn -0.044033 -0.986507 -0.157685
vn -0.005392 -0.985958 -0.166905
vn 0.031428 -0.984567 -0.172162
vn 0.068693 -0.982385 -0.173784
vn 0.108581 -0.979100 -0.171972
vn 0.153314 -0.973994 -0.166826
vn 0.205193 -0.965831 -0.158327
vn 0.266620 -0.952616 -0.146410
vn 0.339742 -0.931335 -0.131114
vn 0.425509 -0.897899 -0.112779
vn 0.522643 -0.847547 -0.092241
vn 0.626718 -0.775978 -0.071288
vn 0.730190 -0.681191 -0.052935
vn 0.824599 -0.564258 -0.040619
vn 0.902793 -0.428483 -0.036962
vn 0.959822 -0.277282 -0.043083
vn 0.989862 -0.128408 -0.060707
vn 0.995667 -0.056948 -0.073515
vn -0.948677 -0.221204 0.226010
vn -0.958871 -0.152543 0.239369
vn -0.911401 -0.360337 0.198759
vn -0.850619 -0.497508 0.170098
vn -0.772467 -0.619886 0.137968
vn -0.679853 -0.725988 0.103639
vn -0.578760 -0.812671 0.067837
vn -0.476247 -0.878737 0.031782
vn -0.379110 -0.925348 -0.002509
vn -0.291973 -0.955849 -0.033246
vn -0.216535 -0.974464 -0.059434
vn -0.152237 -0.985033 -0.080837
vn -0.097141 -0.990465 -0.097689
vn -0.048847 -0.992687 -0.110390
vn -0.004915 -0.992840 -0.119352
vn 0.037052 -0.991472 -0.124941
vn 0.079315 -0.988669 -0.127450
vn 0.124041 -0.984102 -0.127114
vn 0.173459 -0.976995 -0.124068
vn 0.229804 -0.966011 -0.118375
vn 0.295188 -0.949074 -0.110103
vn 0.371216 -0.923211 -0.099397
vn 0.458019 -0.884712 -0.086618
vn 0.553589 -0.829630 -0.072485
vn 0.653114 -0.755042 -0.057913
vn 0.750039 -0.659968 -0.043408
vn 0.838227 -0.544605 -0.027956
vn 0.911772 -0.410595 -0.009128
vn 0.964898 -0.262242 0.014211
vn 0.992225 -0.116400 0.044049
vn 0.997119 -0.046995 0.059540
vn -0.965701 -0.202310 0.162765
vn -0.977659 -0.128846 0.166076
vn -0.925481 -0.344774 0.156896
vn -0.864849 -0.480902 0.144118
vn -0.787638 -0.603005 0.126534
vn -0.697024 -0.709504 0.103743
vn -0.598368 -0.797506 0.077078
vn -0.497496 -0.866104 0.048607
vn -0.400226 -0.916186 0.020548
vn -0.311187 -0.950334 -0.005227
vn -0.232618 -0.972176 -0.027620
vn -0.164490 -0.985293 -0.046274
vn -0.105260 -0.992556 -0.061263
vn -0.052743 -0.995947 -0.072859
vn -0.004634 -0.996672 -0.081387
vn 0.041417 -0.995332 -0.087173
vn 0.087623 -0.992035 -0.090490
vn 0.136136 -0.986451 -0.091546
vn 0.189181 -0.977762 -0.090511
vn 0.248867 -0.964575 -0.087524
vn 0.317088 -0.944782 -0.082714
vn 0.395059 -0.915486 -0.076250
vn 0.482426 -0.873265 -0.068362
vn 0.576745 -0.814757 -0.059469
vn 0.673384 -0.737594 -0.050090
vn 0.766844 -0.640546 -0.040631
vn 0.851605 -0.523223 -0.031741
vn 0.921438 -0.387726 -0.024904
vn 0.970560 -0.239909 -0.021384
vn 0.995342 -0.093496 -0.023502
vn 0.999491 -0.021434 -0.023615
vn -0.968969 -0.202089 0.142337
vn -0.981474 -0.130749 0.140049
vn -0.929594 -0.340923 0.140097
vn -0.870311 -0.474358 0.132452
vn -0.795522 -0.594070 0.119269
vn -0.707787 -0.699049 0.101823
vn -0.611681 -0.786910 0.081354
vn -0.512501 -0.856644 0.059187
vn -0.415504 -0.908845 0.036827
vn -0.325273 -0.945488 0.015800
vn -0.244512 -0.969642 -0.002846
vn -0.173583 -0.984642 -0.018683
vn -0.111248 -0.993288 -0.031685
vn -0.055528 -0.997572 -0.042032
vn -0.004243 -0.998740 -0.049998
vn 0.044911 -0.997428 -0.055855
vn 0.094103 -0.993762 -0.059850
vn 0.145468 -0.987405 -0.062207
vn 0.201199 -0.977515 -0.063111
vn 0.263296 -0.962674 -0.062726
vn 0.333487 -0.940765 -0.061223
vn 0.412719 -0.908960 -0.058781
vn 0.500341 -0.864040 -0.055621
vn 0.593388 -0.803222 -0.052209
vn 0.687147 -0.724829 -0.049508
vn 0.776272 -0.628475 -0.049194
vn 0.855303 -0.515321 -0.053863
vn 0.919195 -0.388222 -0.066071
vn 0.964462 -0.249813 -0.086060
vn 0.987467 -0.112746 -0.110441
vn 0.991082 -0.045904 -0.125099
vn -0.970872 -0.204766 0.124413
vn -0.982837 -0.134941 0.125791
vn -0.931914 -0.340921 0.123728
vn -0.873744 -0.471846 0.118039
vn -0.800364 -0.589423 0.109537
vn -0.714441 -0.692844 0.097683
vn -0.620170 -0.780082 0.082835
vn -0.522302 -0.850196 0.066089
vn -0.425642 -0.903574 0.048814
vn -0.334713 -0.941768 0.032249
vn -0.252474 -0.967450 0.017277
vn -0.179576 -0.983735 0.004313
vn -0.115036 -0.993340 -0.006584
vn -0.057055 -0.998250 -0.015563
vn -0.003514 -0.999733 -0.022842
vn 0.047845 -0.998444 -0.028651
vn 0.099130 -0.994520 -0.033220
vn 0.152468 -0.987624 -0.036774
vn 0.210012 -0.976899 -0.039533
vn 0.273691 -0.960914 -0.041695
vn 0.345110 -0.937556 -0.043444
vn 0.424996 -0.904077 -0.044976
vn 0.512464 -0.857449 -0.046494
vn 0.604170 -0.795398 -0.048185
vn 0.695384 -0.716878 -0.050272
vn 0.781037 -0.622244 -0.052862
vn 0.856371 -0.513344 -0.055746
vn 0.917999 -0.392260 -0.058398
vn 0.963940 -0.259156 -0.060476
vn 0.990489 -0.123498 -0.060667
vn 0.996634 -0.056483 -0.059418
vn -0.970312 -0.203606 0.130538
vn -0.982318 -0.135164 0.129549
vn -0.932699 -0.337821 0.126292
vn -0.875696 -0.467858 0.119437
vn -0.803613 -0.585047 0.109205
vn -0.718807 -0.688388 0.097151
vn -0.625339 -0.775780 0.084364
vn -0.527919 -0.846294 0.071325
vn -0.431291 -0.900325 0.058333
vn -0.339853 -0.939358 0.045891
vn -0.256643 -0.965890 0.034516
vn -0.182478 -0.982906 0.024466
vn -0.116553 -0.993059 0.015766
vn -0.057178 -0.998330 0.008288
vn -0.002242 -0.999996 0.001841
vn 0.050435 -0.998720 -0.003795
vn 0.102956 -0.994647 -0.008847
vn 0.157424 -0.987438 -0.013528
vn 0.215935 -0.976240 -0.018078
vn 0.280422 -0.959608 -0.022719
vn 0.352386 -0.935446 -0.027651
vn 0.432388 -0.901081 -0.033059
vn 0.519415 -0.853629 -0.039059
vn 0.610240 -0.790911 -0.045467
vn 0.700433 -0.711843 -0.051707
vn 0.785325 -0.616468 -0.056851
vn 0.860350 -0.506193 -0.059717
vn 0.921901 -0.382865 -0.059271
vn 0.967288 -0.247624 -0.055113
vn 0.993170 -0.107156 -0.046161
vn 0.998523 -0.035933 -0.040746
vn -0.974057 -0.199753 0.106353
vn -0.985620 -0.127512 0.110880
vn -0.935887 -0.336673 0.103764
vn -0.879238 -0.465733 0.100163
vn -0.806975 -0.582827 0.095419
vn -0.721618 -0.686470 0.089588
vn -0.627534 -0.774195 0.082596
vn -0.529721 -0.844877 0.074686
vn -0.432757 -0.899068 0.066318
vn -0.340846 -0.938326 0.058041
vn -0.257061 -0.965087 0.050274
vn -0.182256 -0.982302 0.043187
vn -0.115699 -0.992603 0.036775
vn -0.055735 -0.997967 0.030914
vn -0.000267 -0.999677 0.025407
vn 0.052856 -0.998401 0.020046
vn 0.105754 -0.994285 0.014617
vn 0.160504 -0.986995 0.008887
vn 0.219187 -0.975679 0.002618
vn 0.283749 -0.958888 -0.004420
vn 0.355618 -0.934549 -0.012447
vn 0.435273 -0.900039 -0.021629
vn 0.521638 -0.852566 -0.032025
vn 0.611608 -0.789961 -0.043565
vn 0.700797 -0.711145 -0.056179
vn 0.784507 -0.616163 -0.069947
vn 0.858186 -0.506262 -0.084947
vn 0.918270 -0.382908 -0.100803
vn 0.962110 -0.246657 -0.116214
vn 0.985500 -0.106299 -0.132250
vn 0.989773 -0.035363 -0.138199
vn -0.975294 -0.216130 0.045721
vn -0.987931 -0.151771 0.030965
vn -0.936511 -0.344744 0.064028
vn -0.878022 -0.472795 0.074448
vn -0.804929 -0.587828 0.080921
vn -0.719547 -0.689479 0.082891
vn -0.625483 -0.775988 0.081332
vn -0.527345 -0.846068 0.077951
vn -0.429901 -0.899843 0.073939
vn -0.337621 -0.938691 0.069791
vn -0.253646 -0.965065 0.065677
vn -0.178810 -0.981952 0.061631
vn -0.112355 -0.991998 0.057588
vn -0.052600 -0.997186 0.053424
vn 0.002535 -0.998798 0.048957
vn 0.055243 -0.997504 0.043972
vn 0.107646 -0.993453 0.038254
vn 0.161833 -0.986313 0.031570
vn 0.219920 -0.975230 0.023686
vn 0.283840 -0.958764 0.014349
vn 0.355024 -0.934851 0.003343
vn 0.433969 -0.900879 -0.009427
vn 0.519602 -0.854075 -0.023871
vn 0.608692 -0.792413 -0.039696
vn 0.696755 -0.715070 -0.056631
vn 0.779266 -0.622257 -0.074430
vn 0.852291 -0.514809 -0.092589
vn 0.912822 -0.393211 -0.110190
vn 0.957901 -0.257613 -0.126732
vn 0.982067 -0.123485 -0.142467
vn 0.986407 -0.059029 -0.153349
vn -0.967693 -0.214010 0.133302
vn -0.977815 -0.152150 0.143973
vn -0.932542 -0.342343 0.114748
vn -0.875766 -0.471960 0.101423
vn -0.802976 -0.589077 0.090657
vn -0.716529 -0.692432 0.084402
vn -0.620763 -0.779685 0.082121
vn -0.521030 -0.849601 0.081893
vn -0.422579 -0.902593 0.082172
vn -0.329967 -0.940403 0.082249
vn -0.246208 -0.965753 0.081876
vn -0.171967 -0.981772 0.080941
vn -0.106376 -0.991155 0.079342
vn -0.047651 -0.995896 0.076944
vn 0.006292 -0.997269 0.073586
vn 0.057704 -0.995942 0.069062
vn 0.108738 -0.992062 0.063156
vn 0.161530 -0.985299 0.055633
vn 0.218239 -0.974799 0.046239
vn 0.280791 -0.959141 0.034709
vn 0.350750 -0.936238 0.020832
vn 0.428728 -0.903422 0.004590
vn 0.513856 -0.857767 -0.013690
vn 0.603174 -0.796929 -0.032955
vn 0.692695 -0.719414 -0.051163
vn 0.778608 -0.624136 -0.064989
vn 0.856930 -0.510649 -0.070058
vn 0.922609 -0.380538 -0.063124
vn 0.969894 -0.239256 -0.045416
vn 0.994787 -0.100367 -0.018049
vn 0.999439 -0.033437 -0.001962
vn -0.979214 -0.198354 0.042376
vn -0.991263 -0.123971 0.045050
vn -0.939513 -0.339429 0.045862
vn -0.879498 -0.472999 0.052500
vn -0.802186 -0.593878 0.061701
vn -0.711042 -0.699530 0.071250
vn -0.611685 -0.787082 0.079652
vn -0.509750 -0.855955 0.086574
vn -0.410230 -0.907306 0.092234
vn -0.317514 -0.943301 0.096793
vn -0.234446 -0.966947 0.100240
vn -0.161475 -0.981541 0.102483
vn -0.097545 -0.989846 0.103392
vn -0.040739 -0.993865 0.102821
vn 0.011128 -0.994862 0.100625
vn 0.060363 -0.993488 0.096636
vn 0.109161 -0.989882 0.090649
vn 0.159704 -0.983719 0.082409
vn 0.214194 -0.974162 0.071622
vn 0.274641 -0.959796 0.057998
vn 0.342781 -0.938507 0.041304
vn 0.419462 -0.907518 0.021503
vn 0.504129 -0.863628 -0.001078
vn 0.594239 -0.803885 -0.025494
vn 0.685955 -0.725897 -0.050394
vn 0.774810 -0.627772 -0.074644
vn 0.855039 -0.509254 -0.097821
vn 0.919390 -0.374569 -0.120086
vn 0.962681 -0.231153 -0.140760
vn 0.982556 -0.090566 -0.162425
vn 0.985040 -0.020969 -0.171044
vn -0.974469 -0.223455 -0.021853
vn -0.986888 -0.155691 -0.042563
vn -0.933326 -0.358916 0.009041
vn -0.869353 -0.493051 0.033548
vn -0.789316 -0.611599 0.054110
vn -0.696589 -0.714010 0.070373
vn -0.595875 -0.798714 0.083601
vn -0.492534 -0.865070 0.095211
vn -0.392150 -0.913807 0.105713
vn -0.299665 -0.947104 0.114869
vn -0.217856 -0.968283 0.122338
vn -0.146943 -0.980842 0.127895
vn -0.085575 -0.987630 0.131392
vn -0.031632 -0.990648 0.132722
vn 0.017230 -0.991130 0.131778
vn 0.063366 -0.989695 0.128410
vn 0.109020 -0.986472 0.122421
vn 0.156410 -0.981143 0.113554
vn 0.207792 -0.972894 0.101488
vn 0.265317 -0.960329 0.085874
vn 0.330898 -0.941328 0.066394
vn 0.405701 -0.912998 0.042921
vn 0.489495 -0.871865 0.015685
vn 0.579934 -0.814534 -0.014533
vn 0.672597 -0.738530 -0.046757
vn 0.761735 -0.642846 -0.080683
vn 0.840810 -0.528572 -0.116838
vn 0.903564 -0.399436 -0.154993
vn 0.946681 -0.258317 -0.192530
vn 0.967681 -0.118032 -0.222848
vn 0.969941 -0.049972 -0.238154
vn -0.969868 -0.232137 0.073956
vn -0.982735 -0.166389 0.080913
vn -0.927183 -0.369070 0.064173
vn -0.860398 -0.505697 0.063135
vn -0.777212 -0.625613 0.067454
vn -0.680643 -0.728505 0.077491
vn -0.575836 -0.812392 0.091825
vn -0.469159 -0.876470 0.108124
vn -0.367263 -0.921785 0.124221
vn -0.275350 -0.951303 0.138584
vn -0.195634 -0.969073 0.150419
vn -0.127803 -0.978898 0.159451
vn -0.070055 -0.983699 0.165615
vn -0.019998 -0.985430 0.168902
vn 0.024845 -0.985257 0.169270
vn 0.066882 -0.983753 0.166602
vn 0.108410 -0.981030 0.160712
vn 0.151685 -0.976774 0.151342
vn 0.198998 -0.970217 0.138126
vn 0.252629 -0.960015 0.120625
vn 0.314726 -0.944068 0.098400
vn 0.386854 -0.919390 0.071181
vn 0.469275 -0.882184 0.039161
vn 0.560155 -0.828381 0.003388
vn 0.654871 -0.754978 -0.033959
vn 0.747038 -0.661082 -0.070034
vn 0.830130 -0.548178 -0.101911
vn 0.898785 -0.419467 -0.127414
vn 0.949740 -0.276703 -0.146384
vn 0.979100 -0.128590 -0.157571
vn 0.985723 -0.054151 -0.159429
vn -0.975983 -0.216698 0.022343
vn -0.990411 -0.135775 0.025513
vn -0.928247 -0.371073 0.025751
vn -0.856419 -0.514914 0.037559
vn -0.765660 -0.640849 0.055471
vn -0.660511 -0.746759 0.077954
vn -0.548264 -0.829961 0.102811
vn -0.436855 -0.890406 0.127809
vn -0.333545 -0.930561 0.151012
vn -0.243114 -0.954785 0.171116
vn -0.166761 -0.968001 0.187524
vn -0.103325 -0.974310 0.200111
vn -0.050460 -0.976619 0.208970
vn -0.005472 -0.976770 0.214220
vn 0.034274 -0.975806 0.215935
vn 0.071134 -0.974225 0.214068
vn 0.107462 -0.972120 0.208411
vn 0.145571 -0.969190 0.198696
vn 0.187709 -0.964738 0.184515
vn 0.236291 -0.957518 0.165307
vn 0.293738 -0.945509 0.140468
vn 0.362116 -0.925679 0.109499
vn 0.442435 -0.893878 0.072342
vn 0.533699 -0.845149 0.029805
vn 0.631530 -0.775188 -0.015937
vn 0.728611 -0.682151 -0.061611
vn 0.816731 -0.567572 -0.103984
vn 0.888919 -0.435838 -0.140955
vn 0.941367 -0.290449 -0.171660
vn 0.970327 -0.140493 -0.196794
vn 0.975990 -0.064765 -0.207965
vn -0.969525 -0.239640 -0.050925
vn -0.984688 -0.159261 -0.070893
vn -0.918632 -0.394817 -0.015317
vn -0.840307 -0.541813 0.017966
vn -0.741257 -0.669160 0.052552
vn -0.627230 -0.773800 0.088410
vn -0.507456 -0.852623 0.124591
vn -0.391877 -0.906137 0.159213
vn -0.288551 -0.938386 0.190185
vn -0.201328 -0.955345 0.216295
vn -0.130097 -0.962690 0.237284
vn -0.072707 -0.964639 0.253348
vn -0.026238 -0.963943 0.264813
vn 0.012348 -0.962225 0.271974
vn 0.045800 -0.960346 0.275022
vn 0.076339 -0.958691 0.274016
vn 0.106300 -0.957323 0.268763
vn 0.138063 -0.955973 0.258947
vn 0.173784 -0.954052 0.244100
vn 0.215942 -0.950472 0.223543
vn 0.267264 -0.943390 0.196433
vn 0.330401 -0.929842 0.161953
vn 0.407210 -0.905476 0.119555
vn 0.497637 -0.864606 0.069381
vn 0.598097 -0.801316 0.013120
vn 0.700888 -0.711836 -0.045223
vn 0.796558 -0.596260 -0.099844
vn 0.877293 -0.457911 -0.143786
vn 0.938478 -0.300369 -0.170405
vn 0.975227 -0.136400 -0.174150
vn 0.983954 -0.054988 -0.169736
vn -0.964743 -0.262842 -0.013622
vn -0.983054 -0.182558 -0.016629
vn -0.905998 -0.423283 -0.000350
vn -0.816421 -0.576761 0.028355
vn -0.704584 -0.706358 0.067963
vn -0.578176 -0.807838 0.114502
vn -0.449388 -0.878398 0.162687
vn -0.330598 -0.920630 0.207712
vn -0.229651 -0.941513 0.246604
vn -0.148377 -0.948930 0.278419
vn -0.084666 -0.949070 0.303477
vn -0.035332 -0.945904 0.322517
vn 0.002987 -0.941780 0.336216
vn 0.033698 -0.937981 0.345045
vn 0.059535 -0.935117 0.349302
vn 0.082534 -0.933418 0.349169
vn 0.104935 -0.932919 0.344458
vn 0.129137 -0.933360 0.334908
vn 0.157130 -0.934309 0.319965
vn 0.191241 -0.934960 0.298793
vn 0.234616 -0.933772 0.270231
vn 0.290548 -0.928033 0.233105
vn 0.361622 -0.913536 0.186232
vn 0.449020 -0.884183 0.128848
vn 0.550838 -0.832330 0.061679
vn 0.660206 -0.750995 -0.011639
vn 0.766488 -0.636704 -0.084285
vn 0.858855 -0.490295 -0.148256
vn 0.927711 -0.316910 -0.197281
vn 0.963767 -0.135732 -0.229628
vn 0.969717 -0.045510 -0.239954
vn -0.961997 -0.270611 -0.036490
vn -0.983512 -0.175527 -0.043529
vn -0.891150 -0.453611 -0.009454
vn -0.783450 -0.620390 0.036376
vn -0.650321 -0.753606 0.095709
vn -0.505978 -0.847342 0.161237
vn -0.367970 -0.902341 0.224451
vn -0.249277 -0.927182 0.279634
vn -0.154920 -0.932956 0.324951
vn -0.083559 -0.928895 0.360794
vn -0.030408 -0.920970 0.388444
vn 0.008483 -0.912412 0.409185
vn 0.036862 -0.904822 0.424190
vn 0.058319 -0.898942 0.434169
vn 0.075211 -0.895149 0.439376
vn 0.089264 -0.893532 0.440037
vn 0.103053 -0.894083 0.435885
vn 0.118821 -0.896380 0.427064
vn 0.137841 -0.900284 0.412902
vn 0.162320 -0.905344 0.392433
vn 0.195635 -0.910546 0.364188
vn 0.241667 -0.913817 0.326397
vn 0.303771 -0.911570 0.277063
vn 0.384876 -0.897712 0.214440
vn 0.485522 -0.863295 0.137800
vn 0.600919 -0.797791 0.049266
vn 0.720192 -0.692334 -0.044692
vn 0.827772 -0.544704 -0.134507
vn 0.907582 -0.362780 -0.211389
vn 0.947714 -0.172264 -0.268632
vn 0.953224 -0.078202 -0.291974
vn -0.949388 -0.305985 -0.070965
vn -0.975377 -0.199204 -0.094642
vn -0.860587 -0.509130 -0.013320
vn -0.724217 -0.686548 0.064520
vn -0.561821 -0.812901 0.153458
vn -0.398784 -0.884860 0.240821
vn -0.257315 -0.912878 0.316927
vn -0.146226 -0.913981 0.378493
vn -0.065390 -0.902245 0.426236
vn -0.008665 -0.886514 0.462621
vn 0.030974 -0.870930 0.490431
vn 0.056268 -0.857778 0.510931
vn 0.073744 -0.847555 0.525558
vn 0.085057 -0.839977 0.535914
vn 0.091386 -0.835725 0.541490
vn 0.095257 -0.834683 0.542430
vn 0.100325 -0.836395 0.538867
vn 0.107526 -0.840143 0.531600
vn 0.116430 -0.846558 0.519407
vn 0.130628 -0.855230 0.501515
vn 0.151399 -0.866131 0.476336
vn 0.183764 -0.878526 0.440934
vn 0.232858 -0.889701 0.392695
vn 0.303213 -0.894211 0.329317
vn 0.397909 -0.883254 0.248056
vn 0.516132 -0.843623 0.148019
vn 0.650170 -0.759053 0.033435
vn 0.781310 -0.618591 -0.083062
vn 0.885676 -0.426893 -0.182593
vn 0.945885 -0.211747 -0.245897
vn 0.958930 -0.102033 -0.264655
vn -0.926825 -0.369822 -0.065021
vn -0.964694 -0.244586 -0.097694
vn -0.800741 -0.598574 0.022856
vn -0.618017 -0.773692 0.139489
vn -0.422118 -0.869142 0.257700
vn -0.249430 -0.899171 0.359551
vn -0.117299 -0.890481 0.439642
vn -0.025051 -0.865514 0.500258
vn 0.032407 -0.837996 0.544713
vn 0.071366 -0.813637 0.576977
vn 0.095396 -0.792505 0.602358
vn 0.101379 -0.777750 0.620344
vn 0.111641 -0.766816 0.632083
vn 0.111659 -0.758125 0.642479
vn 0.104982 -0.754515 0.647832
vn 0.098821 -0.755003 0.648232
vn 0.097542 -0.757409 0.645614
vn 0.096789 -0.761313 0.641120
vn 0.092720 -0.769607 0.631750
vn 0.099236 -0.780391 0.617367
vn 0.105012 -0.794585 0.598003
vn 0.119390 -0.813872 0.568646
vn 0.151866 -0.836372 0.526704
vn 0.205821 -0.858312 0.470040
vn 0.286145 -0.873837 0.393103
vn 0.398871 -0.869694 0.290748
vn 0.542324 -0.824645 0.160766
vn 0.700751 -0.713346 0.009263
vn 0.841138 -0.522046 -0.141261
vn 0.926374 -0.274865 -0.257448
vn 0.943397 -0.140274 -0.300542
vn -0.873687 -0.484890 -0.039394
vn -0.936980 -0.331981 -0.108889
vn -0.677873 -0.725849 0.116749
vn -0.436231 -0.855293 0.279599
vn -0.221219 -0.883330 0.413268
vn -0.062064 -0.856722 0.512031
vn 0.041943 -0.811827 0.582390
vn 0.103426 -0.767182 0.633036
vn 0.126417 -0.732014 0.669458
vn 0.151934 -0.704013 0.693745
vn 0.157229 -0.680417 0.715759
vn 0.133131 -0.669543 0.730745
vn 0.152566 -0.659036 0.736475
vn 0.135608 -0.649490 0.748180
vn 0.110697 -0.648721 0.752933
vn 0.099066 -0.652589 0.751208
vn 0.099546 -0.652677 0.751068
vn 0.088791 -0.654343 0.750967
vn 0.061815 -0.665314 0.744001
vn 0.070899 -0.678402 0.731262
vn 0.061855 -0.692253 0.718999
vn 0.054150 -0.713623 0.698434
vn 0.068838 -0.741307 0.667626
vn 0.101554 -0.773173 0.626011
vn 0.154409 -0.810456 0.565083
vn 0.247217 -0.843982 0.476002
vn 0.382376 -0.855167 0.349969
vn 0.559578 -0.809053 0.179737
vn 0.750104 -0.660913 -0.023188
vn 0.889853 -0.403041 -0.213820
vn 0.923890 -0.244310 -0.294515
vn -0.734424 -0.673530 0.083545
vn -0.850800 -0.524365 -0.034355
vn -0.437626 -0.844834 0.307798
vn -0.165231 -0.860395 0.482098
vn 0.024399 -0.801671 0.597267
vn 0.134889 -0.728685 0.671434
vn 0.192618 -0.667068 0.719666
vn 0.216949 -0.620309 0.753757
vn 0.199971 -0.590787 0.781653
vn 0.233790 -0.559761 0.794991
vn 0.206053 -0.537117 0.817953
vn 0.135684 -0.539543 0.830953
vn 0.205528 -0.527402 0.824382
vn 0.151849 -0.516331 0.842819
vn 0.099159 -0.522839 0.846644
vn 0.097755 -0.531800 0.841209
vn 0.116703 -0.522744 0.844464
vn 0.082646 -0.520592 0.849797
vn 0.013400 -0.538287 0.842655
vn 0.050454 -0.554832 0.830431
vn 0.030612 -0.562578 0.826177
vn -0.005850 -0.580588 0.814176
vn -0.002297 -0.605417 0.795905
vn 0.010916 -0.632891 0.774164
vn 0.017156 -0.676981 0.735801
vn 0.076315 -0.734342 0.674476
vn 0.174816 -0.796212 0.579212
vn 0.338760 -0.836934 0.429864
vn 0.568018 -0.795724 0.210189
vn 0.794961 -0.603495 -0.061889
vn 0.870464 -0.450125 -0.199201
vn -0.389956 -0.860852 0.326907
vn -0.566833 -0.807917 0.161152
vn -0.058764 -0.822013 0.566428
vn 0.152486 -0.707681 0.689881
vn 0.261036 -0.599435 0.756663
vn 0.295090 -0.524436 0.798679
vn 0.305347 -0.476396 0.824506
vn 0.297497 -0.444932 0.844708
vn 0.241818 -0.432678 0.868512
vn 0.314205 -0.401466 0.860291
vn 0.232637 -0.390653 0.890657
vn 0.105014 -0.405677 0.907964
vn 0.272401 -0.388925 0.880077
vn 0.155879 -0.383013 0.910496
vn 0.070971 -0.392839 0.916865
vn 0.097960 -0.403770 0.909601
vn 0.148096 -0.386001 0.910533
vn 0.073557 -0.388542 0.918490
vn -0.048824 -0.406283 0.912442
vn 0.045018 -0.418552 0.907077
vn 0.015316 -0.415183 0.909609
vn -0.059748 -0.429626 0.901028
vn -0.047669 -0.442978 0.895264
vn -0.048715 -0.456954 0.888156
vn -0.108821 -0.490015 0.864895
vn -0.075649 -0.545104 0.834949
vn -0.042168 -0.617602 0.785360
vn 0.057654 -0.715577 0.696151
vn 0.253382 -0.807060 0.533340
vn 0.523812 -0.818451 0.236134
vn 0.646244 -0.761849 0.044214
vn -0.122006 -0.880679 0.457732
vn -0.285249 -0.913246 0.290885
vn 0.155510 -0.723152 0.672955
vn 0.311141 -0.562316 0.766154
vn 0.365573 -0.456990 0.810874
vn 0.358459 -0.402109 0.842506
vn 0.346444 -0.371834 0.861229
vn 0.327955 -0.351050 0.877046
vn 0.253908 -0.349267 0.901966
vn 0.342245 -0.327455 0.880705
vn 0.246150 -0.320399 0.914743
vn 0.084457 -0.342508 0.935711
vn 0.300752 -0.324124 0.896935
vn 0.156452 -0.319297 0.934651
vn 0.057904 -0.332836 0.941205
vn 0.098383 -0.336818 0.936416
vn 0.161654 -0.324122 0.932101
vn 0.065412 -0.327194 0.942691
vn -0.072217 -0.344657 0.935947
vn 0.046743 -0.346078 0.937041
vn 0.011799 -0.338119 0.941029
vn -0.089852 -0.350180 0.932363
vn -0.056090 -0.358348 0.931902
vn -0.075123 -0.359866 0.929975
vn -0.162370 -0.387424 0.907491
vn -0.141409 -0.428532 0.892392
vn -0.147647 -0.485915 0.861445
vn -0.095728 -0.588594 0.802741
vn 0.059640 -0.733836 0.676703
vn 0.290144 -0.866538 0.406114
vn 0.402196 -0.890613 0.212244
vn 0.997850 0.061286 0.023219
vn 0.991762 0.095163 -0.085741
vn 0.991762 0.095163 -0.085741
vn 0.997855 0.061790 0.021618
vn 0.988660 0.014399 0.149482
vn 0.988770 0.014851 0.148703
vn 0.986713 0.012811 0.161970
vn 0.986704 0.012747 0.162030
vn 0.991645 0.032797 0.124757
vn 0.991596 0.032666 0.125183
vn 0.994865 0.047166 0.089553
vn 0.994857 0.047081 0.089683
vn 0.997764 0.049671 0.044727
vn 0.997734 0.049737 0.045303
vn 0.994188 0.044241 0.098150
vn 0.994297 0.044264 0.097022
vn 0.998489 0.052285 0.016929
vn 0.998440 0.052112 0.020036
vn 0.994339 0.055230 -0.090769
vn 0.994250 0.055324 -0.091685
vn 0.995816 0.044635 0.079743
vn 0.995932 0.044708 0.078229
vn 0.998463 0.047504 -0.028550
vn 0.998610 0.047321 -0.023223
vn 0.988630 0.057642 -0.138884
vn 0.988486 0.057611 -0.139914
vn 0.997053 0.047974 -0.059861
vn 0.997078 0.048217 -0.059250
vn 0.998635 0.041695 -0.031477
vn 0.998613 0.041617 -0.032243
vn 0.987184 0.051359 -0.151095
vn 0.987699 0.051303 -0.147710
vn 0.985225 0.045509 -0.165111
vn 0.984865 0.045625 -0.167212
vn 0.999160 0.036691 0.018261
vn 0.999170 0.036691 0.017708
vn 0.981647 0.046268 -0.185010
vn 0.982711 0.046061 -0.179324
vn 0.966992 0.052202 -0.249404
vn 0.966732 0.052212 -0.250407
vn 0.986111 0.044768 -0.159943
vn 0.986318 0.044865 -0.158629
vn 0.974779 0.039478 -0.219652
vn 0.974740 0.039476 -0.219826
vn 0.986495 0.039955 -0.158841
vn 0.986367 0.039950 -0.159638
vn 0.967595 0.043804 -0.248678
vn 0.968268 0.043745 -0.246057
vn 0.949649 0.046832 -0.309797
vn 0.949323 0.046830 -0.310795
vn 0.961026 0.045967 -0.272609
vn 0.961193 0.045982 -0.272017
vn 0.942715 0.055571 -0.328939
vn 0.942820 0.055402 -0.328665
vn 0.930697 0.076191 -0.357769
vn 0.930750 0.076090 -0.357651
vn 0.935122 0.073664 -0.346584
vn 0.934912 0.073944 -0.347092
vn 0.973054 0.034824 -0.227932
vn 0.973358 0.034483 -0.226683
vn 0.992728 0.005588 -0.120248
vn 0.992728 0.005588 -0.120248
vn -0.991167 -0.053873 0.121183
vn -0.974311 -0.015367 0.224682
vn -0.973818 -0.014542 0.226864
vn -0.991167 -0.053873 0.121183
vn -0.937599 0.037440 0.345698
vn -0.937803 0.037110 0.345178
vn -0.932868 0.029591 0.359001
vn -0.932757 0.030131 0.359245
vn -0.947550 -0.005282 0.319564
vn -0.947420 -0.005105 0.319952
vn -0.954939 -0.024574 0.295783
vn -0.954960 -0.024489 0.295724
vn -0.968418 -0.033831 0.247027
vn -0.968346 -0.033814 0.247311
vn -0.961087 -0.031907 0.274396
vn -0.961511 -0.032002 0.272896
vn -0.975554 -0.039653 0.216151
vn -0.975480 -0.039622 0.216492
vn -0.989108 -0.046109 0.139781
vn -0.989210 -0.046177 0.139035
vn -0.965805 -0.036650 0.256668
vn -0.966042 -0.036716 0.255765
vn -0.985640 -0.042949 0.163306
vn -0.985628 -0.042944 0.163380
vn -0.988938 -0.047203 0.140617
vn -0.989369 -0.047340 0.137507
vn -0.991471 -0.046346 0.121811
vn -0.991458 -0.046343 0.121919
vn -0.990272 -0.042852 0.132379
vn -0.990760 -0.043049 0.128614
vn -0.992487 -0.046697 0.113088
vn -0.992468 -0.046685 0.113259
vn -0.998550 -0.052807 0.010421
vn -0.998556 -0.052873 0.009470
vn -0.986101 -0.040127 0.161227
vn -0.986288 -0.040242 0.160049
vn -0.997705 -0.050125 0.045516
vn -0.997708 -0.050132 0.045437
vn -0.995949 -0.059847 -0.067114
vn -0.995850 -0.059951 -0.068468
vn -0.994557 -0.044633 0.094146
vn -0.994655 -0.044758 0.093046
vn -0.998253 -0.049931 0.031582
vn -0.998241 -0.049887 0.032031
vn -0.993549 -0.062527 -0.094611
vn -0.993522 -0.062544 -0.094879
vn -0.998353 -0.055675 -0.013847
vn -0.998335 -0.055761 -0.014755
vn -0.997225 -0.058623 -0.045895
vn -0.997244 -0.058588 -0.045515
vn -0.990918 -0.070998 -0.114194
vn -0.990877 -0.070947 -0.114586
vn -0.989112 -0.086559 -0.119015
vn -0.989163 -0.086440 -0.118677
vn -0.978719 -0.121889 -0.165085
vn -0.978809 -0.121452 -0.164872
vn -0.979945 -0.129302 -0.151619
vn -0.979763 -0.129793 -0.152374
vn -0.996262 -0.081038 -0.029902
vn -0.996301 -0.080808 -0.029214
vn -0.996023 -0.045023 0.076888
vn -0.996023 -0.045023 0.076888
s 1
g Pillow4 Pillows
usemtl initialShadingGroup
f 1/1/1 2/2/2 33/33/3 32/32/4
f 2/2/2 3/3/5 34/34/6 33/33/3
f 3/3/5 4/4/7 35/35/8 34/34/6
f 4/4/7 5/5/9 36/36/10 35/35/8
f 5/5/9 6/6/11 37/37/12 36/36/10
f 6/6/11 7/7/13 38/38/14 37/37/12
f 7/7/13 8/8/15 39/39/16 38/38/14
f 8/8/15 9/9/17 40/40/18 39/39/16
f 9/9/17 10/10/19 41/41/20 40/40/18
f 10/10/19 11/11/21 42/42/22 41/41/20
f 11/11/21 12/12/23 43/43/24 42/42/22
f 12/12/23 13/13/25 44/44/26 43/43/24
f 13/13/25 14/14/27 45/45/28 44/44/26
f 14/14/27 15/15/29 46/46/30 45/45/28
f 15/15/29 16/16/31 47/47/32 46/46/30
f 16/16/31 17/17/33 48/48/34 47/47/32
f 17/17/33 18/18/35 49/49/36 48/48/34
f 18/18/35 19/19/37 50/50/38 49/49/36
f 19/19/37 20/20/39 51/51/40 50/50/38
f 20/20/39 21/21/41 52/52/42 51/51/40
f 21/21/41 22/22/43 53/53/44 52/52/42
f 22/22/43 23/23/45 54/54/46 53/53/44
f 23/23/45 24/24/47 55/55/48 54/54/46
f 24/24/47 25/25/49 56/56/50 55/55/48
f 25/25/49 26/26/51 57/57/52 56/56/50
f 26/26/51 27/27/53 58/58/54 57/57/52
f 27/27/53 28/28/55 59/59/56 58/58/54
f 28/28/55 29/29/57 60/60/58 59/59/56
f 29/29/57 30/30/59 61/61/60 60/60/58
f 30/30/59 31/31/61 62/62/62 61/61/60
s 2
f 32/32/63 33/33/64 64/64/65 63/63/66
f 33/33/64 34/34/67 65/65/68 64/64/65
f 34/34/67 35/35/69 66/66/70 65/65/68
f 35/35/69 36/36/71 67/67/72 66/66/70
f 36/36/71 37/37/73 68/68/74 67/67/72
f 37/37/73 38/38/75 69/69/76 68/68/74
f 38/38/75 39/39/77 70/70/78 69/69/76
f 39/39/77 40/40/79 71/71/80 70/70/78
f 40/40/79 41/41/81 72/72/82 71/71/80
f 41/41/81 42/42/83 73/73/84 72/72/82
f 42/42/83 43/43/85 74/74/86 73/73/84
f 43/43/85 44/44/87 75/75/88 74/74/86
f 44/44/87 45/45/89 76/76/90 75/75/88
f 45/45/89 46/46/91 77/77/92 76/76/90
f 46/46/91 47/47/93 78/78/94 77/77/92
f 47/47/93 48/48/95 79/79/96 78/78/94
f 48/48/95 49/49/97 80/80/98 79/79/96
f 49/49/97 50/50/99 81/81/100 80/80/98
f 50/50/99 51/51/101 82/82/102 81/81/100
f 51/51/101 52/52/103 83/83/104 82/82/102
f 52/52/103 53/53/105 84/84/106 83/83/104
f 53/53/105 54/54/107 85/85/108 84/84/106
f 54/54/107 55/55/109 86/86/110 85/85/108
f 55/55/109 56/56/111 87/87/112 86/86/110
f 56/56/111 57/57/113 88/88/114 87/87/112
f 57/57/113 58/58/115 89/89/116 88/88/114
f 58/58/115 59/59/117 90/90/118 89/89/116
f 59/59/117 60/60/119 91/91/120 90/90/118
f 60/60/119 61/61/121 92/92/122 91/91/120
f 61/61/121 62/62/123 93/93/124 92/92/122
f 63/63/66 64/64/65 95/95/125 94/94/126
f 64/64/65 65/65/68 96/96/127 95/95/125
f 65/65/68 66/66/70 97/97/128 96/96/127
f 66/66/70 67/67/72 98/98/129 97/97/128
f 67/67/72 68/68/74 99/99/130 98/98/129
f 68/68/74 69/69/76 100/100/131 99/99/130
f 69/69/76 70/70/78 101/101/132 100/100/131
f 70/70/78 71/71/80 102/102/133 101/101/132
f 71/71/80 72/72/82 103/103/134 102/102/133
f 72/72/82 73/73/84 104/104/135 103/103/134
f 73/73/84 74/74/86 105/105/136 104/104/135
f 74/74/86 75/75/88 106/106/137 105/105/136
f 75/75/88 76/76/90 107/107/138 106/106/137
f 76/76/90 77/77/92 108/108/139 107/107/138
f 77/77/92 78/78/94 109/109/140 108/108/139
f 78/78/94 79/79/96 110/110/141 109/109/140
f 79/79/96 80/80/98 111/111/142 110/110/141
f 80/80/98 81/81/100 112/112/143 111/111/142
f 81/81/100 82/82/102 113/113/144 112/112/143
f 82/82/102 83/83/104 114/114/145 113/113/144
f 83/83/104 84/84/106 115/115/146 114/114/145
f 84/84/106 85/85/108 116/116/147 115/115/146
f 85/85/108 86/86/110 117/117/148 116/116/147
f 86/86/110 87/87/112 118/118/149 117/117/148
f 87/87/112 88/88/114 119/119/150 118/118/149
f 88/88/114 89/89/116 120/120/151 119/119/150
f 89/89/116 90/90/118 121/121/152 120/120/151
f 90/90/118 91/91/120 122/122/153 121/121/152
f 91/91/120 92/92/122 123/123/154 122/122/153
f 92/92/122 93/93/124 124/124/155 123/123/154
f 94/94/126 95/95/125 126/126/156 125/125/157
f 95/95/125 96/96/127 127/127/158 126/126/156
f 96/96/127 97/97/128 128/128/159 127/127/158
f 97/97/128 98/98/129 129/129/160 128/128/159
f 98/98/129 99/99/130 130/130/161 129/129/160
f 99/99/130 100/100/131 131/131/162 130/130/161
f 100/100/131 101/101/132 132/132/163 131/131/162
f 101/101/132 102/102/133 133/133/164 132/132/163
f 102/102/133 103/103/134 134/134/165 133/133/164
f 103/103/134 104/104/135 135/135/166 134/134/165
f 104/104/135 105/105/136 136/136/167 135/135/166
f 105/105/136 106/106/137 137/137/168 136/136/167
f 106/106/137 107/107/138 138/138/169 137/137/168
f 107/107/138 108/108/139 139/139/170 138/138/169
f 108/108/139 109/109/140 140/140/171 139/139/170
f 109/109/140 110/110/141 141/141/172 140/140/171
f 110/110/141 111/111/142 142/142/173 141/141/172
f 111/111/142 112/112/143 143/143/174 142/142/173
f 112/112/143 113/113/144 144/144/175 143/143/174
f 113/113/144 114/114/145 145/145/176 144/144/175
f 114/114/145 115/115/146 146/146/177 145/145/176
f 115/115/146 116/116/147 147/147/178 146/146/177
f 116/116/147 117/117/148 148/148/179 147/147/178
f 117/117/148 118/118/149 149/149/180 148/148/179
f 118/118/149 119/119/150 150/150/181 149/149/180
f 119/119/150 120/120/151 151/151/182 150/150/181
f 120/120/151 121/121/152 152/152/183 151/151/182
f 121/121/152 122/122/153 153/153/184 152/152/183
f 122/122/153 123/123/154 154/154/185 153/153/184
f 123/123/154 124/124/155 155/155/186 154/154/185
f 125/125/157 126/126/156 157/157/187 156/156/188
f 126/126/156 127/127/158 158/158/189 157/157/187
f 127/127/158 128/128/159 159/159/190 158/158/189
f 128/128/159 129/129/160 160/160/191 159/159/190
f 129/129/160 130/130/161 161/161/192 160/160/191
f 130/130/161 131/131/162 162/162/193 161/161/192
f 131/131/162 132/132/163 163/163/194 162/162/193
f 132/132/163 133/133/164 164/164/195 163/163/194
f 133/133/164 134/134/165 165/165/196 164/164/195
f 134/134/165 135/135/166 166/166/197 165/165/196
f 135/135/166 136/136/167 167/167/198 166/166/197
f 136/136/167 137/137/168 168/168/199 167/167/198
f 137/137/168 138/138/169 169/169/200 168/168/199
f 138/138/169 139/139/170 170/170/201 169/169/200
f 139/139/170 140/140/171 171/171/202 170/170/201
f 140/140/171 141/141/172 172/172/203 171/171/202
f 141/141/172 142/142/173 173/173/204 172/172/203
f 142/142/173 143/143/174 174/174/205 173/173/204
f 143/143/174 144/144/175 175/175/206 174/174/205
f 144/144/175 145/145/176 176/176/207 175/175/206
f 145/145/176 146/146/177 177/177/208 176/176/207
f 146/146/177 147/147/178 178/178/209 177/177/208
f 147/147/178 148/148/179 179/179/210 178/178/209
f 148/148/179 149/149/180 180/180/211 179/179/210
f 149/149/180 150/150/181 181/181/212 180/180/211
f 150/150/181 151/151/182 182/182/213 181/181/212
f 151/151/182 152/152/183 183/183/214 182/182/213
f 152/152/183 153/153/184 184/184/215 183/183/214
f 153/153/184 154/154/185 185/185/216 184/184/215
f 154/154/185 155/155/186 186/186/217 185/185/216
f 156/156/188 157/157/187 188/188/218 187/187/219
f 157/157/187 158/158/189 189/189/220 188/188/218
f 158/158/189 159/159/190 190/190/221 189/189/220
f 159/159/190 160/160/191 191/191/222 190/190/221
f 160/160/191 161/161/192 192/192/223 191/191/222
f 161/161/192 162/162/193 193/193/224 192/192/223
f 162/162/193 163/163/194 194/194/225 193/193/224
f 163/163/194 164/164/195 195/195/226 194/194/225
f 164/164/195 165/165/196 196/196/227 195/195/226
f 165/165/196 166/166/197 197/197/228 196/196/227
f 166/166/197 167/167/198 198/198/229 197/197/228
f 167/167/198 168/168/199 199/199/230 198/198/229
f 168/168/199 169/169/200 200/200/231 199/199/230
f 169/169/200 170/170/201 201/201/232 200/200/231
f 170/170/201 171/171/202 202/202/233 201/201/232
f 171/171/202 172/172/203 203/203/234 202/202/233
f 172/172/203 173/173/204 204/204/235 203/203/234
f 173/173/204 174/174/205 205/205/236 204/204/235
f 174/174/205 175/175/206 206/206/237 205/205/236
f 175/175/206 176/176/207 207/207/238 206/206/237
f 176/176/207 177/177/208 208/208/239 207/207/238
f 177/177/208 178/178/209 209/209/240 208/208/239
f 178/178/209 179/179/210 210/210/241 209/209/240
f 179/179/210 180/180/211 211/211/242 210/210/241
f 180/180/211 181/181/212 212/212/243 211/211/242
f 181/181/212 182/182/213 213/213/244 212/212/243
f 182/182/213 183/183/214 214/214/245 213/213/244
f 183/183/214 184/184/215 215/215/246 214/214/245
f 184/184/215 185/185/216 216/216/247 215/215/246
f 185/185/216 186/186/217 217/217/248 216/216/247
f 187/187/219 188/188/218 219/219/249 218/218/250
f 188/188/218 189/189/220 220/220/251 219/219/249
f 189/189/220 190/190/221 221/221/252 220/220/251
f 190/190/221 191/191/222 222/222/253 221/221/252
f 191/191/222 192/192/223 223/223/254 222/222/253
f 192/192/223 193/193/224 224/224/255 223/223/254
f 193/193/224 194/194/225 225/225/256 224/224/255
f 194/194/225 195/195/226 226/226/257 225/225/256
f 195/195/226 196/196/227 227/227/258 226/226/257
f 196/196/227 197/197/228 228/228/259 227/227/258
f 197/197/228 198/198/229 229/229/260 228/228/259
f 198/198/229 199/199/230 230/230/261 229/229/260
f 199/199/230 200/200/231 231/231/262 230/230/261
f 200/200/231 201/201/232 232/232/263 231/231/262
f 201/201/232 202/202/233 233/233/264 232/232/263
f 202/202/233 203/203/234 234/234/265 233/233/264
f 203/203/234 204/204/235 235/235/266 234/234/265
f 204/204/235 205/205/236 236/236/267 235/235/266
f 205/205/236 206/206/237 237/237/268 236/236/267
f 206/206/237 207/207/238 238/238/269 237/237/268
f 207/207/238 208/208/239 239/239/270 238/238/269
f 208/208/239 209/209/240 240/240/271 239/239/270
f 209/209/240 210/210/241 241/241/272 240/240/271
f 210/210/241 211/211/242 242/242/273 241/241/272
f 211/211/242 212/212/243 243/243/274 242/242/273
f 212/212/243 213/213/244 244/244/275 243/243/274
f 213/213/244 214/214/245 245/245/276 244/244/275
f 214/214/245 215/215/246 246/246/277 245/245/276
f 215/215/246 216/216/247 247/247/278 246/246/277
f 216/216/247 217/217/248 248/248/279 247/247/278
f 218/218/250 219/219/249 250/250/280 249/249/281
f 219/219/249 220/220/251 251/251/282 250/250/280
f 220/220/251 221/221/252 252/252/283 251/251/282
f 221/221/252 222/222/253 253/253/284 252/252/283
f 222/222/253 223/223/254 254/254/285 253/253/284
f 223/223/254 224/224/255 255/255/286 254/254/285
f 224/224/255 225/225/256 256/256/287 255/255/286
f 225/225/256 226/226/257 257/257/288 256/256/287
f 226/226/257 227/227/258 258/258/289 257/257/288
f 227/227/258 228/228/259 259/259/290 258/258/289
f 228/228/259 229/229/260 260/260/291 259/259/290
f 229/229/260 230/230/261 261/261/292 260/260/291
f 230/230/261 231/231/262 262/262/293 261/261/292
f 231/231/262 232/232/263 263/263/294 262/262/293
f 232/232/263 233/233/264 264/264/295 263/263/294
f 233/233/264 234/234/265 265/265/296 264/264/295
f 234/234/265 235/235/266 266/266/297 265/265/296
f 235/235/266 236/236/267 267/267/298 266/266/297
f 236/236/267 237/237/268 268/268/299 267/267/298
f 237/237/268 238/238/269 269/269/300 268/268/299
f 238/238/269 239/239/270 270/270/301 269/269/300
f 239/239/270 240/240/271 271/271/302 270/270/301
f 240/240/271 241/241/272 272/272/303 271/271/302
f 241/241/272 242/242/273 273/273/304 272/272/303
f 242/242/273 243/243/274 274/274/305 273/273/304
f 243/243/274 244/244/275 275/275/306 274/274/305
f 244/244/275 245/245/276 276/276/307 275/275/306
f 245/245/276 246/246/277 277/277/308 276/276/307
f 246/246/277 247/247/278 278/278/309 277/277/308
f 247/247/278 248/248/279 279/279/310 278/278/309
f 249/249/281 250/250/280 281/281/311 280/280/312
f 250/250/280 251/251/282 282/282/313 281/281/311
f 251/251/282 252/252/283 283/283/314 282/282/313
f 252/252/283 253/253/284 284/284/315 283/283/314
f 253/253/284 254/254/285 285/285/316 284/284/315
f 254/254/285 255/255/286 286/286/317 285/285/316
f 255/255/286 256/256/287 287/287/318 286/286/317
f 256/256/287 257/257/288 288/288/319 287/287/318
f 257/257/288 258/258/289 289/289/320 288/288/319
f 258/258/289 259/259/290 290/290/321 289/289/320
f 259/259/290 260/260/291 291/291/322 290/290/321
f 260/260/291 261/261/292 292/292/323 291/291/322
f 261/261/292 262/262/293 293/293/324 292/292/323
f 262/262/293 263/263/294 294/294/325 293/293/324
f 263/263/294 264/264/295 295/295/326 294/294/325
f 264/264/295 265/265/296 296/296/327 295/295/326
f 265/265/296 266/266/297 297/297/328 296/296/327
f 266/266/297 267/267/298 298/298/329 297/297/328
f 267/267/298 268/268/299 299/299/330 298/298/329
f 268/268/299 269/269/300 300/300/331 299/299/330
f 269/269/300 270/270/301 301/301/332 300/300/331
f 270/270/301 271/271/302 302/302/333 301/301/332
f 271/271/302 272/272/303 303/303/334 302/302/333
f 272/272/303 273/273/304 304/304/335 303/303/334
f 273/273/304 274/274/305 305/305/336 304/304/335
f 274/274/305 275/275/306 306/306/337 305/305/336
f 275/275/306 276/276/307 307/307/338 306/306/337
f 276/276/307 277/277/308 308/308/339 307/307/338
f 277/277/308 278/278/309 309/309/340 308/308/339
f 278/278/309 279/279/310 310/310/341 309/309/340
f 280/280/312 281/281/311 312/312/342 311/311/343
f 281/281/311 282/282/313 313/313/344 312/312/342
f 282/282/313 283/283/314 314/314/345 313/313/344
f 283/283/314 284/284/315 315/315/346 314/314/345
f 284/284/315 285/285/316 316/316/347 315/315/346
f 285/285/316 286/286/317 317/317/348 316/316/347
f 286/286/317 287/287/318 318/318/349 317/317/348
f 287/287/318 288/288/319 319/319/350 318/318/349
f 288/288/319 289/289/320 320/320/351 319/319/350
f 289/289/320 290/290/321 321/321/352 320/320/351
f 290/290/321 291/291/322 322/322/353 321/321/352
f 291/291/322 292/292/323 323/323/354 322/322/353
f 292/292/323 293/293/324 324/324/355 323/323/354
f 293/293/324 294/294/325 325/325/356 324/324/355
f 294/294/325 295/295/326 326/326/357 325/325/356
f 295/295/326 296/296/327 327/327/358 326/326/357
f 296/296/327 297/297/328 328/328/359 327/327/358
f 297/297/328 298/298/329 329/329/360 328/328/359
f 298/298/329 299/299/330 330/330/361 329/329/360
f 299/299/330 300/300/331 331/331/362 330/330/361
f 300/300/331 301/301/332 332/332/363 331/331/362
f 301/301/332 302/302/333 333/333/364 332/332/363
f 302/302/333 303/303/334 334/334/365 333/333/364
f 303/303/334 304/304/335 335/335/366 334/334/365
f 304/304/335 305/305/336 336/336/367 335/335/366
f 305/305/336 306/306/337 337/337/368 336/336/367
f 306/306/337 307/307/338 338/338/369 337/337/368
f 307/307/338 308/308/339 339/339/370 338/338/369
f 308/308/339 309/309/340 340/340/371 339/339/370
f 309/309/340 310/310/341 341/341/372 340/340/371
f 311/311/343 312/312/342 343/343/373 342/342/374
f 312/312/342 313/313/344 344/344/375 343/343/373
f 313/313/344 314/314/345 345/345/376 344/344/375
f 314/314/345 315/315/346 346/346/377 345/345/376
f 315/315/346 316/316/347 347/347/378 346/346/377
f 316/316/347 317/317/348 348/348/379 347/347/378
f 317/317/348 318/318/349 349/349/380 348/348/379
f 318/318/349 319/319/350 350/350/381 349/349/380
f 319/319/350 320/320/351 351/351/382 350/350/381
f 320/320/351 321/321/352 352/352/383 351/351/382
f 321/321/352 322/322/353 353/353/384 352/352/383
f 322/322/353 323/323/354 354/354/385 353/353/384
f 323/323/354 324/324/355 355/355/386 354/354/385
f 324/324/355 325/325/356 356/356/387 355/355/386
f 325/325/356 326/326/357 357/357/388 356/356/387
f 326/326/357 327/327/358 358/358/389 357/357/388
f 327/327/358 328/328/359 359/359/390 358/358/389
f 328/328/359 329/329/360 360/360/391 359/359/390
f 329/329/360 330/330/361 361/361/392 360/360/391
f 330/330/361 331/331/362 362/362/393 361/361/392
f 331/331/362 332/332/363 363/363/394 362/362/393
f 332/332/363 333/333/364 364/364/395 363/363/394
f 333/333/364 334/334/365 365/365/396 364/364/395
f 334/334/365 335/335/366 366/366/397 365/365/396
f 335/335/366 336/336/367 367/367/398 366/366/397
f 336/336/367 337/337/368 368/368/399 367/367/398
f 337/337/368 338/338/369 369/369/400 368/368/399
f 338/338/369 339/339/370 370/370/401 369/369/400
f 339/339/370 340/340/371 371/371/402 370/370/401
f 340/340/371 341/341/372 372/372/403 371/371/402
f 342/342/374 343/343/373 374/374/404 373/373/405
f 343/343/373 344/344/375 375/375/406 374/374/404
f 344/344/375 345/345/376 376/376/407 375/375/406
f 345/345/376 346/346/377 377/377/408 376/376/407
f 346/346/377 347/347/378 378/378/409 377/377/408
f 347/347/378 348/348/379 379/379/410 378/378/409
f 348/348/379 349/349/380 380/380/411 379/379/410
f 349/349/380 350/350/381 381/381/412 380/380/411
f 350/350/381 351/351/382 382/382/413 381/381/412
f 351/351/382 352/352/383 383/383/414 382/382/413
f 352/352/383 353/353/384 384/384/415 383/383/414
f 353/353/384 354/354/385 385/385/416 384/384/415
f 354/354/385 355/355/386 386/386/417 385/385/416
f 355/355/386 356/356/387 387/387/418 386/386/417
f 356/356/387 357/357/388 388/388/419 387/387/418
f 357/357/388 358/358/389 389/389/420 388/388/419
f 358/358/389 359/359/390 390/390/421 389/389/420
f 359/359/390 360/360/391 391/391/422 390/390/421
f 360/360/391 361/361/392 392/392/423 391/391/422
f 361/361/392 362/362/393 393/393/424 392/392/423
f 362/362/393 363/363/394 394/394/425 393/393/424
f 363/363/394 364/364/395 395/395/426 394/394/425
f 364/364/395 365/365/396 396/396/427 395/395/426
f 365/365/396 366/366/397 397/397/428 396/396/427
f 366/366/397 367/367/398 398/398/429 397/397/428
f 367/367/398 368/368/399 399/399/430 398/398/429
f 368/368/399 369/369/400 400/400/431 399/399/430
f 369/369/400 370/370/401 401/401/432 400/400/431
f 370/370/401 371/371/402 402/402/433 401/401/432
f 371/371/402 372/372/403 403/403/434 402/402/433
f 373/373/405 374/374/404 405/405/435 404/404/436
f 374/374/404 375/375/406 406/406/437 405/405/435
f 375/375/406 376/376/407 407/407/438 406/406/437
f 376/376/407 377/377/408 408/408/439 407/407/438
f 377/377/408 378/378/409 409/409/440 408/408/439
f 378/378/409 379/379/410 410/410/441 409/409/440
f 379/379/410 380/380/411 411/411/442 410/410/441
f 380/380/411 381/381/412 412/412/443 411/411/442
f 381/381/412 382/382/413 413/413/444 412/412/443
f 382/382/413 383/383/414 414/414/445 413/413/444
f 383/383/414 384/384/415 415/415/446 414/414/445
f 384/384/415 385/385/416 416/416/447 415/415/446
f 385/385/416 386/386/417 417/417/448 416/416/447
f 386/386/417 387/387/418 418/418/449 417/417/448
f 387/387/418 388/388/419 419/419/450 418/418/449
f 388/388/419 389/389/420 420/420/451 419/419/450
f 389/389/420 390/390/421 421/421/452 420/420/451
f 390/390/421 391/391/422 422/422/453 421/421/452
f 391/391/422 392/392/423 423/423/454 422/422/453
f 392/392/423 393/393/424 424/424/455 423/423/454
f 393/393/424 394/394/425 425/425/456 424/424/455
f 394/394/425 395/395/426 426/426/457 425/425/456
f 395/395/426 396/396/427 427/427/458 426/426/457
f 396/396/427 397/397/428 428/428/459 427/427/458
f 397/397/428 398/398/429 429/429/460 428/428/459
f 398/398/429 399/399/430 430/430/461 429/429/460
f 399/399/430 400/400/431 431/431/462 430/430/461
f 400/400/431 401/401/432 432/432/463 431/431/462
f 401/401/432 402/402/433 433/433/464 432/432/463
f 402/402/433 403/403/434 434/434/465 433/433/464
f 404/404/436 405/405/435 436/436/466 435/435/467
f 405/405/435 406/406/437 437/437/468 436/436/466
f 406/406/437 407/407/438 438/438/469 437/437/468
f 407/407/438 408/408/439 439/439/470 438/438/469
f 408/408/439 409/409/440 440/440/471 439/439/470
f 409/409/440 410/410/441 441/441/472 440/440/471
f 410/410/441 411/411/442 442/442/473 441/441/472
f 411/411/442 412/412/443 443/443/474 442/442/473
f 412/412/443 413/413/444 444/444/475 443/443/474
f 413/413/444 414/414/445 445/445/476 444/444/475
f 414/414/445 415/415/446 446/446/477 445/445/476
f 415/415/446 416/416/447 447/447/478 446/446/477
f 416/416/447 417/417/448 448/448/479 447/447/478
f 417/417/448 418/418/449 449/449/480 448/448/479
f 418/418/449 419/419/450 450/450/481 449/449/480
f 419/419/450 420/420/451 451/451/482 450/450/481
f 420/420/451 421/421/452 452/452/483 451/451/482
f 421/421/452 422/422/453 453/453/484 452/452/483
f 422/422/453 423/423/454 454/454/485 453/453/484
f 423/423/454 424/424/455 455/455/486 454/454/485
f 424/424/455 425/425/456 456/456/487 455/455/486
f 425/425/456 426/426/457 457/457/488 456/456/487
f 426/426/457 427/427/458 458/458/489 457/457/488
f 427/427/458 428/428/459 459/459/490 458/458/489
f 428/428/459 429/429/460 460/460/491 459/459/490
f 429/429/460 430/430/461 461/461/492 460/460/491
f 430/430/461 431/431/462 462/462/493 461/461/492
f 431/431/462 432/432/463 463/463/494 462/462/493
f 432/432/463 433/433/464 464/464/495 463/463/494
f 433/433/464 434/434/465 465/465/496 464/464/495
f 435/435/467 436/436/466 467/467/497 466/466/498
f 436/436/466 437/437/468 468/468/499 467/467/497
f 437/437/468 438/438/469 469/469/500 468/468/499
f 438/438/469 439/439/470 470/470/501 469/469/500
f 439/439/470 440/440/471 471/471/502 470/470/501
f 440/440/471 441/441/472 472/472/503 471/471/502
f 441/441/472 442/442/473 473/473/504 472/472/503
f 442/442/473 443/443/474 474/474/505 473/473/504
f 443/443/474 444/444/475 475/475/506 474/474/505
f 444/444/475 445/445/476 476/476/507 475/475/506
f 445/445/476 446/446/477 477/477/508 476/476/507
f 446/446/477 447/447/478 478/478/509 477/477/508
f 447/447/478 448/448/479 479/479/510 478/478/509
f 448/448/479 449/449/480 480/480/511 479/479/510
f 449/449/480 450/450/481 481/481/512 480/480/511
f 450/450/481 451/451/482 482/482/513 481/481/512
f 451/451/482 452/452/483 483/483/514 482/482/513
f 452/452/483 453/453/484 484/484/515 483/483/514
f 453/453/484 454/454/485 485/485/516 484/484/515
f 454/454/485 455/455/486 486/486/517 485/485/516
f 455/455/486 456/456/487 487/487/518 486/486/517
f 456/456/487 457/457/488 488/488/519 487/487/518
f 457/457/488 458/458/489 489/489/520 488/488/519
f 458/458/489 459/459/490 490/490/521 489/489/520
f 459/459/490 460/460/491 491/491/522 490/490/521
f 460/460/491 461/461/492 492/492/523 491/491/522
f 461/461/492 462/462/493 493/493/524 492/492/523
f 462/462/493 463/463/494 494/494/525 493/493/524
f 463/463/494 464/464/495 495/495/526 494/494/525
f 464/464/495 465/465/496 496/496/527 495/495/526
f 466/466/498 467/467/497 498/498/528 497/497/529
f 467/467/497 468/468/499 499/499/530 498/498/528
f 468/468/499 469/469/500 500/500/531 499/499/530
f 469/469/500 470/470/501 501/501/532 500/500/531
f 470/470/501 471/471/502 502/502/533 501/501/532
f 471/471/502 472/472/503 503/503/534 502/502/533
f 472/472/503 473/473/504 504/504/535 503/503/534
f 473/473/504 474/474/505 505/505/536 504/504/535
f 474/474/505 475/475/506 506/506/537 505/505/536
f 475/475/506 476/476/507 507/507/538 506/506/537
f 476/476/507 477/477/508 508/508/539 507/507/538
f 477/477/508 478/478/509 509/509/540 508/508/539
f 478/478/509 479/479/510 510/510/541 509/509/540
f 479/479/510 480/480/511 511/511/542 510/510/541
f 480/480/511 481/481/512 512/512/543 511/511/542
f 481/481/512 482/482/513 513/513/544 512/512/543
f 482/482/513 483/483/514 514/514/545 513/513/544
f 483/483/514 484/484/515 515/515/546 514/514/545
f 484/484/515 485/485/516 516/516/547 515/515/546
f 485/485/516 486/486/517 517/517/548 516/516/547
f 486/486/517 487/487/518 518/518/549 517/517/548
f 487/487/518 488/488/519 519/519/550 518/518/549
f 488/488/519 489/489/520 520/520/551 519/519/550
f 489/489/520 490/490/521 521/521/552 520/520/551
f 490/490/521 491/491/522 522/522/553 521/521/552
f 491/491/522 492/492/523 523/523/554 522/522/553
f 492/492/523 493/493/524 524/524/555 523/523/554
f 493/493/524 494/494/525 525/525/556 524/524/555
f 494/494/525 495/495/526 526/526/557 525/525/556
f 495/495/526 496/496/527 527/527/558 526/526/557
f 497/497/529 498/498/528 529/529/559 528/528/560
f 498/498/528 499/499/530 530/530/561 529/529/559
f 499/499/530 500/500/531 531/531/562 530/530/561
f 500/500/531 501/501/532 532/532/563 531/531/562
f 501/501/532 502/502/533 533/533/564 532/532/563
f 502/502/533 503/503/534 534/534/565 533/533/564
f 503/503/534 504/504/535 535/535/566 534/534/565
f 504/504/535 505/505/536 536/536/567 535/535/566
f 505/505/536 506/506/537 537/537/568 536/536/567
f 506/506/537 507/507/538 538/538/569 537/537/568
f 507/507/538 508/508/539 539/539/570 538/538/569
f 508/508/539 509/509/540 540/540/571 539/539/570
f 509/509/540 510/510/541 541/541/572 540/540/571
f 510/510/541 511/511/542 542/542/573 541/541/572
f 511/511/542 512/512/543 543/543/574 542/542/573
f 512/512/543 513/513/544 544/544/575 543/543/574
f 513/513/544 514/514/545 545/545/576 544/544/575
f 514/514/545 515/515/546 546/546/577 545/545/576
f 515/515/546 516/516/547 547/547/578 546/546/577
f 516/516/547 517/517/548 548/548/579 547/547/578
f 517/517/548 518/518/549 549/549/580 548/548/579
f 518/518/549 519/519/550 550/550/581 549/549/580
f 519/519/550 520/520/551 551/551/582 550/550/581
f 520/520/551 521/521/552 552/552/583 551/551/582
f 521/521/552 522/522/553 553/553/584 552/552/583
f 522/522/553 523/523/554 554/554/585 553/553/584
f 523/523/554 524/524/555 555/555/586 554/554/585
f 524/524/555 525/525/556 556/556/587 555/555/586
f 525/525/556 526/526/557 557/557/588 556/556/587
f 526/526/557 527/527/558 558/558/589 557/557/588
f 528/528/560 529/529/559 560/560/590 559/559/591
f 529/529/559 530/530/561 561/561/592 560/560/590
f 530/530/561 531/531/562 562/562/593 561/561/592
f 531/531/562 532/532/563 563/563/594 562/562/593
f 532/532/563 533/533/564 564/564/595 563/563/594
f 533/533/564 534/534/565 565/565/596 564/564/595
f 534/534/565 535/535/566 566/566/597 565/565/596
f 535/535/566 536/536/567 567/567/598 566/566/597
f 536/536/567 537/537/568 568/568/599 567/567/598
f 537/537/568 538/538/569 569/569/600 568/568/599
f 538/538/569 539/539/570 570/570/601 569/569/600
f 539/539/570 540/540/571 571/571/602 570/570/601
f 540/540/571 541/541/572 572/572/603 571/571/602
f 541/541/572 542/542/573 573/573/604 572/572/603
f 542/542/573 543/543/574 574/574/605 573/573/604
f 543/543/574 544/544/575 575/575/606 574/574/605
f 544/544/575 545/545/576 576/576/607 575/575/606
f 545/545/576 546/546/577 577/577/608 576/576/607
f 546/546/577 547/547/578 578/578/609 577/577/608
f 547/547/578 548/548/579 579/579/610 578/578/609
f 548/548/579 549/549/580 580/580/611 579/579/610
f 549/549/580 550/550/581 581/581/612 580/580/611
f 550/550/581 551/551/582 582/582/613 581/581/612
f 551/551/582 552/552/583 583/583/614 582/582/613
f 552/552/583 553/553/584 584/584/615 583/583/614
f 553/553/584 554/554/585 585/585/616 584/584/615
f 554/554/585 555/555/586 586/586/617 585/585/616
f 555/555/586 556/556/587 587/587/618 586/586/617
f 556/556/587 557/557/588 588/588/619 587/587/618
f 557/557/588 558/558/589 589/589/620 588/588/619
f 559/559/591 560/560/590 591/591/621 590/590/622
f 560/560/590 561/561/592 592/592/623 591/591/621
f 561/561/592 562/562/593 593/593/624 592/592/623
f 562/562/593 563/563/594 594/594/625 593/593/624
f 563/563/594 564/564/595 595/595/626 594/594/625
f 564/564/595 565/565/596 596/596/627 595/595/626
f 565/565/596 566/566/597 597/597/628 596/596/627
f 566/566/597 567/567/598 598/598/629 597/597/628
f 567/567/598 568/568/599 599/599/630 598/598/629
f 568/568/599 569/569/600 600/600/631 599/599/630
f 569/569/600 570/570/601 601/601/632 600/600/631
f 570/570/601 571/571/602 602/602/633 601/601/632
f 571/571/602 572/572/603 603/603/634 602/602/633
f 572/572/603 573/573/604 604/604/635 603/603/634
f 573/573/604 574/574/605 605/605/636 604/604/635
f 574/574/605 575/575/606 606/606/637 605/605/636
f 575/575/606 576/576/607 607/607/638 606/606/637
f 576/576/607 577/577/608 608/608/639 607/607/638
f 577/577/608 578/578/609 609/609/640 608/608/639
f 578/578/609 579/579/610 610/610/641 609/609/640
f 579/579/610 580/580/611 611/611/642 610/610/641
f 580/580/611 581/581/612 612/612/643 611/611/642
f 581/581/612 582/582/613 613/613/644 612/612/643
f 582/582/613 583/583/614 614/614/645 613/613/644
f 583/583/614 584/584/615 615/615/646 614/614/645
f 584/584/615 585/585/616 616/616/647 615/615/646
f 585/585/616 586/586/617 617/617/648 616/616/647
f 586/586/617 587/587/618 618/618/649 617/617/648
f 587/587/618 588/588/619 619/619/650 618/618/649
f 588/588/619 589/589/620 620/620/651 619/619/650
f 590/590/622 591/591/621 622/622/652 621/621/653
f 591/591/621 592/592/623 623/623/654 622/622/652
f 592/592/623 593/593/624 624/624/655 623/623/654
f 593/593/624 594/594/625 625/625/656 624/624/655
f 594/594/625 595/595/626 626/626/657 625/625/656
f 595/595/626 596/596/627 627/627/658 626/626/657
f 596/596/627 597/597/628 628/628/659 627/627/658
f 597/597/628 598/598/629 629/629/660 628/628/659
f 598/598/629 599/599/630 630/630/661 629/629/660
f 599/599/630 600/600/631 631/631/662 630/630/661
f 600/600/631 601/601/632 632/632/663 631/631/662
f 601/601/632 602/602/633 633/633/664 632/632/663
f 602/602/633 603/603/634 634/634/665 633/633/664
f 603/603/634 604/604/635 635/635/666 634/634/665
f 604/604/635 605/605/636 636/636/667 635/635/666
f 605/605/636 606/606/637 637/637/668 636/636/667
f 606/606/637 607/607/638 638/638/669 637/637/668
f 607/607/638 608/608/639 639/639/670 638/638/669
f 608/608/639 609/609/640 640/640/671 639/639/670
f 609/609/640 610/610/641 641/641/672 640/640/671
f 610/610/641 611/611/642 642/642/673 641/641/672
f 611/611/642 612/612/643 643/643/674 642/642/673
f 612/612/643 613/613/644 644/644/675 643/643/674
f 613/613/644 614/614/645 645/645/676 644/644/675
f 614/614/645 615/615/646 646/646/677 645/645/676
f 615/615/646 616/616/647 647/647/678 646/646/677
f 616/616/647 617/617/648 648/648/679 647/647/678
f 617/617/648 618/618/649 649/649/680 648/648/679
f 618/618/649 619/619/650 650/650/681 649/649/680
f 619/619/650 620/620/651 651/651/682 650/650/681
f 621/621/653 622/622/652 653/653/683 652/652/684
f 622/622/652 623/623/654 654/654/685 653/653/683
f 623/623/654 624/624/655 655/655/686 654/654/685
f 624/624/655 625/625/656 656/656/687 655/655/686
f 625/625/656 626/626/657 657/657/688 656/656/687
f 626/626/657 627/627/658 658/658/689 657/657/688
f 627/627/658 628/628/659 659/659/690 658/658/689
f 628/628/659 629/629/660 660/660/691 659/659/690
f 629/629/660 630/630/661 661/661/692 660/660/691
f 630/630/661 631/631/662 662/662/693 661/661/692
f 631/631/662 632/632/663 663/663/694 662/662/693
f 632/632/663 633/633/664 664/664/695 663/663/694
f 633/633/664 634/634/665 665/665/696 664/664/695
f 634/634/665 635/635/666 666/666/697 665/665/696
f 635/635/666 636/636/667 667/667/698 666/666/697
f 636/636/667 637/637/668 668/668/699 667/667/698
f 637/637/668 638/638/669 669/669/700 668/668/699
f 638/638/669 639/639/670 670/670/701 669/669/700
f 639/639/670 640/640/671 671/671/702 670/670/701
f 640/640/671 641/641/672 672/672/703 671/671/702
f 641/641/672 642/642/673 673/673/704 672/672/703
f 642/642/673 643/643/674 674/674/705 673/673/704
f 643/643/674 644/644/675 675/675/706 674/674/705
f 644/644/675 645/645/676 676/676/707 675/675/706
f 645/645/676 646/646/677 677/677/708 676/676/707
f 646/646/677 647/647/678 678/678/709 677/677/708
f 647/647/678 648/648/679 679/679/710 678/678/709
f 648/648/679 649/649/680 680/680/711 679/679/710
f 649/649/680 650/650/681 681/681/712 680/680/711
f 650/650/681 651/651/682 682/682/713 681/681/712
f 652/652/684 653/653/683 684/684/714 683/683/715
f 653/653/683 654/654/685 685/685/716 684/684/714
f 654/654/685 655/655/686 686/686/717 685/685/716
f 655/655/686 656/656/687 687/687/718 686/686/717
f 656/656/687 657/657/688 688/688/719 687/687/718
f 657/657/688 658/658/689 689/689/720 688/688/719
f 658/658/689 659/659/690 690/690/721 689/689/720
f 659/659/690 660/660/691 691/691/722 690/690/721
f 660/660/691 661/661/692 692/692/723 691/691/722
f 661/661/692 662/662/693 693/693/724 692/692/723
f 662/662/693 663/663/694 694/694/725 693/693/724
f 663/663/694 664/664/695 695/695/726 694/694/725
f 664/664/695 665/665/696 696/696/727 695/695/726
f 665/665/696 666/666/697 697/697/728 696/696/727
f 666/666/697 667/667/698 698/698/729 697/697/728
f 667/667/698 668/668/699 699/699/730 698/698/729
f 668/668/699 669/669/700 700/700/731 699/699/730
f 669/669/700 670/670/701 701/701/732 700/700/731
f 670/670/701 671/671/702 702/702/733 701/701/732
f 671/671/702 672/672/703 703/703/734 702/702/733
f 672/672/703 673/673/704 704/704/735 703/703/734
f 673/673/704 674/674/705 705/705/736 704/704/735
f 674/674/705 675/675/706 706/706/737 705/705/736
f 675/675/706 676/676/707 707/707/738 706/706/737
f 676/676/707 677/677/708 708/708/739 707/707/738
f 677/677/708 678/678/709 709/709/740 708/708/739
f 678/678/709 679/679/710 710/710/741 709/709/740
f 679/679/710 680/680/711 711/711/742 710/710/741
f 680/680/711 681/681/712 712/712/743 711/711/742
f 681/681/712 682/682/713 713/713/744 712/712/743
f 683/683/715 684/684/714 715/715/745 714/714/746
f 684/684/714 685/685/716 716/716/747 715/715/745
f 685/685/716 686/686/717 717/717/748 716/716/747
f 686/686/717 687/687/718 718/718/749 717/717/748
f 687/687/718 688/688/719 719/719/750 718/718/749
f 688/688/719 689/689/720 720/720/751 719/719/750
f 689/689/720 690/690/721 721/721/752 720/720/751
f 690/690/721 691/691/722 722/722/753 721/721/752
f 691/691/722 692/692/723 723/723/754 722/722/753
f 692/692/723 693/693/724 724/724/755 723/723/754
f 693/693/724 694/694/725 725/725/756 724/724/755
f 694/694/725 695/695/726 726/726/757 725/725/756
f 695/695/726 696/696/727 727/727/758 726/726/757
f 696/696/727 697/697/728 728/728/759 727/727/758
f 697/697/728 698/698/729 729/729/760 728/728/759
f 698/698/729 699/699/730 730/730/761 729/729/760
f 699/699/730 700/700/731 731/731/762 730/730/761
f 700/700/731 701/701/732 732/732/763 731/731/762
f 701/701/732 702/702/733 733/733/764 732/732/763
f 702/702/733 703/703/734 734/734/765 733/733/764
f 703/703/734 704/704/735 735/735/766 734/734/765
f 704/704/735 705/705/736 736/736/767 735/735/766
f 705/705/736 706/706/737 737/737/768 736/736/767
f 706/706/737 707/707/738 738/738/769 737/737/768
f 707/707/738 708/708/739 739/739/770 738/738/769
f 708/708/739 709/709/740 740/740/771 739/739/770
f 709/709/740 710/710/741 741/741/772 740/740/771
f 710/710/741 711/711/742 742/742/773 741/741/772
f 711/711/742 712/712/743 743/743/774 742/742/773
f 712/712/743 713/713/744 744/744/775 743/743/774
f 714/714/746 715/715/745 746/746/776 745/745/777
f 715/715/745 716/716/747 747/747/778 746/746/776
f 716/716/747 717/717/748 748/748/779 747/747/778
f 717/717/748 718/718/749 749/749/780 748/748/779
f 718/718/749 719/719/750 750/750/781 749/749/780
f 719/719/750 720/720/751 751/751/782 750/750/781
f 720/720/751 721/721/752 752/752/783 751/751/782
f 721/721/752 722/722/753 753/753/784 752/752/783
f 722/722/753 723/723/754 754/754/785 753/753/784
f 723/723/754 724/724/755 755/755/786 754/754/785
f 724/724/755 725/725/756 756/756/787 755/755/786
f 725/725/756 726/726/757 757/757/788 756/756/787
f 726/726/757 727/727/758 758/758/789 757/757/788
f 727/727/758 728/728/759 759/759/790 758/758/789
f 728/728/759 729/729/760 760/760/791 759/759/790
f 729/729/760 730/730/761 761/761/792 760/760/791
f 730/730/761 731/731/762 762/762/793 761/761/792
f 731/731/762 732/732/763 763/763/794 762/762/793
f 732/732/763 733/733/764 764/764/795 763/763/794
f 733/733/764 734/734/765 765/765/796 764/764/795
f 734/734/765 735/735/766 766/766/797 765/765/796
f 735/735/766 736/736/767 767/767/798 766/766/797
f 736/736/767 737/737/768 768/768/799 767/767/798
f 737/737/768 738/738/769 769/769/800 768/768/799
f 738/738/769 739/739/770 770/770/801 769/769/800
f 739/739/770 740/740/771 771/771/802 770/770/801
f 740/740/771 741/741/772 772/772/803 771/771/802
f 741/741/772 742/742/773 773/773/804 772/772/803
f 742/742/773 743/743/774 774/774/805 773/773/804
f 743/743/774 744/744/775 775/775/806 774/774/805
f 745/745/777 746/746/776 777/777/807 776/776/808
f 746/746/776 747/747/778 778/778/809 777/777/807
f 747/747/778 748/748/779 779/779/810 778/778/809
f 748/748/779 749/749/780 780/780/811 779/779/810
f 749/749/780 750/750/781 781/781/812 780/780/811
f 750/750/781 751/751/782 782/782/813 781/781/812
f 751/751/782 752/752/783 783/783/814 782/782/813
f 752/752/783 753/753/784 784/784/815 783/783/814
f 753/753/784 754/754/785 785/785/816 784/784/815
f 754/754/785 755/755/786 786/786/817 785/785/816
f 755/755/786 756/756/787 787/787/818 786/786/817
f 756/756/787 757/757/788 788/788/819 787/787/818
f 757/757/788 758/758/789 789/789/820 788/788/819
f 758/758/789 759/759/790 790/790/821 789/789/820
f 759/759/790 760/760/791 791/791/822 790/790/821
f 760/760/791 761/761/792 792/792/823 791/791/822
f 761/761/792 762/762/793 793/793/824 792/792/823
f 762/762/793 763/763/794 794/794/825 793/793/824
f 763/763/794 764/764/795 795/795/826 794/794/825
f 764/764/795 765/765/796 796/796/827 795/795/826
f 765/765/796 766/766/797 797/797/828 796/796/827
f 766/766/797 767/767/798 798/798/829 797/797/828
f 767/767/798 768/768/799 799/799/830 798/798/829
f 768/768/799 769/769/800 800/800/831 799/799/830
f 769/769/800 770/770/801 801/801/832 800/800/831
f 770/770/801 771/771/802 802/802/833 801/801/832
f 771/771/802 772/772/803 803/803/834 802/802/833
f 772/772/803 773/773/804 804/804/835 803/803/834
f 773/773/804 774/774/805 805/805/836 804/804/835
f 774/774/805 775/775/806 806/806/837 805/805/836
f 776/776/808 777/777/807 808/808/838 807/807/839
f 777/777/807 778/778/809 809/809/840 808/808/838
f 778/778/809 779/779/810 810/810/841 809/809/840
f 779/779/810 780/780/811 811/811/842 810/810/841
f 780/780/811 781/781/812 812/812/843 811/811/842
f 781/781/812 782/782/813 813/813/844 812/812/843
f 782/782/813 783/783/814 814/814/845 813/813/844
f 783/783/814 784/784/815 815/815/846 814/814/845
f 784/784/815 785/785/816 816/816/847 815/815/846
f 785/785/816 786/786/817 817/817/848 816/816/847
f 786/786/817 787/787/818 818/818/849 817/817/848
f 787/787/818 788/788/819 819/819/850 818/818/849
f 788/788/819 789/789/820 820/820/851 819/819/850
f 789/789/820 790/790/821 821/821/852 820/820/851
f 790/790/821 791/791/822 822/822/853 821/821/852
f 791/791/822 792/792/823 823/823/854 822/822/853
f 792/792/823 793/793/824 824/824/855 823/823/854
f 793/793/824 794/794/825 825/825/856 824/824/855
f 794/794/825 795/795/826 826/826/857 825/825/856
f 795/795/826 796/796/827 827/827/858 826/826/857
f 796/796/827 797/797/828 828/828/859 827/827/858
f 797/797/828 798/798/829 829/829/860 828/828/859
f 798/798/829 799/799/830 830/830/861 829/829/860
f 799/799/830 800/800/831 831/831/862 830/830/861
f 800/800/831 801/801/832 832/832/863 831/831/862
f 801/801/832 802/802/833 833/833/864 832/832/863
f 802/802/833 803/803/834 834/834/865 833/833/864
f 803/803/834 804/804/835 835/835/866 834/834/865
f 804/804/835 805/805/836 836/836/867 835/835/866
f 805/805/836 806/806/837 837/837/868 836/836/867
f 807/807/839 808/808/838 839/839/869 838/838/870
f 808/808/838 809/809/840 840/840/871 839/839/869
f 809/809/840 810/810/841 841/841/872 840/840/871
f 810/810/841 811/811/842 842/842/873 841/841/872
f 811/811/842 812/812/843 843/843/874 842/842/873
f 812/812/843 813/813/844 844/844/875 843/843/874
f 813/813/844 814/814/845 845/845/876 844/844/875
f 814/814/845 815/815/846 846/846/877 845/845/876
f 815/815/846 816/816/847 847/847/878 846/846/877
f 816/816/847 817/817/848 848/848/879 847/847/878
f 817/817/848 818/818/849 849/849/880 848/848/879
f 818/818/849 819/819/850 850/850/881 849/849/880
f 819/819/850 820/820/851 851/851/882 850/850/881
f 820/820/851 821/821/852 852/852/883 851/851/882
f 821/821/852 822/822/853 853/853/884 852/852/883
f 822/822/853 823/823/854 854/854/885 853/853/884
f 823/823/854 824/824/855 855/855/886 854/854/885
f 824/824/855 825/825/856 856/856/887 855/855/886
f 825/825/856 826/826/857 857/857/888 856/856/887
f 826/826/857 827/827/858 858/858/889 857/857/888
f 827/827/858 828/828/859 859/859/890 858/858/889
f 828/828/859 829/829/860 860/860/891 859/859/890
f 829/829/860 830/830/861 861/861/892 860/860/891
f 830/830/861 831/831/862 862/862/893 861/861/892
f 831/831/862 832/832/863 863/863/894 862/862/893
f 832/832/863 833/833/864 864/864/895 863/863/894
f 833/833/864 834/834/865 865/865/896 864/864/895
f 834/834/865 835/835/866 866/866/897 865/865/896
f 835/835/866 836/836/867 867/867/898 866/866/897
f 836/836/867 837/837/868 868/868/899 867/867/898
f 838/838/870 839/839/869 870/870/900 869/869/901
f 839/839/869 840/840/871 871/871/902 870/870/900
f 840/840/871 841/841/872 872/872/903 871/871/902
f 841/841/872 842/842/873 873/873/904 872/872/903
f 842/842/873 843/843/874 874/874/905 873/873/904
f 843/843/874 844/844/875 875/875/906 874/874/905
f 844/844/875 845/845/876 876/876/907 875/875/906
f 845/845/876 846/846/877 877/877/908 876/876/907
f 846/846/877 847/847/878 878/878/909 877/877/908
f 847/847/878 848/848/879 879/879/910 878/878/909
f 848/848/879 849/849/880 880/880/911 879/879/910
f 849/849/880 850/850/881 881/881/912 880/880/911
f 850/850/881 851/851/882 882/882/913 881/881/912
f 851/851/882 852/852/883 883/883/914 882/882/913
f 852/852/883 853/853/884 884/884/915 883/883/914
f 853/853/884 854/854/885 885/885/916 884/884/915
f 854/854/885 855/855/886 886/886/917 885/885/916
f 855/855/886 856/856/887 887/887/918 886/886/917
f 856/856/887 857/857/888 888/888/919 887/887/918
f 857/857/888 858/858/889 889/889/920 888/888/919
f 858/858/889 859/859/890 890/890/921 889/889/920
f 859/859/890 860/860/891 891/891/922 890/890/921
f 860/860/891 861/861/892 892/892/923 891/891/922
f 861/861/892 862/862/893 893/893/924 892/892/923
f 862/862/893 863/863/894 894/894/925 893/893/924
f 863/863/894 864/864/895 895/895/926 894/894/925
f 864/864/895 865/865/896 896/896/927 895/895/926
f 865/865/896 866/866/897 897/897/928 896/896/927
f 866/866/897 867/867/898 898/898/929 897/897/928
f 867/867/898 868/868/899 899/899/930 898/898/929
f 869/869/901 870/870/900 901/901/931 900/900/932
f 870/870/900 871/871/902 902/902/933 901/901/931
f 871/871/902 872/872/903 903/903/934 902/902/933
f 872/872/903 873/873/904 904/904/935 903/903/934
f 873/873/904 874/874/905 905/905/936 904/904/935
f 874/874/905 875/875/906 906/906/937 905/905/936
f 875/875/906 876/876/907 907/907/938 906/906/937
f 876/876/907 877/877/908 908/908/939 907/907/938
f 877/877/908 878/878/909 909/909/940 908/908/939
f 878/878/909 879/879/910 910/910/941 909/909/940
f 879/879/910 880/880/911 911/911/942 910/910/941
f 880/880/911 881/881/912 912/912/943 911/911/942
f 881/881/912 882/882/913 913/913/944 912/912/943
f 882/882/913 883/883/914 914/914/945 913/913/944
f 883/883/914 884/884/915 915/915/946 914/914/945
f 884/884/915 885/885/916 916/916/947 915/915/946
f 885/885/916 886/886/917 917/917/948 916/916/947
f 886/886/917 887/887/918 918/918/949 917/917/948
f 887/887/918 888/888/919 919/919/950 918/918/949
f 888/888/919 889/889/920 920/920/951 919/919/950
f 889/889/920 890/890/921 921/921/952 920/920/951
f 890/890/921 891/891/922 922/922/953 921/921/952
f 891/891/922 892/892/923 923/923/954 922/922/953
f 892/892/923 893/893/924 924/924/955 923/923/954
f 893/893/924 894/894/925 925/925/956 924/924/955
f 894/894/925 895/895/926 926/926/957 925/925/956
f 895/895/926 896/896/927 927/927/958 926/926/957
f 896/896/927 897/897/928 928/928/959 927/927/958
f 897/897/928 898/898/929 929/929/960 928/928/959
f 898/898/929 899/899/930 930/930/961 929/929/960
f 900/900/932 901/901/931 932/932/962 931/931/963
f 901/901/931 902/902/933 933/933/964 932/932/962
f 902/902/933 903/903/934 934/934/965 933/933/964
f 903/903/934 904/904/935 935/935/966 934/934/965
f 904/904/935 905/905/936 936/936/967 935/935/966
f 905/905/936 906/906/937 937/937/968 936/936/967
f 906/906/937 907/907/938 938/938/969 937/937/968
f 907/907/938 908/908/939 939/939/970 938/938/969
f 908/908/939 909/909/940 940/940/971 939/939/970
f 909/909/940 910/910/941 941/941/972 940/940/971
f 910/910/941 911/911/942 942/942/973 941/941/972
f 911/911/942 912/912/943 943/943/974 942/942/973
f 912/912/943 913/913/944 944/944/975 943/943/974
f 913/913/944 914/914/945 945/945/976 944/944/975
f 914/914/945 915/915/946 946/946/977 945/945/976
f 915/915/946 916/916/947 947/947/978 946/946/977
f 916/916/947 917/917/948 948/948/979 947/947/978
f 917/917/948 918/918/949 949/949/980 948/948/979
f 918/918/949 919/919/950 950/950/981 949/949/980
f 919/919/950 920/920/951 951/951/982 950/950/981
f 920/920/951 921/921/952 952/952/983 951/951/982
f 921/921/952 922/922/953 953/953/984 952/952/983
f 922/922/953 923/923/954 954/954/985 953/953/984
f 923/923/954 924/924/955 955/955/986 954/954/985
f 924/924/955 925/925/956 956/956/987 955/955/986
f 925/925/956 926/926/957 957/957/988 956/956/987
f 926/926/957 927/927/958 958/958/989 957/957/988
f 927/927/958 928/928/959 959/959/990 958/958/989
f 928/928/959 929/929/960 960/960/991 959/959/990
f 929/929/960 930/930/961 961/961/992 960/960/991
f 931/931/963 932/932/962 963/963/993 962/962/994
f 932/932/962 933/933/964 964/964/995 963/963/993
f 933/933/964 934/934/965 965/965/996 964/964/995
f 934/934/965 935/935/966 966/966/997 965/965/996
f 935/935/966 936/936/967 967/967/998 966/966/997
f 936/936/967 937/937/968 968/968/999 967/967/998
f 937/937/968 938/938/969 969/969/1000 968/968/999
f 938/938/969 939/939/970 970/970/1001 969/969/1000
f 939/939/970 940/940/971 971/971/1002 970/970/1001
f 940/940/971 941/941/972 972/972/1003 971/971/1002
f 941/941/972 942/942/973 973/973/1004 972/972/1003
f 942/942/973 943/943/974 974/974/1005 973/973/1004
f 943/943/974 944/944/975 975/975/1006 974/974/1005
f 944/944/975 945/945/976 976/976/1007 975/975/1006
f 945/945/976 946/946/977 977/977/1008 976/976/1007
f 946/946/977 947/947/978 978/978/1009 977/977/1008
f 947/947/978 948/948/979 979/979/1010 978/978/1009
f 948/948/979 949/949/980 980/980/1011 979/979/1010
f 949/949/980 950/950/981 981/981/1012 980/980/1011
f 950/950/981 951/951/982 982/982/1013 981/981/1012
f 951/951/982 952/952/983 983/983/1014 982/982/1013
f 952/952/983 953/953/984 984/984/1015 983/983/1014
f 953/953/984 954/954/985 985/985/1016 984/984/1015
f 954/954/985 955/955/986 986/986/1017 985/985/1016
f 955/955/986 956/956/987 987/987/1018 986/986/1017
f 956/956/987 957/957/988 988/988/1019 987/987/1018
f 957/957/988 958/958/989 989/989/1020 988/988/1019
f 958/958/989 959/959/990 990/990/1021 989/989/1020
f 959/959/990 960/960/991 991/991/1022 990/990/1021
f 960/960/991 961/961/992 992/992/1023 991/991/1022
s 3
f 962/962/1024 963/963/1025 994/994/1026 993/993/1027
f 963/963/1025 964/964/1028 995/995/1029 994/994/1026
f 964/964/1028 965/965/1030 996/996/1031 995/995/1029
f 965/965/1030 966/966/1032 997/997/1033 996/996/1031
f 966/966/1032 967/967/1034 998/998/1035 997/997/1033
f 967/967/1034 968/968/1036 999/999/1037 998/998/1035
f 968/968/1036 969/969/1038 1000/1000/1039 999/999/1037
f 969/969/1038 970/970/1040 1001/1001/1041 1000/1000/1039
f 970/970/1040 971/971/1042 1002/1002/1043 1001/1001/1041
f 971/971/1042 972/972/1044 1003/1003/1045 1002/1002/1043
f 972/972/1044 973/973/1046 1004/1004/1047 1003/1003/1045
f 973/973/1046 974/974/1048 1005/1005/1049 1004/1004/1047
f 974/974/1048 975/975/1050 1006/1006/1051 1005/1005/1049
f 975/975/1050 976/976/1052 1007/1007/1053 1006/1006/1051
f 976/976/1052 977/977/1054 1008/1008/1055 1007/1007/1053
f 977/977/1054 978/978/1056 1009/1009/1057 1008/1008/1055
f 978/978/1056 979/979/1058 1010/1010/1059 1009/1009/1057
f 979/979/1058 980/980/1060 1011/1011/1061 1010/1010/1059
f 980/980/1060 981/981/1062 1012/1012/1063 1011/1011/1061
f 981/981/1062 982/982/1064 1013/1013/1065 1012/1012/1063
f 982/982/1064 983/983/1066 1014/1014/1067 1013/1013/1065
f 983/983/1066 984/984/1068 1015/1015/1069 1014/1014/1067
f 984/984/1068 985/985/1070 1016/1016/1071 1015/1015/1069
f 985/985/1070 986/986/1072 1017/1017/1073 1016/1016/1071
f 986/986/1072 987/987/1074 1018/1018/1075 1017/1017/1073
f 987/987/1074 988/988/1076 1019/1019/1077 1018/1018/1075
f 988/988/1076 989/989/1078 1020/1020/1079 1019/1019/1077
f 989/989/1078 990/990/1080 1021/1021/1081 1020/1020/1079
f 990/990/1080 991/991/1082 1022/1022/1083 1021/1021/1081
f 991/991/1082 992/992/1084 1023/1023/1085 1022/1022/1083
s 4
f 993/993/1086 994/994/1087 1025/1025/1088 1024/1024/1089
f 994/994/1087 995/995/1090 1026/1026/1091 1025/1025/1088
f 995/995/1090 996/996/1092 1027/1027/1093 1026/1026/1091
f 996/996/1092 997/997/1094 1028/1028/1095 1027/1027/1093
f 997/997/1094 998/998/1096 1029/1029/1097 1028/1028/1095
f 998/998/1096 999/999/1098 1030/1030/1099 1029/1029/1097
f 999/999/1098 1000/1000/1100 1031/1031/1101 1030/1030/1099
f 1000/1000/1100 1001/1001/1102 1032/1032/1103 1031/1031/1101
f 1001/1001/1102 1002/1002/1104 1033/1033/1105 1032/1032/1103
f 1002/1002/1104 1003/1003/1106 1034/1034/1107 1033/1033/1105
f 1003/1003/1106 1004/1004/1108 1035/1035/1109 1034/1034/1107
f 1004/1004/1108 1005/1005/1110 1036/1036/1111 1035/1035/1109
f 1005/1005/1110 1006/1006/1112 1037/1037/1113 1036/1036/1111
f 1006/1006/1112 1007/1007/1114 1038/1038/1115 1037/1037/1113
f 1007/1007/1114 1008/1008/1116 1039/1039/1117 1038/1038/1115
f 1008/1008/1116 1009/1009/1118 1040/1040/1119 1039/1039/1117
f 1009/1009/1118 1010/1010/1120 1041/1041/1121 1040/1040/1119
f 1010/1010/1120 1011/1011/1122 1042/1042/1123 1041/1041/1121
f 1011/1011/1122 1012/1012/1124 1043/1043/1125 1042/1042/1123
f 1012/1012/1124 1013/1013/1126 1044/1044/1127 1043/1043/1125
f 1013/1013/1126 1014/1014/1128 1045/1045/1129 1044/1044/1127
f 1014/1014/1128 1015/1015/1130 1046/1046/1131 1045/1045/1129
f 1015/1015/1130 1016/1016/1132 1047/1047/1133 1046/1046/1131
f 1016/1016/1132 1017/1017/1134 1048/1048/1135 1047/1047/1133
f 1017/1017/1134 1018/1018/1136 1049/1049/1137 1048/1048/1135
f 1018/1018/1136 1019/1019/1138 1050/1050/1139 1049/1049/1137
f 1019/1019/1138 1020/1020/1140 1051/1051/1141 1050/1050/1139
f 1020/1020/1140 1021/1021/1142 1052/1052/1143 1051/1051/1141
f 1021/1021/1142 1022/1022/1144 1053/1053/1145 1052/1052/1143
f 1022/1022/1144 1023/1023/1146 1054/1054/1147 1053/1053/1145
f 1024/1024/1089 1025/1025/1088 1056/1056/1148 1055/1055/1149
f 1025/1025/1088 1026/1026/1091 1057/1057/1150 1056/1056/1148
f 1026/1026/1091 1027/1027/1093 1058/1058/1151 1057/1057/1150
f 1027/1027/1093 1028/1028/1095 1059/1059/1152 1058/1058/1151
f 1028/1028/1095 1029/1029/1097 1060/1060/1153 1059/1059/1152
f 1029/1029/1097 1030/1030/1099 1061/1061/1154 1060/1060/1153
f 1030/1030/1099 1031/1031/1101 1062/1062/1155 1061/1061/1154
f 1031/1031/1101 1032/1032/1103 1063/1063/1156 1062/1062/1155
f 1032/1032/1103 1033/1033/1105 1064/1064/1157 1063/1063/1156
f 1033/1033/1105 1034/1034/1107 1065/1065/1158 1064/1064/1157
f 1034/1034/1107 1035/1035/1109 1066/1066/1159 1065/1065/1158
f 1035/1035/1109 1036/1036/1111 1067/1067/1160 1066/1066/1159
f 1036/1036/1111 1037/1037/1113 1068/1068/1161 1067/1067/1160
f 1037/1037/1113 1038/1038/1115 1069/1069/1162 1068/1068/1161
f 1038/1038/1115 1039/1039/1117 1070/1070/1163 1069/1069/1162
f 1039/1039/1117 1040/1040/1119 1071/1071/1164 1070/1070/1163
f 1040/1040/1119 1041/1041/1121 1072/1072/1165 1071/1071/1164
f 1041/1041/1121 1042/1042/1123 1073/1073/1166 1072/1072/1165
f 1042/1042/1123 1043/1043/1125 1074/1074/1167 1073/1073/1166
f 1043/1043/1125 1044/1044/1127 1075/1075/1168 1074/1074/1167
f 1044/1044/1127 1045/1045/1129 1076/1076/1169 1075/1075/1168
f 1045/1045/1129 1046/1046/1131 1077/1077/1170 1076/1076/1169
f 1046/1046/1131 1047/1047/1133 1078/1078/1171 1077/1077/1170
f 1047/1047/1133 1048/1048/1135 1079/1079/1172 1078/1078/1171
f 1048/1048/1135 1049/1049/1137 1080/1080/1173 1079/1079/1172
f 1049/1049/1137 1050/1050/1139 1081/1081/1174 1080/1080/1173
f 1050/1050/1139 1051/1051/1141 1082/1082/1175 1081/1081/1174
f 1051/1051/1141 1052/1052/1143 1083/1083/1176 1082/1082/1175
f 1052/1052/1143 1053/1053/1145 1084/1084/1177 1083/1083/1176
f 1053/1053/1145 1054/1054/1147 1085/1085/1178 1084/1084/1177
f 1055/1055/1149 1056/1056/1148 1087/1087/1179 1086/1086/1180
f 1056/1056/1148 1057/1057/1150 1088/1088/1181 1087/1087/1179
f 1057/1057/1150 1058/1058/1151 1089/1089/1182 1088/1088/1181
f 1058/1058/1151 1059/1059/1152 1090/1090/1183 1089/1089/1182
f 1059/1059/1152 1060/1060/1153 1091/1091/1184 1090/1090/1183
f 1060/1060/1153 1061/1061/1154 1092/1092/1185 1091/1091/1184
f 1061/1061/1154 1062/1062/1155 1093/1093/1186 1092/1092/1185
f 1062/1062/1155 1063/1063/1156 1094/1094/1187 1093/1093/1186
f 1063/1063/1156 1064/1064/1157 1095/1095/1188 1094/1094/1187
f 1064/1064/1157 1065/1065/1158 1096/1096/1189 1095/1095/1188
f 1065/1065/1158 1066/1066/1159 1097/1097/1190 1096/1096/1189
f 1066/1066/1159 1067/1067/1160 1098/1098/1191 1097/1097/1190
f 1067/1067/1160 1068/1068/1161 1099/1099/1192 1098/1098/1191
f 1068/1068/1161 1069/1069/1162 1100/1100/1193 1099/1099/1192
f 1069/1069/1162 1070/1070/1163 1101/1101/1194 1100/1100/1193
f 1070/1070/1163 1071/1071/1164 1102/1102/1195 1101/1101/1194
f 1071/1071/1164 1072/1072/1165 1103/1103/1196 1102/1102/1195
f 1072/1072/1165 1073/1073/1166 1104/1104/1197 1103/1103/1196
f 1073/1073/1166 1074/1074/1167 1105/1105/1198 1104/1104/1197
f 1074/1074/1167 1075/1075/1168 1106/1106/1199 1105/1105/1198
f 1075/1075/1168 1076/1076/1169 1107/1107/1200 1106/1106/1199
f 1076/1076/1169 1077/1077/1170 1108/1108/1201 1107/1107/1200
f 1077/1077/1170 1078/1078/1171 1109/1109/1202 1108/1108/1201
f 1078/1078/1171 1079/1079/1172 1110/1110/1203 1109/1109/1202
f 1079/1079/1172 1080/1080/1173 1111/1111/1204 1110/1110/1203
f 1080/1080/1173 1081/1081/1174 1112/1112/1205 1111/1111/1204
f 1081/1081/1174 1082/1082/1175 1113/1113/1206 1112/1112/1205
f 1082/1082/1175 1083/1083/1176 1114/1114/1207 1113/1113/1206
f 1083/1083/1176 1084/1084/1177 1115/1115/1208 1114/1114/1207
f 1084/1084/1177 1085/1085/1178 1116/1116/1209 1115/1115/1208
f 1086/1086/1180 1087/1087/1179 1118/1118/1210 1117/1117/1211
f 1087/1087/1179 1088/1088/1181 1119/1119/1212 1118/1118/1210
f 1088/1088/1181 1089/1089/1182 1120/1120/1213 1119/1119/1212
f 1089/1089/1182 1090/1090/1183 1121/1121/1214 1120/1120/1213
f 1090/1090/1183 1091/1091/1184 1122/1122/1215 1121/1121/1214
f 1091/1091/1184 1092/1092/1185 1123/1123/1216 1122/1122/1215
f 1092/1092/1185 1093/1093/1186 1124/1124/1217 1123/1123/1216
f 1093/1093/1186 1094/1094/1187 1125/1125/1218 1124/1124/1217
f 1094/1094/1187 1095/1095/1188 1126/1126/1219 1125/1125/1218
f 1095/1095/1188 1096/1096/1189 1127/1127/1220 1126/1126/1219
f 1096/1096/1189 1097/1097/1190 1128/1128/1221 1127/1127/1220
f 1097/1097/1190 1098/1098/1191 1129/1129/1222 1128/1128/1221
f 1098/1098/1191 1099/1099/1192 1130/1130/1223 1129/1129/1222
f 1099/1099/1192 1100/1100/1193 1131/1131/1224 1130/1130/1223
f 1100/1100/1193 1101/1101/1194 1132/1132/1225 1131/1131/1224
f 1101/1101/1194 1102/1102/1195 1133/1133/1226 1132/1132/1225
f 1102/1102/1195 1103/1103/1196 1134/1134/1227 1133/1133/1226
f 1103/1103/1196 1104/1104/1197 1135/1135/1228 1134/1134/1227
f 1104/1104/1197 1105/1105/1198 1136/1136/1229 1135/1135/1228
f 1105/1105/1198 1106/1106/1199 1137/1137/1230 1136/1136/1229
f 1106/1106/1199 1107/1107/1200 1138/1138/1231 1137/1137/1230
f 1107/1107/1200 1108/1108/1201 1139/1139/1232 1138/1138/1231
f 1108/1108/1201 1109/1109/1202 1140/1140/1233 1139/1139/1232
f 1109/1109/1202 1110/1110/1203 1141/1141/1234 1140/1140/1233
f 1110/1110/1203 1111/1111/1204 1142/1142/1235 1141/1141/1234
f 1111/1111/1204 1112/1112/1205 1143/1143/1236 1142/1142/1235
f 1112/1112/1205 1113/1113/1206 1144/1144/1237 1143/1143/1236
f 1113/1113/1206 1114/1114/1207 1145/1145/1238 1144/1144/1237
f 1114/1114/1207 1115/1115/1208 1146/1146/1239 1145/1145/1238
f 1115/1115/1208 1116/1116/1209 1147/1147/1240 1146/1146/1239
f 1117/1117/1211 1118/1118/1210 1149/1149/1241 1148/1148/1242
f 1118/1118/1210 1119/1119/1212 1150/1150/1243 1149/1149/1241
f 1119/1119/1212 1120/1120/1213 1151/1151/1244 1150/1150/1243
f 1120/1120/1213 1121/1121/1214 1152/1152/1245 1151/1151/1244
f 1121/1121/1214 1122/1122/1215 1153/1153/1246 1152/1152/1245
f 1122/1122/1215 1123/1123/1216 1154/1154/1247 1153/1153/1246
f 1123/1123/1216 1124/1124/1217 1155/1155/1248 1154/1154/1247
f 1124/1124/1217 1125/1125/1218 1156/1156/1249 1155/1155/1248
f 1125/1125/1218 1126/1126/1219 1157/1157/1250 1156/1156/1249
f 1126/1126/1219 1127/1127/1220 1158/1158/1251 1157/1157/1250
f 1127/1127/1220 1128/1128/1221 1159/1159/1252 1158/1158/1251
f 1128/1128/1221 1129/1129/1222 1160/1160/1253 1159/1159/1252
f 1129/1129/1222 1130/1130/1223 1161/1161/1254 1160/1160/1253
f 1130/1130/1223 1131/1131/1224 1162/1162/1255 1161/1161/1254
f 1131/1131/1224 1132/1132/1225 1163/1163/1256 1162/1162/1255
f 1132/1132/1225 1133/1133/1226 1164/1164/1257 1163/1163/1256
f 1133/1133/1226 1134/1134/1227 1165/1165/1258 1164/1164/1257
f 1134/1134/1227 1135/1135/1228 1166/1166/1259 1165/1165/1258
f 1135/1135/1228 1136/1136/1229 1167/1167/1260 1166/1166/1259
f 1136/1136/1229 1137/1137/1230 1168/1168/1261 1167/1167/1260
f 1137/1137/1230 1138/1138/1231 1169/1169/1262 1168/1168/1261
f 1138/1138/1231 1139/1139/1232 1170/1170/1263 1169/1169/1262
f 1139/1139/1232 1140/1140/1233 1171/1171/1264 1170/1170/1263
f 1140/1140/1233 1141/1141/1234 1172/1172/1265 1171/1171/1264
f 1141/1141/1234 1142/1142/1235 1173/1173/1266 1172/1172/1265
f 1142/1142/1235 1143/1143/1236 1174/1174/1267 1173/1173/1266
f 1143/1143/1236 1144/1144/1237 1175/1175/1268 1174/1174/1267
f 1144/1144/1237 1145/1145/1238 1176/1176/1269 1175/1175/1268
f 1145/1145/1238 1146/1146/1239 1177/1177/1270 1176/1176/1269
f 1146/1146/1239 1147/1147/1240 1178/1178/1271 1177/1177/1270
f 1148/1148/1242 1149/1149/1241 1180/1180/1272 1179/1179/1273
f 1149/1149/1241 1150/1150/1243 1181/1181/1274 1180/1180/1272
f 1150/1150/1243 1151/1151/1244 1182/1182/1275 1181/1181/1274
f 1151/1151/1244 1152/1152/1245 1183/1183/1276 1182/1182/1275
f 1152/1152/1245 1153/1153/1246 1184/1184/1277 1183/1183/1276
f 1153/1153/1246 1154/1154/1247 1185/1185/1278 1184/1184/1277
f 1154/1154/1247 1155/1155/1248 1186/1186/1279 1185/1185/1278
f 1155/1155/1248 1156/1156/1249 1187/1187/1280 1186/1186/1279
f 1156/1156/1249 1157/1157/1250 1188/1188/1281 1187/1187/1280
f 1157/1157/1250 1158/1158/1251 1189/1189/1282 1188/1188/1281
f 1158/1158/1251 1159/1159/1252 1190/1190/1283 1189/1189/1282
f 1159/1159/1252 1160/1160/1253 1191/1191/1284 1190/1190/1283
f 1160/1160/1253 1161/1161/1254 1192/1192/1285 1191/1191/1284
f 1161/1161/1254 1162/1162/1255 1193/1193/1286 1192/1192/1285
f 1162/1162/1255 1163/1163/1256 1194/1194/1287 1193/1193/1286
f 1163/1163/1256 1164/1164/1257 1195/1195/1288 1194/1194/1287
f 1164/1164/1257 1165/1165/1258 1196/1196/1289 1195/1195/1288
f 1165/1165/1258 1166/1166/1259 1197/1197/1290 1196/1196/1289
f 1166/1166/1259 1167/1167/1260 1198/1198/1291 1197/1197/1290
f 1167/1167/1260 1168/1168/1261 1199/1199/1292 1198/1198/1291
f 1168/1168/1261 1169/1169/1262 1200/1200/1293 1199/1199/1292
f 1169/1169/1262 1170/1170/1263 1201/1201/1294 1200/1200/1293
f 1170/1170/1263 1171/1171/1264 1202/1202/1295 1201/1201/1294
f 1171/1171/1264 1172/1172/1265 1203/1203/1296 1202/1202/1295
f 1172/1172/1265 1173/1173/1266 1204/1204/1297 1203/1203/1296
f 1173/1173/1266 1174/1174/1267 1205/1205/1298 1204/1204/1297
f 1174/1174/1267 1175/1175/1268 1206/1206/1299 1205/1205/1298
f 1175/1175/1268 1176/1176/1269 1207/1207/1300 1206/1206/1299
f 1176/1176/1269 1177/1177/1270 1208/1208/1301 1207/1207/1300
f 1177/1177/1270 1178/1178/1271 1209/1209/1302 1208/1208/1301
f 1179/1179/1273 1180/1180/1272 1211/1211/1303 1210/1210/1304
f 1180/1180/1272 1181/1181/1274 1212/1212/1305 1211/1211/1303
f 1181/1181/1274 1182/1182/1275 1213/1213/1306 1212/1212/1305
f 1182/1182/1275 1183/1183/1276 1214/1214/1307 1213/1213/1306
f 1183/1183/1276 1184/1184/1277 1215/1215/1308 1214/1214/1307
f 1184/1184/1277 1185/1185/1278 1216/1216/1309 1215/1215/1308
f 1185/1185/1278 1186/1186/1279 1217/1217/1310 1216/1216/1309
f 1186/1186/1279 1187/1187/1280 1218/1218/1311 1217/1217/1310
f 1187/1187/1280 1188/1188/1281 1219/1219/1312 1218/1218/1311
f 1188/1188/1281 1189/1189/1282 1220/1220/1313 1219/1219/1312
f 1189/1189/1282 1190/1190/1283 1221/1221/1314 1220/1220/1313
f 1190/1190/1283 1191/1191/1284 1222/1222/1315 1221/1221/1314
f 1191/1191/1284 1192/1192/1285 1223/1223/1316 1222/1222/1315
f 1192/1192/1285 1193/1193/1286 1224/1224/1317 1223/1223/1316
f 1193/1193/1286 1194/1194/1287 1225/1225/1318 1224/1224/1317
f 1194/1194/1287 1195/1195/1288 1226/1226/1319 1225/1225/1318
f 1195/1195/1288 1196/1196/1289 1227/1227/1320 1226/1226/1319
f 1196/1196/1289 1197/1197/1290 1228/1228/1321 1227/1227/1320
f 1197/1197/1290 1198/1198/1291 1229/1229/1322 1228/1228/1321
f 1198/1198/1291 1199/1199/1292 1230/1230/1323 1229/1229/1322
f 1199/1199/1292 1200/1200/1293 1231/1231/1324 1230/1230/1323
f 1200/1200/1293 1201/1201/1294 1232/1232/1325 1231/1231/1324
f 1201/1201/1294 1202/1202/1295 1233/1233/1326 1232/1232/1325
f 1202/1202/1295 1203/1203/1296 1234/1234/1327 1233/1233/1326
f 1203/1203/1296 1204/1204/1297 1235/1235/1328 1234/1234/1327
f 1204/1204/1297 1205/1205/1298 1236/1236/1329 1235/1235/1328
f 1205/1205/1298 1206/1206/1299 1237/1237/1330 1236/1236/1329
f 1206/1206/1299 1207/1207/1300 1238/1238/1331 1237/1237/1330
f 1207/1207/1300 1208/1208/1301 1239/1239/1332 1238/1238/1331
f 1208/1208/1301 1209/1209/1302 1240/1240/1333 1239/1239/1332
f 1210/1210/1304 1211/1211/1303 1242/1242/1334 1241/1241/1335
f 1211/1211/1303 1212/1212/1305 1243/1243/1336 1242/1242/1334
f 1212/1212/1305 1213/1213/1306 1244/1244/1337 1243/1243/1336
f 1213/1213/1306 1214/1214/1307 1245/1245/1338 1244/1244/1337
f 1214/1214/1307 1215/1215/1308 1246/1246/1339 1245/1245/1338
f 1215/1215/1308 1216/1216/1309 1247/1247/1340 1246/1246/1339
f 1216/1216/1309 1217/1217/1310 1248/1248/1341 1247/1247/1340
f 1217/1217/1310 1218/1218/1311 1249/1249/1342 1248/1248/1341
f 1218/1218/1311 1219/1219/1312 1250/1250/1343 1249/1249/1342
f 1219/1219/1312 1220/1220/1313 1251/1251/1344 1250/1250/1343
f 1220/1220/1313 1221/1221/1314 1252/1252/1345 1251/1251/1344
f 1221/1221/1314 1222/1222/1315 1253/1253/1346 1252/1252/1345
f 1222/1222/1315 1223/1223/1316 1254/1254/1347 1253/1253/1346
f 1223/1223/1316 1224/1224/1317 1255/1255/1348 1254/1254/1347
f 1224/1224/1317 1225/1225/1318 1256/1256/1349 1255/1255/1348
f 1225/1225/1318 1226/1226/1319 1257/1257/1350 1256/1256/1349
f 1226/1226/1319 1227/1227/1320 1258/1258/1351 1257/1257/1350
f 1227/1227/1320 1228/1228/1321 1259/1259/1352 1258/1258/1351
f 1228/1228/1321 1229/1229/1322 1260/1260/1353 1259/1259/1352
f 1229/1229/1322 1230/1230/1323 1261/1261/1354 1260/1260/1353
f 1230/1230/1323 1231/1231/1324 1262/1262/1355 1261/1261/1354
f 1231/1231/1324 1232/1232/1325 1263/1263/1356 1262/1262/1355
f 1232/1232/1325 1233/1233/1326 1264/1264/1357 1263/1263/1356
f 1233/1233/1326 1234/1234/1327 1265/1265/1358 1264/1264/1357
f 1234/1234/1327 1235/1235/1328 1266/1266/1359 1265/1265/1358
f 1235/1235/1328 1236/1236/1329 1267/1267/1360 1266/1266/1359
f 1236/1236/1329 1237/1237/1330 1268/1268/1361 1267/1267/1360
f 1237/1237/1330 1238/1238/1331 1269/1269/1362 1268/1268/1361
f 1238/1238/1331 1239/1239/1332 1270/1270/1363 1269/1269/1362
f 1239/1239/1332 1240/1240/1333 1271/1271/1364 1270/1270/1363
f 1241/1241/1335 1242/1242/1334 1273/1273/1365 1272/1272/1366
f 1242/1242/1334 1243/1243/1336 1274/1274/1367 1273/1273/1365
f 1243/1243/1336 1244/1244/1337 1275/1275/1368 1274/1274/1367
f 1244/1244/1337 1245/1245/1338 1276/1276/1369 1275/1275/1368
f 1245/1245/1338 1246/1246/1339 1277/1277/1370 1276/1276/1369
f 1246/1246/1339 1247/1247/1340 1278/1278/1371 1277/1277/1370
f 1247/1247/1340 1248/1248/1341 1279/1279/1372 1278/1278/1371
f 1248/1248/1341 1249/1249/1342 1280/1280/1373 1279/1279/1372
f 1249/1249/1342 1250/1250/1343 1281/1281/1374 1280/1280/1373
f 1250/1250/1343 1251/1251/1344 1282/1282/1375 1281/1281/1374
f 1251/1251/1344 1252/1252/1345 1283/1283/1376 1282/1282/1375
f 1252/1252/1345 1253/1253/1346 1284/1284/1377 1283/1283/1376
f 1253/1253/1346 1254/1254/1347 1285/1285/1378 1284/1284/1377
f 1254/1254/1347 1255/1255/1348 1286/1286/1379 1285/1285/1378
f 1255/1255/1348 1256/1256/1349 1287/1287/1380 1286/1286/1379
f 1256/1256/1349 1257/1257/1350 1288/1288/1381 1287/1287/1380
f 1257/1257/1350 1258/1258/1351 1289/1289/1382 1288/1288/1381
f 1258/1258/1351 1259/1259/1352 1290/1290/1383 1289/1289/1382
f 1259/1259/1352 1260/1260/1353 1291/1291/1384 1290/1290/1383
f 1260/1260/1353 1261/1261/1354 1292/1292/1385 1291/1291/1384
f 1261/1261/1354 1262/1262/1355 1293/1293/1386 1292/1292/1385
f 1262/1262/1355 1263/1263/1356 1294/1294/1387 1293/1293/1386
f 1263/1263/1356 1264/1264/1357 1295/1295/1388 1294/1294/1387
f 1264/1264/1357 1265/1265/1358 1296/1296/1389 1295/1295/1388
f 1265/1265/1358 1266/1266/1359 1297/1297/1390 1296/1296/1389
f 1266/1266/1359 1267/1267/1360 1298/1298/1391 1297/1297/1390
f 1267/1267/1360 1268/1268/1361 1299/1299/1392 1298/1298/1391
f 1268/1268/1361 1269/1269/1362 1300/1300/1393 1299/1299/1392
f 1269/1269/1362 1270/1270/1363 1301/1301/1394 1300/1300/1393
f 1270/1270/1363 1271/1271/1364 1302/1302/1395 1301/1301/1394
f 1272/1272/1366 1273/1273/1365 1304/1304/1396 1303/1303/1397
f 1273/1273/1365 1274/1274/1367 1305/1305/1398 1304/1304/1396
f 1274/1274/1367 1275/1275/1368 1306/1306/1399 1305/1305/1398
f 1275/1275/1368 1276/1276/1369 1307/1307/1400 1306/1306/1399
f 1276/1276/1369 1277/1277/1370 1308/1308/1401 1307/1307/1400
f 1277/1277/1370 1278/1278/1371 1309/1309/1402 1308/1308/1401
f 1278/1278/1371 1279/1279/1372 1310/1310/1403 1309/1309/1402
f 1279/1279/1372 1280/1280/1373 1311/1311/1404 1310/1310/1403
f 1280/1280/1373 1281/1281/1374 1312/1312/1405 1311/1311/1404
f 1281/1281/1374 1282/1282/1375 1313/1313/1406 1312/1312/1405
f 1282/1282/1375 1283/1283/1376 1314/1314/1407 1313/1313/1406
f 1283/1283/1376 1284/1284/1377 1315/1315/1408 1314/1314/1407
f 1284/1284/1377 1285/1285/1378 1316/1316/1409 1315/1315/1408
f 1285/1285/1378 1286/1286/1379 1317/1317/1410 1316/1316/1409
f 1286/1286/1379 1287/1287/1380 1318/1318/1411 1317/1317/1410
f 1287/1287/1380 1288/1288/1381 1319/1319/1412 1318/1318/1411
f 1288/1288/1381 1289/1289/1382 1320/1320/1413 1319/1319/1412
f 1289/1289/1382 1290/1290/1383 1321/1321/1414 1320/1320/1413
f 1290/1290/1383 1291/1291/1384 1322/1322/1415 1321/1321/1414
f 1291/1291/1384 1292/1292/1385 1323/1323/1416 1322/1322/1415
f 1292/1292/1385 1293/1293/1386 1324/1324/1417 1323/1323/1416
f 1293/1293/1386 1294/1294/1387 1325/1325/1418 1324/1324/1417
f 1294/1294/1387 1295/1295/1388 1326/1326/1419 1325/1325/1418
f 1295/1295/1388 1296/1296/1389 1327/1327/1420 1326/1326/1419
f 1296/1296/1389 1297/1297/1390 1328/1328/1421 1327/1327/1420
f 1297/1297/1390 1298/1298/1391 1329/1329/1422 1328/1328/1421
f 1298/1298/1391 1299/1299/1392 1330/1330/1423 1329/1329/1422
f 1299/1299/1392 1300/1300/1393 1331/1331/1424 1330/1330/1423
f 1300/1300/1393 1301/1301/1394 1332/1332/1425 1331/1331/1424
f 1301/1301/1394 1302/1302/1395 1333/1333/1426 1332/1332/1425
f 1303/1303/1397 1304/1304/1396 1335/1335/1427 1334/1334/1428
f 1304/1304/1396 1305/1305/1398 1336/1336/1429 1335/1335/1427
f 1305/1305/1398 1306/1306/1399 1337/1337/1430 1336/1336/1429
f 1306/1306/1399 1307/1307/1400 1338/1338/1431 1337/1337/1430
f 1307/1307/1400 1308/1308/1401 1339/1339/1432 1338/1338/1431
f 1308/1308/1401 1309/1309/1402 1340/1340/1433 1339/1339/1432
f 1309/1309/1402 1310/1310/1403 1341/1341/1434 1340/1340/1433
f 1310/1310/1403 1311/1311/1404 1342/1342/1435 1341/1341/1434
f 1311/1311/1404 1312/1312/1405 1343/1343/1436 1342/1342/1435
f 1312/1312/1405 1313/1313/1406 1344/1344/1437 1343/1343/1436
f 1313/1313/1406 1314/1314/1407 1345/1345/1438 1344/1344/1437
f 1314/1314/1407 1315/1315/1408 1346/1346/1439 1345/1345/1438
f 1315/1315/1408 1316/1316/1409 1347/1347/1440 1346/1346/1439
f 1316/1316/1409 1317/1317/1410 1348/1348/1441 1347/1347/1440
f 1317/1317/1410 1318/1318/1411 1349/1349/1442 1348/1348/1441
f 1318/1318/1411 1319/1319/1412 1350/1350/1443 1349/1349/1442
f 1319/1319/1412 1320/1320/1413 1351/1351/1444 1350/1350/1443
f 1320/1320/1413 1321/1321/1414 1352/1352/1445 1351/1351/1444
f 1321/1321/1414 1322/1322/1415 1353/1353/1446 1352/1352/1445
f 1322/1322/1415 1323/1323/1416 1354/1354/1447 1353/1353/1446
f 1323/1323/1416 1324/1324/1417 1355/1355/1448 1354/1354/1447
f 1324/1324/1417 1325/1325/1418 1356/1356/1449 1355/1355/1448
f 1325/1325/1418 1326/1326/1419 1357/1357/1450 1356/1356/1449
f 1326/1326/1419 1327/1327/1420 1358/1358/1451 1357/1357/1450
f 1327/1327/1420 1328/1328/1421 1359/1359/1452 1358/1358/1451
f 1328/1328/1421 1329/1329/1422 1360/1360/1453 1359/1359/1452
f 1329/1329/1422 1330/1330/1423 1361/1361/1454 1360/1360/1453
f 1330/1330/1423 1331/1331/1424 1362/1362/1455 1361/1361/1454
f 1331/1331/1424 1332/1332/1425 1363/1363/1456 1362/1362/1455
f 1332/1332/1425 1333/1333/1426 1364/1364/1457 1363/1363/1456
f 1334/1334/1428 1335/1335/1427 1366/1366/1458 1365/1365/1459
f 1335/1335/1427 1336/1336/1429 1367/1367/1460 1366/1366/1458
f 1336/1336/1429 1337/1337/1430 1368/1368/1461 1367/1367/1460
f 1337/1337/1430 1338/1338/1431 1369/1369/1462 1368/1368/1461
f 1338/1338/1431 1339/1339/1432 1370/1370/1463 1369/1369/1462
f 1339/1339/1432 1340/1340/1433 1371/1371/1464 1370/1370/1463
f 1340/1340/1433 1341/1341/1434 1372/1372/1465 1371/1371/1464
f 1341/1341/1434 1342/1342/1435 1373/1373/1466 1372/1372/1465
f 1342/1342/1435 1343/1343/1436 1374/1374/1467 1373/1373/1466
f 1343/1343/1436 1344/1344/1437 1375/1375/1468 1374/1374/1467
f 1344/1344/1437 1345/1345/1438 1376/1376/1469 1375/1375/1468
f 1345/1345/1438 1346/1346/1439 1377/1377/1470 1376/1376/1469
f 1346/1346/1439 1347/1347/1440 1378/1378/1471 1377/1377/1470
f 1347/1347/1440 1348/1348/1441 1379/1379/1472 1378/1378/1471
f 1348/1348/1441 1349/1349/1442 1380/1380/1473 1379/1379/1472
f 1349/1349/1442 1350/1350/1443 1381/1381/1474 1380/1380/1473
f 1350/1350/1443 1351/1351/1444 1382/1382/1475 1381/1381/1474
f 1351/1351/1444 1352/1352/1445 1383/1383/1476 1382/1382/1475
f 1352/1352/1445 1353/1353/1446 1384/1384/1477 1383/1383/1476
f 1353/1353/1446 1354/1354/1447 1385/1385/1478 1384/1384/1477
f 1354/1354/1447 1355/1355/1448 1386/1386/1479 1385/1385/1478
f 1355/1355/1448 1356/1356/1449 1387/1387/1480 1386/1386/1479
f 1356/1356/1449 1357/1357/1450 1388/1388/1481 1387/1387/1480
f 1357/1357/1450 1358/1358/1451 1389/1389/1482 1388/1388/1481
f 1358/1358/1451 1359/1359/1452 1390/1390/1483 1389/1389/1482
f 1359/1359/1452 1360/1360/1453 1391/1391/1484 1390/1390/1483
f 1360/1360/1453 1361/1361/1454 1392/1392/1485 1391/1391/1484
f 1361/1361/1454 1362/1362/1455 1393/1393/1486 1392/1392/1485
f 1362/1362/1455 1363/1363/1456 1394/1394/1487 1393/1393/1486
f 1363/1363/1456 1364/1364/1457 1395/1395/1488 1394/1394/1487
f 1365/1365/1459 1366/1366/1458 1397/1397/1489 1396/1396/1490
f 1366/1366/1458 1367/1367/1460 1398/1398/1491 1397/1397/1489
f 1367/1367/1460 1368/1368/1461 1399/1399/1492 1398/1398/1491
f 1368/1368/1461 1369/1369/1462 1400/1400/1493 1399/1399/1492
f 1369/1369/1462 1370/1370/1463 1401/1401/1494 1400/1400/1493
f 1370/1370/1463 1371/1371/1464 1402/1402/1495 1401/1401/1494
f 1371/1371/1464 1372/1372/1465 1403/1403/1496 1402/1402/1495
f 1372/1372/1465 1373/1373/1466 1404/1404/1497 1403/1403/1496
f 1373/1373/1466 1374/1374/1467 1405/1405/1498 1404/1404/1497
f 1374/1374/1467 1375/1375/1468 1406/1406/1499 1405/1405/1498
f 1375/1375/1468 1376/1376/1469 1407/1407/1500 1406/1406/1499
f 1376/1376/1469 1377/1377/1470 1408/1408/1501 1407/1407/1500
f 1377/1377/1470 1378/1378/1471 1409/1409/1502 1408/1408/1501
f 1378/1378/1471 1379/1379/1472 1410/1410/1503 1409/1409/1502
f 1379/1379/1472 1380/1380/1473 1411/1411/1504 1410/1410/1503
f 1380/1380/1473 1381/1381/1474 1412/1412/1505 1411/1411/1504
f 1381/1381/1474 1382/1382/1475 1413/1413/1506 1412/1412/1505
f 1382/1382/1475 1383/1383/1476 1414/1414/1507 1413/1413/1506
f 1383/1383/1476 1384/1384/1477 1415/1415/1508 1414/1414/1507
f 1384/1384/1477 1385/1385/1478 1416/1416/1509 1415/1415/1508
f 1385/1385/1478 1386/1386/1479 1417/1417/1510 1416/1416/1509
f 1386/1386/1479 1387/1387/1480 1418/1418/1511 1417/1417/1510
f 1387/1387/1480 1388/1388/1481 1419/1419/1512 1418/1418/1511
f 1388/1388/1481 1389/1389/1482 1420/1420/1513 1419/1419/1512
f 1389/1389/1482 1390/1390/1483 1421/1421/1514 1420/1420/1513
f 1390/1390/1483 1391/1391/1484 1422/1422/1515 1421/1421/1514
f 1391/1391/1484 1392/1392/1485 1423/1423/1516 1422/1422/1515
f 1392/1392/1485 1393/1393/1486 1424/1424/1517 1423/1423/1516
f 1393/1393/1486 1394/1394/1487 1425/1425/1518 1424/1424/1517
f 1394/1394/1487 1395/1395/1488 1426/1426/1519 1425/1425/1518
f 1396/1396/1490 1397/1397/1489 1428/1428/1520 1427/1427/1521
f 1397/1397/1489 1398/1398/1491 1429/1429/1522 1428/1428/1520
f 1398/1398/1491 1399/1399/1492 1430/1430/1523 1429/1429/1522
f 1399/1399/1492 1400/1400/1493 1431/1431/1524 1430/1430/1523
f 1400/1400/1493 1401/1401/1494 1432/1432/1525 1431/1431/1524
f 1401/1401/1494 1402/1402/1495 1433/1433/1526 1432/1432/1525
f 1402/1402/1495 1403/1403/1496 1434/1434/1527 1433/1433/1526
f 1403/1403/1496 1404/1404/1497 1435/1435/1528 1434/1434/1527
f 1404/1404/1497 1405/1405/1498 1436/1436/1529 1435/1435/1528
f 1405/1405/1498 1406/1406/1499 1437/1437/1530 1436/1436/1529
f 1406/1406/1499 1407/1407/1500 1438/1438/1531 1437/1437/1530
f 1407/1407/1500 1408/1408/1501 1439/1439/1532 1438/1438/1531
f 1408/1408/1501 1409/1409/1502 1440/1440/1533 1439/1439/1532
f 1409/1409/1502 1410/1410/1503 1441/1441/1534 1440/1440/1533
f 1410/1410/1503 1411/1411/1504 1442/1442/1535 1441/1441/1534
f 1411/1411/1504 1412/1412/1505 1443/1443/1536 1442/1442/1535
f 1412/1412/1505 1413/1413/1506 1444/1444/1537 1443/1443/1536
f 1413/1413/1506 1414/1414/1507 1445/1445/1538 1444/1444/1537
f 1414/1414/1507 1415/1415/1508 1446/1446/1539 1445/1445/1538
f 1415/1415/1508 1416/1416/1509 1447/1447/1540 1446/1446/1539
f 1416/1416/1509 1417/1417/1510 1448/1448/1541 1447/1447/1540
f 1417/1417/1510 1418/1418/1511 1449/1449/1542 1448/1448/1541
f 1418/1418/1511 1419/1419/1512 1450/1450/1543 1449/1449/1542
f 1419/1419/1512 1420/1420/1513 1451/1451/1544 1450/1450/1543
f 1420/1420/1513 1421/1421/1514 1452/1452/1545 1451/1451/1544
f 1421/1421/1514 1422/1422/1515 1453/1453/1546 1452/1452/1545
f 1422/1422/1515 1423/1423/1516 1454/1454/1547 1453/1453/1546
f 1423/1423/1516 1424/1424/1517 1455/1455/1548 1454/1454/1547
f 1424/1424/1517 1425/1425/1518 1456/1456/1549 1455/1455/1548
f 1425/1425/1518 1426/1426/1519 1457/1457/1550 1456/1456/1549
f 1427/1427/1521 1428/1428/1520 1459/1459/1551 1458/1458/1552
f 1428/1428/1520 1429/1429/1522 1460/1460/1553 1459/1459/1551
f 1429/1429/1522 1430/1430/1523 1461/1461/1554 1460/1460/1553
f 1430/1430/1523 1431/1431/1524 1462/1462/1555 1461/1461/1554
f 1431/1431/1524 1432/1432/1525 1463/1463/1556 1462/1462/1555
f 1432/1432/1525 1433/1433/1526 1464/1464/1557 1463/1463/1556
f 1433/1433/1526 1434/1434/1527 1465/1465/1558 1464/1464/1557
f 1434/1434/1527 1435/1435/1528 1466/1466/1559 1465/1465/1558
f 1435/1435/1528 1436/1436/1529 1467/1467/1560 1466/1466/1559
f 1436/1436/1529 1437/1437/1530 1468/1468/1561 1467/1467/1560
f 1437/1437/1530 1438/1438/1531 1469/1469/1562 1468/1468/1561
f 1438/1438/1531 1439/1439/1532 1470/1470/1563 1469/1469/1562
f 1439/1439/1532 1440/1440/1533 1471/1471/1564 1470/1470/1563
f 1440/1440/1533 1441/1441/1534 1472/1472/1565 1471/1471/1564
f 1441/1441/1534 1442/1442/1535 1473/1473/1566 1472/1472/1565
f 1442/1442/1535 1443/1443/1536 1474/1474/1567 1473/1473/1566
f 1443/1443/1536 1444/1444/1537 1475/1475/1568 1474/1474/1567
f 1444/1444/1537 1445/1445/1538 1476/1476/1569 1475/1475/1568
f 1445/1445/1538 1446/1446/1539 1477/1477/1570 1476/1476/1569
f 1446/1446/1539 1447/1447/1540 1478/1478/1571 1477/1477/1570
f 1447/1447/1540 1448/1448/1541 1479/1479/1572 1478/1478/1571
f 1448/1448/1541 1449/1449/1542 1480/1480/1573 1479/1479/1572
f 1449/1449/1542 1450/1450/1543 1481/1481/1574 1480/1480/1573
f 1450/1450/1543 1451/1451/1544 1482/1482/1575 1481/1481/1574
f 1451/1451/1544 1452/1452/1545 1483/1483/1576 1482/1482/1575
f 1452/1452/1545 1453/1453/1546 1484/1484/1577 1483/1483/1576
f 1453/1453/1546 1454/1454/1547 1485/1485/1578 1484/1484/1577
f 1454/1454/1547 1455/1455/1548 1486/1486/1579 1485/1485/1578
f 1455/1455/1548 1456/1456/1549 1487/1487/1580 1486/1486/1579
f 1456/1456/1549 1457/1457/1550 1488/1488/1581 1487/1487/1580
f 1458/1458/1552 1459/1459/1551 1490/1490/1582 1489/1489/1583
f 1459/1459/1551 1460/1460/1553 1491/1491/1584 1490/1490/1582
f 1460/1460/1553 1461/1461/1554 1492/1492/1585 1491/1491/1584
f 1461/1461/1554 1462/1462/1555 1493/1493/1586 1492/1492/1585
f 1462/1462/1555 1463/1463/1556 1494/1494/1587 1493/1493/1586
f 1463/1463/1556 1464/1464/1557 1495/1495/1588 1494/1494/1587
f 1464/1464/1557 1465/1465/1558 1496/1496/1589 1495/1495/1588
f 1465/1465/1558 1466/1466/1559 1497/1497/1590 1496/1496/1589
f 1466/1466/1559 1467/1467/1560 1498/1498/1591 1497/1497/1590
f 1467/1467/1560 1468/1468/1561 1499/1499/1592 1498/1498/1591
f 1468/1468/1561 1469/1469/1562 1500/1500/1593 1499/1499/1592
f 1469/1469/1562 1470/1470/1563 1501/1501/1594 1500/1500/1593
f 1470/1470/1563 1471/1471/1564 1502/1502/1595 1501/1501/1594
f 1471/1471/1564 1472/1472/1565 1503/1503/1596 1502/1502/1595
f 1472/1472/1565 1473/1473/1566 1504/1504/1597 1503/1503/1596
f 1473/1473/1566 1474/1474/1567 1505/1505/1598 1504/1504/1597
f 1474/1474/1567 1475/1475/1568 1506/1506/1599 1505/1505/1598
f 1475/1475/1568 1476/1476/1569 1507/1507/1600 1506/1506/1599
f 1476/1476/1569 1477/1477/1570 1508/1508/1601 1507/1507/1600
f 1477/1477/1570 1478/1478/1571 1509/1509/1602 1508/1508/1601
f 1478/1478/1571 1479/1479/1572 1510/1510/1603 1509/1509/1602
f 1479/1479/1572 1480/1480/1573 1511/1511/1604 1510/1510/1603
f 1480/1480/1573 1481/1481/1574 1512/1512/1605 1511/1511/1604
f 1481/1481/1574 1482/1482/1575 1513/1513/1606 1512/1512/1605
f 1482/1482/1575 1483/1483/1576 1514/1514/1607 1513/1513/1606
f 1483/1483/1576 1484/1484/1577 1515/1515/1608 1514/1514/1607
f 1484/1484/1577 1485/1485/1578 1516/1516/1609 1515/1515/1608
f 1485/1485/1578 1486/1486/1579 1517/1517/1610 1516/1516/1609
f 1486/1486/1579 1487/1487/1580 1518/1518/1611 1517/1517/1610
f 1487/1487/1580 1488/1488/1581 1519/1519/1612 1518/1518/1611
f 1489/1489/1583 1490/1490/1582 1521/1521/1613 1520/1520/1614
f 1490/1490/1582 1491/1491/1584 1522/1522/1615 1521/1521/1613
f 1491/1491/1584 1492/1492/1585 1523/1523/1616 1522/1522/1615
f 1492/1492/1585 1493/1493/1586 1524/1524/1617 1523/1523/1616
f 1493/1493/1586 1494/1494/1587 1525/1525/1618 1524/1524/1617
f 1494/1494/1587 1495/1495/1588 1526/1526/1619 1525/1525/1618
f 1495/1495/1588 1496/1496/1589 1527/1527/1620 1526/1526/1619
f 1496/1496/1589 1497/1497/1590 1528/1528/1621 1527/1527/1620
f 1497/1497/1590 1498/1498/1591 1529/1529/1622 1528/1528/1621
f 1498/1498/1591 1499/1499/1592 1530/1530/1623 1529/1529/1622
f 1499/1499/1592 1500/1500/1593 1531/1531/1624 1530/1530/1623
f 1500/1500/1593 1501/1501/1594 1532/1532/1625 1531/1531/1624
f 1501/1501/1594 1502/1502/1595 1533/1533/1626 1532/1532/1625
f 1502/1502/1595 1503/1503/1596 1534/1534/1627 1533/1533/1626
f 1503/1503/1596 1504/1504/1597 1535/1535/1628 1534/1534/1627
f 1504/1504/1597 1505/1505/1598 1536/1536/1629 1535/1535/1628
f 1505/1505/1598 1506/1506/1599 1537/1537/1630 1536/1536/1629
f 1506/1506/1599 1507/1507/1600 1538/1538/1631 1537/1537/1630
f 1507/1507/1600 1508/1508/1601 1539/1539/1632 1538/1538/1631
f 1508/1508/1601 1509/1509/1602 1540/1540/1633 1539/1539/1632
f 1509/1509/1602 1510/1510/1603 1541/1541/1634 1540/1540/1633
f 1510/1510/1603 1511/1511/1604 1542/1542/1635 1541/1541/1634
f 1511/1511/1604 1512/1512/1605 1543/1543/1636 1542/1542/1635
f 1512/1512/1605 1513/1513/1606 1544/1544/1637 1543/1543/1636
f 1513/1513/1606 1514/1514/1607 1545/1545/1638 1544/1544/1637
f 1514/1514/1607 1515/1515/1608 1546/1546/1639 1545/1545/1638
f 1515/1515/1608 1516/1516/1609 1547/1547/1640 1546/1546/1639
f 1516/1516/1609 1517/1517/1610 1548/1548/1641 1547/1547/1640
f 1517/1517/1610 1518/1518/1611 1549/1549/1642 1548/1548/1641
f 1518/1518/1611 1519/1519/1612 1550/1550/1643 1549/1549/1642
f 1520/1520/1614 1521/1521/1613 1552/1552/1644 1551/1551/1645
f 1521/1521/1613 1522/1522/1615 1553/1553/1646 1552/1552/1644
f 1522/1522/1615 1523/1523/1616 1554/1554/1647 1553/1553/1646
f 1523/1523/1616 1524/1524/1617 1555/1555/1648 1554/1554/1647
f 1524/1524/1617 1525/1525/1618 1556/1556/1649 1555/1555/1648
f 1525/1525/1618 1526/1526/1619 1557/1557/1650 1556/1556/1649
f 1526/1526/1619 1527/1527/1620 1558/1558/1651 1557/1557/1650
f 1527/1527/1620 1528/1528/1621 1559/1559/1652 1558/1558/1651
f 1528/1528/1621 1529/1529/1622 1560/1560/1653 1559/1559/1652
f 1529/1529/1622 1530/1530/1623 1561/1561/1654 1560/1560/1653
f 1530/1530/1623 1531/1531/1624 1562/1562/1655 1561/1561/1654
f 1531/1531/1624 1532/1532/1625 1563/1563/1656 1562/1562/1655
f 1532/1532/1625 1533/1533/1626 1564/1564/1657 1563/1563/1656
f 1533/1533/1626 1534/1534/1627 1565/1565/1658 1564/1564/1657
f 1534/1534/1627 1535/1535/1628 1566/1566/1659 1565/1565/1658
f 1535/1535/1628 1536/1536/1629 1567/1567/1660 1566/1566/1659
f 1536/1536/1629 1537/1537/1630 1568/1568/1661 1567/1567/1660
f 1537/1537/1630 1538/1538/1631 1569/1569/1662 1568/1568/1661
f 1538/1538/1631 1539/1539/1632 1570/1570/1663 1569/1569/1662
f 1539/1539/1632 1540/1540/1633 1571/1571/1664 1570/1570/1663
f 1540/1540/1633 1541/1541/1634 1572/1572/1665 1571/1571/1664
f 1541/1541/1634 1542/1542/1635 1573/1573/1666 1572/1572/1665
f 1542/1542/1635 1543/1543/1636 1574/1574/1667 1573/1573/1666
f 1543/1543/1636 1544/1544/1637 1575/1575/1668 1574/1574/1667
f 1544/1544/1637 1545/1545/1638 1576/1576/1669 1575/1575/1668
f 1545/1545/1638 1546/1546/1639 1577/1577/1670 1576/1576/1669
f 1546/1546/1639 1547/1547/1640 1578/1578/1671 1577/1577/1670
f 1547/1547/1640 1548/1548/1641 1579/1579/1672 1578/1578/1671
f 1548/1548/1641 1549/1549/1642 1580/1580/1673 1579/1579/1672
f 1549/1549/1642 1550/1550/1643 1581/1581/1674 1580/1580/1673
f 1551/1551/1645 1552/1552/1644 1583/1583/1675 1582/1582/1676
f 1552/1552/1644 1553/1553/1646 1584/1584/1677 1583/1583/1675
f 1553/1553/1646 1554/1554/1647 1585/1585/1678 1584/1584/1677
f 1554/1554/1647 1555/1555/1648 1586/1586/1679 1585/1585/1678
f 1555/1555/1648 1556/1556/1649 1587/1587/1680 1586/1586/1679
f 1556/1556/1649 1557/1557/1650 1588/1588/1681 1587/1587/1680
f 1557/1557/1650 1558/1558/1651 1589/1589/1682 1588/1588/1681
f 1558/1558/1651 1559/1559/1652 1590/1590/1683 1589/1589/1682
f 1559/1559/1652 1560/1560/1653 1591/1591/1684 1590/1590/1683
f 1560/1560/1653 1561/1561/1654 1592/1592/1685 1591/1591/1684
f 1561/1561/1654 1562/1562/1655 1593/1593/1686 1592/1592/1685
f 1562/1562/1655 1563/1563/1656 1594/1594/1687 1593/1593/1686
f 1563/1563/1656 1564/1564/1657 1595/1595/1688 1594/1594/1687
f 1564/1564/1657 1565/1565/1658 1596/1596/1689 1595/1595/1688
f 1565/1565/1658 1566/1566/1659 1597/1597/1690 1596/1596/1689
f 1566/1566/1659 1567/1567/1660 1598/1598/1691 1597/1597/1690
f 1567/1567/1660 1568/1568/1661 1599/1599/1692 1598/1598/1691
f 1568/1568/1661 1569/1569/1662 1600/1600/1693 1599/1599/1692
f 1569/1569/1662 1570/1570/1663 1601/1601/1694 1600/1600/1693
f 1570/1570/1663 1571/1571/1664 1602/1602/1695 1601/1601/1694
f 1571/1571/1664 1572/1572/1665 1603/1603/1696 1602/1602/1695
f 1572/1572/1665 1573/1573/1666 1604/1604/1697 1603/1603/1696
f 1573/1573/1666 1574/1574/1667 1605/1605/1698 1604/1604/1697
f 1574/1574/1667 1575/1575/1668 1606/1606/1699 1605/1605/1698
f 1575/1575/1668 1576/1576/1669 1607/1607/1700 1606/1606/1699
f 1576/1576/1669 1577/1577/1670 1608/1608/1701 1607/1607/1700
f 1577/1577/1670 1578/1578/1671 1609/1609/1702 1608/1608/1701
f 1578/1578/1671 1579/1579/1672 1610/1610/1703 1609/1609/1702
f 1579/1579/1672 1580/1580/1673 1611/1611/1704 1610/1610/1703
f 1580/1580/1673 1581/1581/1674 1612/1612/1705 1611/1611/1704
f 1582/1582/1676 1583/1583/1675 1614/1614/1706 1613/1613/1707
f 1583/1583/1675 1584/1584/1677 1615/1615/1708 1614/1614/1706
f 1584/1584/1677 1585/1585/1678 1616/1616/1709 1615/1615/1708
f 1585/1585/1678 1586/1586/1679 1617/1617/1710 1616/1616/1709
f 1586/1586/1679 1587/1587/1680 1618/1618/1711 1617/1617/1710
f 1587/1587/1680 1588/1588/1681 1619/1619/1712 1618/1618/1711
f 1588/1588/1681 1589/1589/1682 1620/1620/1713 1619/1619/1712
f 1589/1589/1682 1590/1590/1683 1621/1621/1714 1620/1620/1713
f 1590/1590/1683 1591/1591/1684 1622/1622/1715 1621/1621/1714
f 1591/1591/1684 1592/1592/1685 1623/1623/1716 1622/1622/1715
f 1592/1592/1685 1593/1593/1686 1624/1624/1717 1623/1623/1716
f 1593/1593/1686 1594/1594/1687 1625/1625/1718 1624/1624/1717
f 1594/1594/1687 1595/1595/1688 1626/1626/1719 1625/1625/1718
f 1595/1595/1688 1596/1596/1689 1627/1627/1720 1626/1626/1719
f 1596/1596/1689 1597/1597/1690 1628/1628/1721 1627/1627/1720
f 1597/1597/1690 1598/1598/1691 1629/1629/1722 1628/1628/1721
f 1598/1598/1691 1599/1599/1692 1630/1630/1723 1629/1629/1722
f 1599/1599/1692 1600/1600/1693 1631/1631/1724 1630/1630/1723
f 1600/1600/1693 1601/1601/1694 1632/1632/1725 1631/1631/1724
f 1601/1601/1694 1602/1602/1695 1633/1633/1726 1632/1632/1725
f 1602/1602/1695 1603/1603/1696 1634/1634/1727 1633/1633/1726
f 1603/1603/1696 1604/1604/1697 1635/1635/1728 1634/1634/1727
f 1604/1604/1697 1605/1605/1698 1636/1636/1729 1635/1635/1728
f 1605/1605/1698 1606/1606/1699 1637/1637/1730 1636/1636/1729
f 1606/1606/1699 1607/1607/1700 1638/1638/1731 1637/1637/1730
f 1607/1607/1700 1608/1608/1701 1639/1639/1732 1638/1638/1731
f 1608/1608/1701 1609/1609/1702 1640/1640/1733 1639/1639/1732
f 1609/1609/1702 1610/1610/1703 1641/1641/1734 1640/1640/1733
f 1610/1610/1703 1611/1611/1704 1642/1642/1735 1641/1641/1734
f 1611/1611/1704 1612/1612/1705 1643/1643/1736 1642/1642/1735
f 1613/1613/1707 1614/1614/1706 1645/1645/1737 1644/1644/1738
f 1614/1614/1706 1615/1615/1708 1646/1646/1739 1645/1645/1737
f 1615/1615/1708 1616/1616/1709 1647/1647/1740 1646/1646/1739
f 1616/1616/1709 1617/1617/1710 1648/1648/1741 1647/1647/1740
f 1617/1617/1710 1618/1618/1711 1649/1649/1742 1648/1648/1741
f 1618/1618/1711 1619/1619/1712 1650/1650/1743 1649/1649/1742
f 1619/1619/1712 1620/1620/1713 1651/1651/1744 1650/1650/1743
f 1620/1620/1713 1621/1621/1714 1652/1652/1745 1651/1651/1744
f 1621/1621/1714 1622/1622/1715 1653/1653/1746 1652/1652/1745
f 1622/1622/1715 1623/1623/1716 1654/1654/1747 1653/1653/1746
f 1623/1623/1716 1624/1624/1717 1655/1655/1748 1654/1654/1747
f 1624/1624/1717 1625/1625/1718 1656/1656/1749 1655/1655/1748
f 1625/1625/1718 1626/1626/1719 1657/1657/1750 1656/1656/1749
f 1626/1626/1719 1627/1627/1720 1658/1658/1751 1657/1657/1750
f 1627/1627/1720 1628/1628/1721 1659/1659/1752 1658/1658/1751
f 1628/1628/1721 1629/1629/1722 1660/1660/1753 1659/1659/1752
f 1629/1629/1722 1630/1630/1723 1661/1661/1754 1660/1660/1753
f 1630/1630/1723 1631/1631/1724 1662/1662/1755 1661/1661/1754
f 1631/1631/1724 1632/1632/1725 1663/1663/1756 1662/1662/1755
f 1632/1632/1725 1633/1633/1726 1664/1664/1757 1663/1663/1756
f 1633/1633/1726 1634/1634/1727 1665/1665/1758 1664/1664/1757
f 1634/1634/1727 1635/1635/1728 1666/1666/1759 1665/1665/1758
f 1635/1635/1728 1636/1636/1729 1667/1667/1760 1666/1666/1759
f 1636/1636/1729 1637/1637/1730 1668/1668/1761 1667/1667/1760
f 1637/1637/1730 1638/1638/1731 1669/1669/1762 1668/1668/1761
f 1638/1638/1731 1639/1639/1732 1670/1670/1763 1669/1669/1762
f 1639/1639/1732 1640/1640/1733 1671/1671/1764 1670/1670/1763
f 1640/1640/1733 1641/1641/1734 1672/1672/1765 1671/1671/1764
f 1641/1641/1734 1642/1642/1735 1673/1673/1766 1672/1672/1765
f 1642/1642/1735 1643/1643/1736 1674/1674/1767 1673/1673/1766
f 1644/1644/1738 1645/1645/1737 1676/1676/1768 1675/1675/1769
f 1645/1645/1737 1646/1646/1739 1677/1677/1770 1676/1676/1768
f 1646/1646/1739 1647/1647/1740 1678/1678/1771 1677/1677/1770
f 1647/1647/1740 1648/1648/1741 1679/1679/1772 1678/1678/1771
f 1648/1648/1741 1649/1649/1742 1680/1680/1773 1679/1679/1772
f 1649/1649/1742 1650/1650/1743 1681/1681/1774 1680/1680/1773
f 1650/1650/1743 1651/1651/1744 1682/1682/1775 1681/1681/1774
f 1651/1651/1744 1652/1652/1745 1683/1683/1776 1682/1682/1775
f 1652/1652/1745 1653/1653/1746 1684/1684/1777 1683/1683/1776
f 1653/1653/1746 1654/1654/1747 1685/1685/1778 1684/1684/1777
f 1654/1654/1747 1655/1655/1748 1686/1686/1779 1685/1685/1778
f 1655/1655/1748 1656/1656/1749 1687/1687/1780 1686/1686/1779
f 1656/1656/1749 1657/1657/1750 1688/1688/1781 1687/1687/1780
f 1657/1657/1750 1658/1658/1751 1689/1689/1782 1688/1688/1781
f 1658/1658/1751 1659/1659/1752 1690/1690/1783 1689/1689/1782
f 1659/1659/1752 1660/1660/1753 1691/1691/1784 1690/1690/1783
f 1660/1660/1753 1661/1661/1754 1692/1692/1785 1691/1691/1784
f 1661/1661/1754 1662/1662/1755 1693/1693/1786 1692/1692/1785
f 1662/1662/1755 1663/1663/1756 1694/1694/1787 1693/1693/1786
f 1663/1663/1756 1664/1664/1757 1695/1695/1788 1694/1694/1787
f 1664/1664/1757 1665/1665/1758 1696/1696/1789 1695/1695/1788
f 1665/1665/1758 1666/1666/1759 1697/1697/1790 1696/1696/1789
f 1666/1666/1759 1667/1667/1760 1698/1698/1791 1697/1697/1790
f 1667/1667/1760 1668/1668/1761 1699/1699/1792 1698/1698/1791
f 1668/1668/1761 1669/1669/1762 1700/1700/1793 1699/1699/1792
f 1669/1669/1762 1670/1670/1763 1701/1701/1794 1700/1700/1793
f 1670/1670/1763 1671/1671/1764 1702/1702/1795 1701/1701/1794
f 1671/1671/1764 1672/1672/1765 1703/1703/1796 1702/1702/1795
f 1672/1672/1765 1673/1673/1766 1704/1704/1797 1703/1703/1796
f 1673/1673/1766 1674/1674/1767 1705/1705/1798 1704/1704/1797
f 1675/1675/1769 1676/1676/1768 1707/1707/1799 1706/1706/1800
f 1676/1676/1768 1677/1677/1770 1708/1708/1801 1707/1707/1799
f 1677/1677/1770 1678/1678/1771 1709/1709/1802 1708/1708/1801
f 1678/1678/1771 1679/1679/1772 1710/1710/1803 1709/1709/1802
f 1679/1679/1772 1680/1680/1773 1711/1711/1804 1710/1710/1803
f 1680/1680/1773 1681/1681/1774 1712/1712/1805 1711/1711/1804
f 1681/1681/1774 1682/1682/1775 1713/1713/1806 1712/1712/1805
f 1682/1682/1775 1683/1683/1776 1714/1714/1807 1713/1713/1806
f 1683/1683/1776 1684/1684/1777 1715/1715/1808 1714/1714/1807
f 1684/1684/1777 1685/1685/1778 1716/1716/1809 1715/1715/1808
f 1685/1685/1778 1686/1686/1779 1717/1717/1810 1716/1716/1809
f 1686/1686/1779 1687/1687/1780 1718/1718/1811 1717/1717/1810
f 1687/1687/1780 1688/1688/1781 1719/1719/1812 1718/1718/1811
f 1688/1688/1781 1689/1689/1782 1720/1720/1813 1719/1719/1812
f 1689/1689/1782 1690/1690/1783 1721/1721/1814 1720/1720/1813
f 1690/1690/1783 1691/1691/1784 1722/1722/1815 1721/1721/1814
f 1691/1691/1784 1692/1692/1785 1723/1723/1816 1722/1722/1815
f 1692/1692/1785 1693/1693/1786 1724/1724/1817 1723/1723/1816
f 1693/1693/1786 1694/1694/1787 1725/1725/1818 1724/1724/1817
f 1694/1694/1787 1695/1695/1788 1726/1726/1819 1725/1725/1818
f 1695/1695/1788 1696/1696/1789 1727/1727/1820 1726/1726/1819
f 1696/1696/1789 1697/1697/1790 1728/1728/1821 1727/1727/1820
f 1697/1697/1790 1698/1698/1791 1729/1729/1822 1728/1728/1821
f 1698/1698/1791 1699/1699/1792 1730/1730/1823 1729/1729/1822
f 1699/1699/1792 1700/1700/1793 1731/1731/1824 1730/1730/1823
f 1700/1700/1793 1701/1701/1794 1732/1732/1825 1731/1731/1824
f 1701/1701/1794 1702/1702/1795 1733/1733/1826 1732/1732/1825
f 1702/1702/1795 1703/1703/1796 1734/1734/1827 1733/1733/1826
f 1703/1703/1796 1704/1704/1797 1735/1735/1828 1734/1734/1827
f 1704/1704/1797 1705/1705/1798 1736/1736/1829 1735/1735/1828
f 1706/1706/1800 1707/1707/1799 1738/1738/1830 1737/1737/1831
f 1707/1707/1799 1708/1708/1801 1739/1739/1832 1738/1738/1830
f 1708/1708/1801 1709/1709/1802 1740/1740/1833 1739/1739/1832
f 1709/1709/1802 1710/1710/1803 1741/1741/1834 1740/1740/1833
f 1710/1710/1803 1711/1711/1804 1742/1742/1835 1741/1741/1834
f 1711/1711/1804 1712/1712/1805 1743/1743/1836 1742/1742/1835
f 1712/1712/1805 1713/1713/1806 1744/1744/1837 1743/1743/1836
f 1713/1713/1806 1714/1714/1807 1745/1745/1838 1744/1744/1837
f 1714/1714/1807 1715/1715/1808 1746/1746/1839 1745/1745/1838
f 1715/1715/1808 1716/1716/1809 1747/1747/1840 1746/1746/1839
f 1716/1716/1809 1717/1717/1810 1748/1748/1841 1747/1747/1840
f 1717/1717/1810 1718/1718/1811 1749/1749/1842 1748/1748/1841
f 1718/1718/1811 1719/1719/1812 1750/1750/1843 1749/1749/1842
f 1719/1719/1812 1720/1720/1813 1751/1751/1844 1750/1750/1843
f 1720/1720/1813 1721/1721/1814 1752/1752/1845 1751/1751/1844
f 1721/1721/1814 1722/1722/1815 1753/1753/1846 1752/1752/1845
f 1722/1722/1815 1723/1723/1816 1754/1754/1847 1753/1753/1846
f 1723/1723/1816 1724/1724/1817 1755/1755/1848 1754/1754/1847
f 1724/1724/1817 1725/1725/1818 1756/1756/1849 1755/1755/1848
f 1725/1725/1818 1726/1726/1819 1757/1757/1850 1756/1756/1849
f 1726/1726/1819 1727/1727/1820 1758/1758/1851 1757/1757/1850
f 1727/1727/1820 1728/1728/1821 1759/1759/1852 1758/1758/1851
f 1728/1728/1821 1729/1729/1822 1760/1760/1853 1759/1759/1852
f 1729/1729/1822 1730/1730/1823 1761/1761/1854 1760/1760/1853
f 1730/1730/1823 1731/1731/1824 1762/1762/1855 1761/1761/1854
f 1731/1731/1824 1732/1732/1825 1763/1763/1856 1762/1762/1855
f 1732/1732/1825 1733/1733/1826 1764/1764/1857 1763/1763/1856
f 1733/1733/1826 1734/1734/1827 1765/1765/1858 1764/1764/1857
f 1734/1734/1827 1735/1735/1828 1766/1766/1859 1765/1765/1858
f 1735/1735/1828 1736/1736/1829 1767/1767/1860 1766/1766/1859
f 1737/1737/1831 1738/1738/1830 1769/1769/1861 1768/1768/1862
f 1738/1738/1830 1739/1739/1832 1770/1770/1863 1769/1769/1861
f 1739/1739/1832 1740/1740/1833 1771/1771/1864 1770/1770/1863
f 1740/1740/1833 1741/1741/1834 1772/1772/1865 1771/1771/1864
f 1741/1741/1834 1742/1742/1835 1773/1773/1866 1772/1772/1865
f 1742/1742/1835 1743/1743/1836 1774/1774/1867 1773/1773/1866
f 1743/1743/1836 1744/1744/1837 1775/1775/1868 1774/1774/1867
f 1744/1744/1837 1745/1745/1838 1776/1776/1869 1775/1775/1868
f 1745/1745/1838 1746/1746/1839 1777/1777/1870 1776/1776/1869
f 1746/1746/1839 1747/1747/1840 1778/1778/1871 1777/1777/1870
f 1747/1747/1840 1748/1748/1841 1779/1779/1872 1778/1778/1871
f 1748/1748/1841 1749/1749/1842 1780/1780/1873 1779/1779/1872
f 1749/1749/1842 1750/1750/1843 1781/1781/1874 1780/1780/1873
f 1750/1750/1843 1751/1751/1844 1782/1782/1875 1781/1781/1874
f 1751/1751/1844 1752/1752/1845 1783/1783/1876 1782/1782/1875
f 1752/1752/1845 1753/1753/1846 1784/1784/1877 1783/1783/1876
f 1753/1753/1846 1754/1754/1847 1785/1785/1878 1784/1784/1877
f 1754/1754/1847 1755/1755/1848 1786/1786/1879 1785/1785/1878
f 1755/1755/1848 1756/1756/1849 1787/1787/1880 1786/1786/1879
f 1756/1756/1849 1757/1757/1850 1788/1788/1881 1787/1787/1880
f 1757/1757/1850 1758/1758/1851 1789/1789/1882 1788/1788/1881
f 1758/1758/1851 1759/1759/1852 1790/1790/1883 1789/1789/1882
f 1759/1759/1852 1760/1760/1853 1791/1791/1884 1790/1790/1883
f 1760/1760/1853 1761/1761/1854 1792/1792/1885 1791/1791/1884
f 1761/1761/1854 1762/1762/1855 1793/1793/1886 1792/1792/1885
f 1762/1762/1855 1763/1763/1856 1794/1794/1887 1793/1793/1886
f 1763/1763/1856 1764/1764/1857 1795/1795/1888 1794/1794/1887
f 1764/1764/1857 1765/1765/1858 1796/1796/1889 1795/1795/1888
f 1765/1765/1858 1766/1766/1859 1797/1797/1890 1796/1796/1889
f 1766/1766/1859 1767/1767/1860 1798/1798/1891 1797/1797/1890
f 1768/1768/1862 1769/1769/1861 1800/1800/1892 1799/1799/1893
f 1769/1769/1861 1770/1770/1863 1801/1801/1894 1800/1800/1892
f 1770/1770/1863 1771/1771/1864 1802/1802/1895 1801/1801/1894
f 1771/1771/1864 1772/1772/1865 1803/1803/1896 1802/1802/1895
f 1772/1772/1865 1773/1773/1866 1804/1804/1897 1803/1803/1896
f 1773/1773/1866 1774/1774/1867 1805/1805/1898 1804/1804/1897
f 1774/1774/1867 1775/1775/1868 1806/1806/1899 1805/1805/1898
f 1775/1775/1868 1776/1776/1869 1807/1807/1900 1806/1806/1899
f 1776/1776/1869 1777/1777/1870 1808/1808/1901 1807/1807/1900
f 1777/1777/1870 1778/1778/1871 1809/1809/1902 1808/1808/1901
f 1778/1778/1871 1779/1779/1872 1810/1810/1903 1809/1809/1902
f 1779/1779/1872 1780/1780/1873 1811/1811/1904 1810/1810/1903
f 1780/1780/1873 1781/1781/1874 1812/1812/1905 1811/1811/1904
f 1781/1781/1874 1782/1782/1875 1813/1813/1906 1812/1812/1905
f 1782/1782/1875 1783/1783/1876 1814/1814/1907 1813/1813/1906
f 1783/1783/1876 1784/1784/1877 1815/1815/1908 1814/1814/1907
f 1784/1784/1877 1785/1785/1878 1816/1816/1909 1815/1815/1908
f 1785/1785/1878 1786/1786/1879 1817/1817/1910 1816/1816/1909
f 1786/1786/1879 1787/1787/1880 1818/1818/1911 1817/1817/1910
f 1787/1787/1880 1788/1788/1881 1819/1819/1912 1818/1818/1911
f 1788/1788/1881 1789/1789/1882 1820/1820/1913 1819/1819/1912
f 1789/1789/1882 1790/1790/1883 1821/1821/1914 1820/1820/1913
f 1790/1790/1883 1791/1791/1884 1822/1822/1915 1821/1821/1914
f 1791/1791/1884 1792/1792/1885 1823/1823/1916 1822/1822/1915
f 1792/1792/1885 1793/1793/1886 1824/1824/1917 1823/1823/1916
f 1793/1793/1886 1794/1794/1887 1825/1825/1918 1824/1824/1917
f 1794/1794/1887 1795/1795/1888 1826/1826/1919 1825/1825/1918
f 1795/1795/1888 1796/1796/1889 1827/1827/1920 1826/1826/1919
f 1796/1796/1889 1797/1797/1890 1828/1828/1921 1827/1827/1920
f 1797/1797/1890 1798/1798/1891 1829/1829/1922 1828/1828/1921
f 1799/1799/1893 1800/1800/1892 1831/1831/1923 1830/1830/1924
f 1800/1800/1892 1801/1801/1894 1832/1832/1925 1831/1831/1923
f 1801/1801/1894 1802/1802/1895 1833/1833/1926 1832/1832/1925
f 1802/1802/1895 1803/1803/1896 1834/1834/1927 1833/1833/1926
f 1803/1803/1896 1804/1804/1897 1835/1835/1928 1834/1834/1927
f 1804/1804/1897 1805/1805/1898 1836/1836/1929 1835/1835/1928
f 1805/1805/1898 1806/1806/1899 1837/1837/1930 1836/1836/1929
f 1806/1806/1899 1807/1807/1900 1838/1838/1931 1837/1837/1930
f 1807/1807/1900 1808/1808/1901 1839/1839/1932 1838/1838/1931
f 1808/1808/1901 1809/1809/1902 1840/1840/1933 1839/1839/1932
f 1809/1809/1902 1810/1810/1903 1841/1841/1934 1840/1840/1933
f 1810/1810/1903 1811/1811/1904 1842/1842/1935 1841/1841/1934
f 1811/1811/1904 1812/1812/1905 1843/1843/1936 1842/1842/1935
f 1812/1812/1905 1813/1813/1906 1844/1844/1937 1843/1843/1936
f 1813/1813/1906 1814/1814/1907 1845/1845/1938 1844/1844/1937
f 1814/1814/1907 1815/1815/1908 1846/1846/1939 1845/1845/1938
f 1815/1815/1908 1816/1816/1909 1847/1847/1940 1846/1846/1939
f 1816/1816/1909 1817/1817/1910 1848/1848/1941 1847/1847/1940
f 1817/1817/1910 1818/1818/1911 1849/1849/1942 1848/1848/1941
f 1818/1818/1911 1819/1819/1912 1850/1850/1943 1849/1849/1942
f 1819/1819/1912 1820/1820/1913 1851/1851/1944 1850/1850/1943
f 1820/1820/1913 1821/1821/1914 1852/1852/1945 1851/1851/1944
f 1821/1821/1914 1822/1822/1915 1853/1853/1946 1852/1852/1945
f 1822/1822/1915 1823/1823/1916 1854/1854/1947 1853/1853/1946
f 1823/1823/1916 1824/1824/1917 1855/1855/1948 1854/1854/1947
f 1824/1824/1917 1825/1825/1918 1856/1856/1949 1855/1855/1948
f 1825/1825/1918 1826/1826/1919 1857/1857/1950 1856/1856/1949
f 1826/1826/1919 1827/1827/1920 1858/1858/1951 1857/1857/1950
f 1827/1827/1920 1828/1828/1921 1859/1859/1952 1858/1858/1951
f 1828/1828/1921 1829/1829/1922 1860/1860/1953 1859/1859/1952
f 1830/1830/1924 1831/1831/1923 1862/1862/1954 1861/1861/1955
f 1831/1831/1923 1832/1832/1925 1863/1863/1956 1862/1862/1954
f 1832/1832/1925 1833/1833/1926 1864/1864/1957 1863/1863/1956
f 1833/1833/1926 1834/1834/1927 1865/1865/1958 1864/1864/1957
f 1834/1834/1927 1835/1835/1928 1866/1866/1959 1865/1865/1958
f 1835/1835/1928 1836/1836/1929 1867/1867/1960 1866/1866/1959
f 1836/1836/1929 1837/1837/1930 1868/1868/1961 1867/1867/1960
f 1837/1837/1930 1838/1838/1931 1869/1869/1962 1868/1868/1961
f 1838/1838/1931 1839/1839/1932 1870/1870/1963 1869/1869/1962
f 1839/1839/1932 1840/1840/1933 1871/1871/1964 1870/1870/1963
f 1840/1840/1933 1841/1841/1934 1872/1872/1965 1871/1871/1964
f 1841/1841/1934 1842/1842/1935 1873/1873/1966 1872/1872/1965
f 1842/1842/1935 1843/1843/1936 1874/1874/1967 1873/1873/1966
f 1843/1843/1936 1844/1844/1937 1875/1875/1968 1874/1874/1967
f 1844/1844/1937 1845/1845/1938 1876/1876/1969 1875/1875/1968
f 1845/1845/1938 1846/1846/1939 1877/1877/1970 1876/1876/1969
f 1846/1846/1939 1847/1847/1940 1878/1878/1971 1877/1877/1970
f 1847/1847/1940 1848/1848/1941 1879/1879/1972 1878/1878/1971
f 1848/1848/1941 1849/1849/1942 1880/1880/1973 1879/1879/1972
f 1849/1849/1942 1850/1850/1943 1881/1881/1974 1880/1880/1973
f 1850/1850/1943 1851/1851/1944 1882/1882/1975 1881/1881/1974
f 1851/1851/1944 1852/1852/1945 1883/1883/1976 1882/1882/1975
f 1852/1852/1945 1853/1853/1946 1884/1884/1977 1883/1883/1976
f 1853/1853/1946 1854/1854/1947 1885/1885/1978 1884/1884/1977
f 1854/1854/1947 1855/1855/1948 1886/1886/1979 1885/1885/1978
f 1855/1855/1948 1856/1856/1949 1887/1887/1980 1886/1886/1979
f 1856/1856/1949 1857/1857/1950 1888/1888/1981 1887/1887/1980
f 1857/1857/1950 1858/1858/1951 1889/1889/1982 1888/1888/1981
f 1858/1858/1951 1859/1859/1952 1890/1890/1983 1889/1889/1982
f 1859/1859/1952 1860/1860/1953 1891/1891/1984 1890/1890/1983
f 1861/1861/1955 1862/1862/1954 1893/1893/1985 1892/1892/1986
f 1862/1862/1954 1863/1863/1956 1894/1894/1987 1893/1893/1985
f 1863/1863/1956 1864/1864/1957 1895/1895/1988 1894/1894/1987
f 1864/1864/1957 1865/1865/1958 1896/1896/1989 1895/1895/1988
f 1865/1865/1958 1866/1866/1959 1897/1897/1990 1896/1896/1989
f 1866/1866/1959 1867/1867/1960 1898/1898/1991 1897/1897/1990
f 1867/1867/1960 1868/1868/1961 1899/1899/1992 1898/1898/1991
f 1868/1868/1961 1869/1869/1962 1900/1900/1993 1899/1899/1992
f 1869/1869/1962 1870/1870/1963 1901/1901/1994 1900/1900/1993
f 1870/1870/1963 1871/1871/1964 1902/1902/1995 1901/1901/1994
f 1871/1871/1964 1872/1872/1965 1903/1903/1996 1902/1902/1995
f 1872/1872/1965 1873/1873/1966 1904/1904/1997 1903/1903/1996
f 1873/1873/1966 1874/1874/1967 1905/1905/1998 1904/1904/1997
f 1874/1874/1967 1875/1875/1968 1906/1906/1999 1905/1905/1998
f 1875/1875/1968 1876/1876/1969 1907/1907/2000 1906/1906/1999
f 1876/1876/1969 1877/1877/1970 1908/1908/2001 1907/1907/2000
f 1877/1877/1970 1878/1878/1971 1909/1909/2002 1908/1908/2001
f 1878/1878/1971 1879/1879/1972 1910/1910/2003 1909/1909/2002
f 1879/1879/1972 1880/1880/1973 1911/1911/2004 1910/1910/2003
f 1880/1880/1973 1881/1881/1974 1912/1912/2005 1911/1911/2004
f 1881/1881/1974 1882/1882/1975 1913/1913/2006 1912/1912/2005
f 1882/1882/1975 1883/1883/1976 1914/1914/2007 1913/1913/2006
f 1883/1883/1976 1884/1884/1977 1915/1915/2008 1914/1914/2007
f 1884/1884/1977 1885/1885/1978 1916/1916/2009 1915/1915/2008
f 1885/1885/1978 1886/1886/1979 1917/1917/2010 1916/1916/2009
f 1886/1886/1979 1887/1887/1980 1918/1918/2011 1917/1917/2010
f 1887/1887/1980 1888/1888/1981 1919/1919/2012 1918/1918/2011
f 1888/1888/1981 1889/1889/1982 1920/1920/2013 1919/1919/2012
f 1889/1889/1982 1890/1890/1983 1921/1921/2014 1920/1920/2013
f 1890/1890/1983 1891/1891/1984 1922/1922/2015 1921/1921/2014
f 1892/1892/1986 1893/1893/1985 2/1924/2016 1/1923/2017
f 1893/1893/1985 1894/1894/1987 3/1925/2018 2/1924/2016
f 1894/1894/1987 1895/1895/1988 4/1926/2019 3/1925/2018
f 1895/1895/1988 1896/1896/1989 5/1927/2020 4/1926/2019
f 1896/1896/1989 1897/1897/1990 6/1928/2021 5/1927/2020
f 1897/1897/1990 1898/1898/1991 7/1929/2022 6/1928/2021
f 1898/1898/1991 1899/1899/1992 8/1930/2023 7/1929/2022
f 1899/1899/1992 1900/1900/1993 9/1931/2024 8/1930/2023
f 1900/1900/1993 1901/1901/1994 10/1932/2025 9/1931/2024
f 1901/1901/1994 1902/1902/1995 11/1933/2026 10/1932/2025
f 1902/1902/1995 1903/1903/1996 12/1934/2027 11/1933/2026
f 1903/1903/1996 1904/1904/1997 13/1935/2028 12/1934/2027
f 1904/1904/1997 1905/1905/1998 14/1936/2029 13/1935/2028
f 1905/1905/1998 1906/1906/1999 15/1937/2030 14/1936/2029
f 1906/1906/1999 1907/1907/2000 16/1938/2031 15/1937/2030
f 1907/1907/2000 1908/1908/2001 17/1939/2032 16/1938/2031
f 1908/1908/2001 1909/1909/2002 18/1940/2033 17/1939/2032
f 1909/1909/2002 1910/1910/2003 19/1941/2034 18/1940/2033
f 1910/1910/2003 1911/1911/2004 20/1942/2035 19/1941/2034
f 1911/1911/2004 1912/1912/2005 21/1943/2036 20/1942/2035
f 1912/1912/2005 1913/1913/2006 22/1944/2037 21/1943/2036
f 1913/1913/2006 1914/1914/2007 23/1945/2038 22/1944/2037
f 1914/1914/2007 1915/1915/2008 24/1946/2039 23/1945/2038
f 1915/1915/2008 1916/1916/2009 25/1947/2040 24/1946/2039
f 1916/1916/2009 1917/1917/2010 26/1948/2041 25/1947/2040
f 1917/1917/2010 1918/1918/2011 27/1949/2042 26/1948/2041
f 1918/1918/2011 1919/1919/2012 28/1950/2043 27/1949/2042
f 1919/1919/2012 1920/1920/2013 29/1951/2044 28/1950/2043
f 1920/1920/2013 1921/1921/2014 30/1952/2045 29/1951/2044
f 1921/1921/2014 1922/1922/2015 31/1953/2046 30/1952/2045
s 5
f 1054/1955/2047 1023/1954/2048 992/1984/2049 961/1985/2050
f 1085/1956/2051 1054/1955/2047 961/1985/2050 930/1986/2052
f 1116/1957/2053 1085/1956/2051 930/1986/2052 899/1987/2054
f 1147/1958/2055 1116/1957/2053 899/1987/2054 868/1988/2056
f 1178/1959/2057 1147/1958/2055 868/1988/2056 837/1989/2058
f 1209/1960/2059 1178/1959/2057 837/1989/2058 806/1990/2060
f 1240/1961/2061 1209/1960/2059 806/1990/2060 775/1991/2062
f 1271/1962/2063 1240/1961/2061 775/1991/2062 744/1992/2064
f 1302/1963/2065 1271/1962/2063 744/1992/2064 713/1993/2066
f 1333/1964/2067 1302/1963/2065 713/1993/2066 682/1994/2068
f 1364/1965/2069 1333/1964/2067 682/1994/2068 651/1995/2070
f 1395/1966/2071 1364/1965/2069 651/1995/2070 620/1996/2072
f 1426/1967/2073 1395/1966/2071 620/1996/2072 589/1997/2074
f 1457/1968/2075 1426/1967/2073 589/1997/2074 558/1998/2076
f 1488/1969/2077 1457/1968/2075 558/1998/2076 527/1999/2078
f 1519/1970/2079 1488/1969/2077 527/1999/2078 496/2000/2080
f 1550/1971/2081 1519/1970/2079 496/2000/2080 465/2001/2082
f 1581/1972/2083 1550/1971/2081 465/2001/2082 434/2002/2084
f 1612/1973/2085 1581/1972/2083 434/2002/2084 403/2003/2086
f 1643/1974/2087 1612/1973/2085 403/2003/2086 372/2004/2088
f 1674/1975/2089 1643/1974/2087 372/2004/2088 341/2005/2090
f 1705/1976/2091 1674/1975/2089 341/2005/2090 310/2006/2092
f 1736/1977/2093 1705/1976/2091 310/2006/2092 279/2007/2094
f 1767/1978/2095 1736/1977/2093 279/2007/2094 248/2008/2096
f 1798/1979/2097 1767/1978/2095 248/2008/2096 217/2009/2098
f 1829/1980/2099 1798/1979/2097 217/2009/2098 186/2010/2100
f 1860/1981/2101 1829/1980/2099 186/2010/2100 155/2011/2102
f 1891/1982/2103 1860/1981/2101 155/2011/2102 124/2012/2104
f 1922/1983/2105 1891/1982/2103 124/2012/2104 93/2013/2106
f 31/31/2107 1922/1983/2105 93/2013/2106 62/62/2108
s 6
f 993/2014/2109 1024/2015/2110 931/2045/2111 962/2044/2112
f 1024/2015/2110 1055/2016/2113 900/2046/2114 931/2045/2111
f 1055/2016/2113 1086/2017/2115 869/2047/2116 900/2046/2114
f 1086/2017/2115 1117/2018/2117 838/2048/2118 869/2047/2116
f 1117/2018/2117 1148/2019/2119 807/2049/2120 838/2048/2118
f 1148/2019/2119 1179/2020/2121 776/2050/2122 807/2049/2120
f 1179/2020/2121 1210/2021/2123 745/2051/2124 776/2050/2122
f 1210/2021/2123 1241/2022/2125 714/2052/2126 745/2051/2124
f 1241/2022/2125 1272/2023/2127 683/2053/2128 714/2052/2126
f 1272/2023/2127 1303/2024/2129 652/2054/2130 683/2053/2128
f 1303/2024/2129 1334/2025/2131 621/2055/2132 652/2054/2130
f 1334/2025/2131 1365/2026/2133 590/2056/2134 621/2055/2132
f 1365/2026/2133 1396/2027/2135 559/2057/2136 590/2056/2134
f 1396/2027/2135 1427/2028/2137 528/2058/2138 559/2057/2136
f 1427/2028/2137 1458/2029/2139 497/2059/2140 528/2058/2138
f 1458/2029/2139 1489/2030/2141 466/2060/2142 497/2059/2140
f 1489/2030/2141 1520/2031/2143 435/2061/2144 466/2060/2142
f 1520/2031/2143 1551/2032/2145 404/2062/2146 435/2061/2144
f 1551/2032/2145 1582/2033/2147 373/2063/2148 404/2062/2146
f 1582/2033/2147 1613/2034/2149 342/2064/2150 373/2063/2148
f 1613/2034/2149 1644/2035/2151 311/2065/2152 342/2064/2150
f 1644/2035/2151 1675/2036/2153 280/2066/2154 311/2065/2152
f 1675/2036/2153 1706/2037/2155 249/2067/2156 280/2066/2154
f 1706/2037/2155 1737/2038/2157 218/2068/2158 249/2067/2156
f 1737/2038/2157 1768/2039/2159 187/2069/2160 218/2068/2158
f 1768/2039/2159 1799/2040/2161 156/2070/2162 187/2069/2160
f 1799/2040/2161 1830/2041/2163 125/2071/2164 156/2070/2162
f 1830/2041/2163 1861/2042/2165 94/2072/2166 125/2071/2164
f 1861/2042/2165 1892/2043/2167 63/2073/2168 94/2072/2166
f 1892/2043/2167 1/1/2169 32/32/2170 63/2073/2168
g default
v 3.719154 4.491359 -4.805202
v 3.793652 4.490353 -4.800505
v 3.865048 4.489495 -4.814653
v 3.934078 4.488512 -4.833383
v 4.002658 4.487579 -4.851291
v 4.071323 4.486728 -4.866961
v 4.140599 4.485688 -4.877494
v 4.209402 4.485084 -4.889511
v 4.278997 4.484314 -4.895520
v 4.348726 4.483002 -4.893921
v 4.414583 4.483490 -4.917693
v 4.481713 4.482129 -4.896033
v 4.551238 4.481786 -4.893987
v 4.618880 4.482311 -4.911726
v 4.683203 4.481164 -4.883110
v 4.752655 4.481820 -4.885397
v 4.819276 4.480961 -4.864504
v 4.887804 4.481967 -4.877673
v 4.948052 4.481048 -4.841324
v 5.016535 4.481937 -4.831486
v 5.084144 4.482394 -4.815587
v 5.151895 4.482956 -4.799765
v 5.213777 4.482585 -4.767649
v 5.282874 4.484152 -4.758208
v 5.343801 4.484397 -4.723143
v 5.408245 4.485360 -4.695602
v 5.471028 4.486205 -4.663564
v 5.533007 4.487111 -4.628892
v 5.595132 4.488074 -4.593337
v 5.660730 4.489728 -4.562133
v 5.733373 4.488993 -4.547359
v 3.719300 4.501925 -4.805661
v 3.793384 4.502718 -4.800942
v 3.864968 4.503798 -4.814295
v 3.934033 4.503662 -4.833217
v 4.002613 4.503434 -4.851294
v 4.071326 4.503151 -4.867027
v 4.140608 4.503211 -4.877743
v 4.209503 4.502676 -4.889874
v 4.279072 4.502717 -4.895619
v 4.348542 4.503489 -4.894622
v 4.415099 4.501386 -4.917944
v 4.481571 4.503170 -4.896197
v 4.550995 4.502960 -4.894991
v 4.619363 4.500878 -4.911908
v 4.683081 4.502946 -4.883650
v 4.752796 4.501700 -4.885741
v 4.819109 4.502986 -4.865326
v 4.888249 4.500728 -4.877899
v 4.947917 4.502825 -4.841782
v 5.016646 4.501792 -4.832173
v 5.084288 4.501466 -4.816204
v 5.151939 4.501269 -4.799951
v 5.213799 4.502816 -4.768374
v 5.283215 4.501004 -4.758646
v 5.343890 4.502145 -4.723513
v 5.408598 4.501873 -4.696208
v 5.471497 4.502013 -4.664109
v 5.533537 4.502208 -4.629503
v 5.595589 4.502175 -4.593907
v 5.660934 4.502017 -4.561874
v 5.734051 4.499532 -4.547967
v 3.735857 4.499414 -4.916096
v 3.788585 4.550438 -4.900443
v 3.855813 4.575631 -4.888964
v 3.927924 4.585219 -4.890425
v 3.999574 4.588900 -4.898749
v 4.070332 4.590430 -4.909000
v 4.140532 4.591327 -4.918295
v 4.210463 4.591285 -4.927190
v 4.280331 4.591735 -4.932026
v 4.349648 4.592751 -4.934334
v 4.417718 4.590388 -4.947540
v 4.485252 4.593092 -4.933604
v 4.553963 4.592487 -4.933852
v 4.622609 4.590030 -4.941721
v 4.688220 4.593002 -4.921312
v 4.756892 4.591229 -4.919147
v 4.823910 4.592953 -4.903884
v 4.892609 4.589723 -4.907890
v 4.955290 4.592818 -4.879310
v 5.023302 4.591187 -4.868342
v 5.090940 4.590744 -4.852373
v 5.157755 4.590573 -4.833291
v 5.222855 4.591756 -4.808914
v 5.290325 4.589714 -4.791402
v 5.354753 4.590313 -4.763249
v 5.420651 4.588882 -4.737542
v 5.486448 4.587340 -4.709599
v 5.553529 4.583892 -4.682987
v 5.623196 4.574903 -4.662817
v 5.692465 4.550960 -4.656414
v 5.745596 4.498266 -4.658968
v 3.773811 4.498150 -5.020992
v 3.802124 4.566200 -5.009196
v 3.854938 4.616059 -4.991868
v 3.921467 4.645166 -4.979025
v 3.993258 4.660491 -4.974093
v 4.065895 4.668292 -4.974946
v 4.138025 4.672465 -4.978617
v 4.209486 4.674664 -4.983114
v 4.280180 4.676557 -4.986057
v 4.350344 4.678271 -4.987671
v 4.420081 4.677293 -4.991696
v 4.488991 4.679905 -4.985436
v 4.557842 4.679319 -4.984642
v 4.626845 4.677570 -4.984624
v 4.694601 4.680199 -4.971935
v 4.763036 4.678550 -4.966997
v 4.830691 4.680064 -4.954820
v 4.899365 4.677217 -4.950084
v 4.965428 4.679709 -4.929978
v 5.033507 4.677437 -4.918403
v 5.101460 4.676569 -4.902503
v 5.169099 4.676168 -4.883852
v 5.236613 4.675837 -4.863558
v 5.304672 4.673619 -4.843668
v 5.372696 4.671494 -4.821358
v 5.441472 4.666819 -4.800027
v 5.511498 4.659054 -4.780664
v 5.582465 4.643917 -4.767131
v 5.650382 4.614520 -4.762826
v 5.705305 4.564139 -4.766264
v 5.733632 4.495735 -4.769979
v 3.817015 4.496193 -5.120773
v 3.832864 4.568615 -5.115264
v 3.869819 4.631747 -5.101057
v 3.925066 4.678825 -5.084908
v 3.991153 4.709894 -5.071491
v 4.062328 4.728969 -5.063280
v 4.134975 4.740448 -5.059446
v 4.207544 4.747640 -5.058068
v 4.279579 4.752593 -5.057335
v 4.351166 4.756029 -5.056579
v 4.422264 4.757723 -5.055564
v 4.492698 4.759910 -5.052001
v 4.562792 4.760285 -5.049023
v 4.632578 4.759980 -5.044812
v 4.701943 4.761276 -5.036547
v 4.771131 4.760638 -5.029292
v 4.839990 4.761112 -5.019046
v 4.909201 4.759622 -5.009314
v 4.977884 4.759938 -4.995097
v 5.047002 4.757519 -4.982687
v 5.116022 4.755711 -4.967715
v 5.185247 4.753817 -4.951009
v 5.254959 4.750880 -4.933604
v 5.325090 4.746371 -4.915879
v 5.395863 4.739228 -4.899016
v 5.467205 4.727569 -4.884495
v 5.538197 4.708278 -4.874558
v 5.605596 4.676779 -4.870977
v 5.662816 4.629084 -4.872731
v 5.701186 4.565633 -4.876734
v 5.717287 4.493572 -4.877714
v 3.857517 4.494039 -5.220983
v 3.867787 4.567840 -5.218915
v 3.895362 4.636819 -5.208784
v 3.939837 4.694516 -5.194380
v 3.997791 4.738978 -5.179033
v 4.064154 4.770517 -5.165655
v 4.134863 4.791900 -5.155809
v 4.207273 4.806287 -5.148917
v 4.280077 4.816059 -5.143938
v 4.352808 4.822777 -5.139863
v 4.425148 4.827468 -5.135812
v 4.497012 4.830643 -5.131482
v 4.568597 4.832530 -5.126580
v 4.639661 4.833601 -5.120609
v 4.710382 4.834372 -5.113284
v 4.780937 4.834384 -5.104976
v 4.851374 4.834070 -5.095356
v 4.921772 4.832962 -5.084622
v 4.992258 4.831366 -5.072761
v 5.062893 4.828505 -5.060294
v 5.133573 4.825047 -5.046647
v 5.204589 4.820392 -5.032269
v 5.276098 4.813791 -5.017888
v 5.347978 4.804301 -5.004213
v 5.419926 4.789951 -4.992638
v 5.490971 4.768492 -4.984367
v 5.558563 4.736614 -4.980643
v 5.618167 4.691559 -4.980941
v 5.664135 4.633192 -4.983607
v 5.692544 4.564524 -4.985830
v 5.703639 4.491188 -4.985340
v 3.890749 4.491837 -5.323886
v 3.901369 4.566507 -5.322040
v 3.924541 4.637990 -5.314514
v 3.962072 4.701298 -5.303038
v 4.012470 4.754426 -5.288703
v 4.073018 4.796150 -5.274206
v 4.140093 4.827168 -5.261225
v 4.210845 4.849495 -5.250614
v 4.283348 4.865346 -5.242045
v 4.356485 4.876631 -5.234879
v 4.429648 4.884696 -5.228381
v 4.502720 4.890191 -5.222164
v 4.575529 4.893941 -5.215659
v 4.647991 4.896346 -5.208571
v 4.720193 4.897515 -5.200826
v 4.792212 4.897728 -5.192145
v 4.864167 4.897013 -5.182615
v 4.936062 4.895357 -5.172142
v 5.008048 4.892375 -5.161119
v 5.080194 4.888141 -5.149418
v 5.152476 4.882280 -5.137307
v 5.224931 4.874119 -5.125215
v 5.297508 4.862758 -5.113787
v 5.369880 4.846894 -5.103807
v 5.441087 4.824483 -5.096290
v 5.509309 4.793308 -5.091980
v 5.571448 4.751251 -5.090818
v 5.623428 4.697591 -5.091986
v 5.661835 4.633770 -5.093541
v 5.685235 4.562571 -5.094589
v 5.693996 4.488744 -5.093205
v 3.929668 4.489299 -5.424102
v 3.934408 4.564131 -5.424971
v 3.954002 4.637336 -5.419439
v 3.987107 4.703847 -5.410395
v 4.032248 4.762330 -5.398058
v 4.087596 4.811066 -5.384170
v 4.150712 4.849788 -5.370501
v 4.218934 4.879341 -5.358067
v 4.290184 4.901358 -5.347269
v 4.362995 4.917567 -5.337883
v 4.436512 4.929368 -5.329437
v 4.510284 4.937757 -5.321523
v 4.584058 4.943610 -5.313705
v 4.657688 4.947393 -5.305678
v 4.731202 4.949349 -5.297290
v 4.804585 4.949796 -5.288317
v 4.877884 4.948763 -5.278794
v 4.951150 4.946232 -5.268702
v 5.024439 4.941913 -5.258241
v 5.097798 4.935649 -5.247490
v 5.171180 4.926908 -5.236791
v 5.244435 4.914874 -5.226578
v 5.317227 4.898476 -5.217426
v 5.388857 4.876291 -5.209998
v 5.457953 4.846551 -5.204898
v 5.522382 4.807641 -5.202270
v 5.579304 4.758778 -5.201697
v 5.626052 4.700298 -5.202153
v 5.660938 4.633816 -5.202667
v 5.682825 4.561361 -5.202867
v 5.692745 4.486395 -5.201571
v 3.949066 4.487003 -5.530452
v 3.959482 4.562705 -5.530026
v 3.980111 4.636766 -5.524691
v 4.011944 4.704830 -5.516967
v 4.054175 4.766333 -5.506368
v 4.105768 4.819637 -5.493874
v 4.165338 4.863877 -5.480722
v 4.230910 4.899238 -5.467918
v 4.300448 4.926611 -5.456134
v 4.372437 4.947375 -5.445474
v 4.445790 4.962854 -5.435744
v 4.519853 4.974138 -5.426646
v 4.594239 4.982097 -5.417850
v 4.668732 4.987306 -5.409082
v 4.743233 4.990127 -5.400163
v 4.817688 4.990835 -5.390952
v 4.892082 4.989510 -5.381424
v 4.966415 4.986090 -5.371597
v 5.040695 4.980337 -5.361614
v 5.114870 4.971921 -5.351649
v 5.188798 4.960248 -5.342022
v 5.262187 4.944458 -5.333132
v 5.334471 4.923438 -5.325462
v 5.404662 4.895837 -5.319471
v 5.471246 4.860233 -5.315477
v 5.532042 4.815713 -5.313299
v 5.584690 4.762048 -5.312439
v 5.626995 4.700011 -5.311941
v 5.656832 4.631333 -5.311094
v 5.672882 4.557969 -5.309943
v 5.674802 4.483592 -5.307600
v 3.980595 4.484200 -5.633074
v 3.989957 4.559847 -5.632618
v 4.008224 4.634508 -5.628805
v 4.037393 4.704050 -5.622693
v 4.076778 4.767886 -5.613902
v 4.125559 4.824418 -5.603012
v 4.182337 4.872607 -5.590868
v 4.245530 4.912268 -5.578519
v 4.313393 4.943937 -5.566565
v 4.384326 4.968549 -5.555391
v 4.457192 4.987272 -5.544986
v 4.531215 5.001157 -5.535178
v 4.605890 5.011066 -5.525742
v 4.680902 5.017624 -5.516461
v 4.756068 5.021257 -5.507178
v 4.831270 5.022216 -5.497785
v 4.906439 5.020622 -5.488247
v 4.981510 5.016371 -5.478603
v 5.056408 5.009235 -5.468979
v 5.131001 4.998817 -5.459568
v 5.205040 4.984493 -5.450652
v 5.278099 4.965410 -5.442572
v 5.349472 4.940503 -5.435704
v 5.418055 4.908570 -5.430352
v 5.482213 4.868642 -5.426552
v 5.540064 4.820158 -5.424151
v 5.589830 4.763368 -5.422518
v 5.630065 4.699442 -5.421162
v 5.659849 4.630036 -5.419581
v 5.678652 4.556264 -5.418111
v 5.687718 4.481122 -5.415355
v 4.016813 4.481545 -5.734016
v 4.018678 4.556960 -5.736087
v 4.034147 4.632102 -5.733251
v 4.061032 4.702690 -5.728627
v 4.098500 4.768141 -5.721231
v 4.145427 4.826882 -5.711703
v 4.200308 4.877863 -5.700753
v 4.261683 4.920702 -5.689149
v 4.328064 4.955642 -5.677558
v 4.397965 4.983339 -5.666389
v 4.470216 5.004748 -5.655764
v 4.543989 5.020839 -5.645622
v 4.618698 5.032439 -5.635833
v 4.693951 5.040186 -5.626246
v 4.769495 5.044523 -5.616735
v 4.845152 5.045720 -5.607219
v 4.920791 5.043867 -5.597678
v 4.996286 5.038886 -5.588156
v 5.071489 5.030532 -5.578769
v 5.146189 5.018384 -5.569700
v 5.220051 5.001822 -5.561189
v 5.292552 4.980030 -5.553505
v 5.362908 4.952042 -5.546914
v 5.429975 4.916865 -5.541613
v 5.492166 4.873801 -5.537532
v 5.547900 4.822631 -5.534423
v 5.595768 4.763837 -5.531926
v 5.634557 4.698545 -5.529729
v 5.663450 4.628228 -5.527534
v 5.681807 4.553862 -5.525774
v 5.689246 4.478525 -5.523278
v 4.022647 4.479168 -5.841719
v 4.032186 4.555681 -5.842807
v 4.050928 4.631740 -5.839597
v 4.079900 4.702537 -5.835126
v 4.118107 4.768418 -5.828434
v 4.164569 4.828195 -5.819985
v 4.218395 4.880931 -5.810214
v 4.278477 4.926012 -5.799576
v 4.343667 4.963373 -5.788672
v 4.412675 4.993459 -5.777833
v 4.484317 5.017006 -5.767320
v 4.557745 5.034888 -5.757131
v 4.632331 5.047889 -5.747218
v 4.707630 5.056633 -5.737490
v 4.783335 5.061564 -5.727862
v 4.859215 5.062952 -5.718279
v 4.935083 5.060884 -5.708738
v 5.010760 5.055290 -5.699286
v 5.086039 5.045919 -5.690029
v 5.160646 5.032351 -5.681125
v 5.234184 5.013978 -5.672768
v 5.306073 4.990036 -5.665161
v 5.375504 4.959657 -5.658522
v 5.441273 4.922083 -5.652877
v 5.501983 4.876775 -5.648215
v 5.556212 4.823694 -5.644267
v 5.602519 4.763378 -5.640892
v 5.639711 4.696903 -5.637948
v 5.666935 4.625768 -5.635298
v 5.683538 4.550921 -5.633682
v 5.688698 4.475870 -5.631056
v 4.044645 4.476406 -5.946760
v 4.055701 4.552949 -5.946430
v 4.073638 4.628999 -5.944053
v 4.101520 4.700358 -5.940459
v 4.138357 4.767101 -5.934970
v 4.183532 4.828081 -5.927835
v 4.236217 4.882285 -5.919321
v 4.295301 4.929049 -5.909793
v 4.359605 4.968222 -5.899714
v 4.427893 5.000095 -5.889452
v 4.499010 5.025283 -5.879276
v 4.572093 5.044569 -5.869253
v 4.646488 5.058682 -5.859390
v 4.721721 5.068226 -5.849651
v 4.797445 5.073637 -5.839993
v 4.873388 5.075181 -5.830388
v 4.949320 5.072944 -5.820848
v 5.025019 5.066860 -5.811418
v 5.100233 5.056677 -5.802192
v 5.174644 5.041985 -5.793299
v 5.247811 5.022197 -5.784890
v 5.319117 4.996603 -5.777114
v 5.387733 4.964439 -5.770133
v 5.452479 4.925100 -5.763923
v 5.512094 4.878294 -5.758426
v 5.565405 4.824186 -5.753506
v 5.611292 4.763387 -5.749141
v 5.648787 4.696716 -5.745395
v 5.676803 4.625284 -5.742311
v 5.694272 4.549754 -5.740405
v 5.703157 4.473461 -5.738023
v 4.084481 4.473431 -6.045872
v 4.085838 4.548945 -6.048597
v 4.100107 4.624557 -6.047508
v 4.124227 4.696505 -6.045558
v 4.158235 4.764441 -6.041573
v 4.201685 4.826731 -6.035727
v 4.253356 4.882207 -6.028377
v 4.311723 4.930273 -6.019892
v 4.375423 4.970793 -6.010708
v 4.443194 5.003985 -6.001141
v 4.513911 5.030395 -5.991453
v 4.586707 5.050736 -5.981741
v 4.660914 5.065697 -5.972057
v 4.736040 5.075854 -5.962409
v 4.811709 5.081635 -5.952788
v 4.887626 5.083301 -5.943194
v 4.963529 5.080939 -5.933649
v 5.039165 5.074483 -5.924196
v 5.114250 5.063686 -5.914917
v 5.188436 5.048143 -5.905908
v 5.261256 5.027295 -5.897285
v 5.332067 5.000474 -5.889162
v 5.400025 4.966980 -5.881663
v 5.463966 4.926273 -5.874769
v 5.522574 4.878120 -5.868474
v 5.574337 4.822582 -5.862729
v 5.617497 4.760167 -5.857574
v 5.650336 4.691988 -5.853031
v 5.671989 4.619853 -5.849088
v 5.683218 4.545064 -5.846106
v 5.682965 4.470613 -5.843427
v 4.082868 4.470792 -6.153562
v 4.091577 4.547554 -6.155637
v 4.108992 4.624212 -6.154385
v 4.136391 4.696146 -6.152526
v 4.172936 4.763680 -6.148873
v 4.217595 4.825706 -6.143720
v 4.269437 4.881417 -6.137312
v 4.327552 4.930133 -6.129858
v 4.390883 4.971513 -6.121616
v 4.458315 5.005608 -6.112838
v 4.528763 5.032870 -6.103737
v 4.601356 5.053950 -6.094441
v 4.675418 5.069507 -6.085030
v 4.750442 5.080101 -6.075545
v 4.826040 5.086142 -6.066012
v 4.901898 5.087902 -6.056451
v 4.977738 5.085452 -6.046891
v 5.053283 5.078740 -6.037377
v 5.128232 5.067510 -6.027970
v 5.202216 5.051372 -6.018744
v 5.274748 5.029782 -6.009785
v 5.345171 5.002102 -6.001179
v 5.412635 4.967681 -5.993032
v 5.476013 4.926046 -5.985371
v 5.534065 4.877087 -5.978240
v 5.585463 4.821027 -5.971656
v 5.628976 4.758556 -5.965674
v 5.663723 4.690689 -5.960261
v 5.689213 4.618779 -5.955404
v 5.705339 4.543355 -5.951896
v 5.713015 4.467895 -5.947531
v 4.098043 4.468063 -6.259799
v 4.108871 4.544660 -6.260565
v 4.126527 4.621029 -6.259592
v 4.153700 4.693000 -6.258223
v 4.189527 4.760786 -6.255494
v 4.233471 4.823316 -6.251445
v 4.284843 4.879555 -6.246152
v 4.342678 4.928782 -6.239771
v 4.405808 4.970671 -6.232493
v 4.473068 5.005280 -6.224536
v 4.543387 5.033038 -6.216075
v 4.615878 5.054554 -6.207253
v 4.689861 5.070464 -6.198169
v 4.764824 5.081314 -6.188894
v 4.840372 5.087527 -6.179478
v 4.916182 5.089340 -6.169960
v 4.991965 5.086849 -6.160378
v 5.067434 5.079974 -6.150770
v 5.142275 5.068493 -6.141181
v 5.216105 5.052004 -6.131664
v 5.288425 5.029974 -6.122279
v 5.358570 5.001790 -6.113095
v 5.425684 4.966868 -6.104198
v 5.488725 4.924814 -6.095676
v 5.546613 4.875641 -6.087590
v 5.598366 4.819754 -6.080001
v 5.643124 4.757752 -6.072919
v 5.679987 4.690356 -6.066426
v 5.707891 4.618393 -6.060688
v 5.725957 4.542400 -6.056695
v 5.735302 4.465690 -6.053067
v 4.128749 4.465045 -6.362441
v 4.130380 4.540865 -6.365139
v 4.145600 4.616981 -6.364638
v 4.170361 4.689145 -6.364257
v 4.204654 4.757436 -6.362507
v 4.247922 4.820385 -6.359442
v 4.299121 4.876891 -6.355145
v 4.356948 4.926309 -6.349752
v 4.420088 4.968372 -6.343400
v 4.487353 5.003149 -6.336245
v 4.557677 5.031067 -6.328430
v 4.630173 5.052728 -6.320094
v 4.704157 5.068755 -6.311356
v 4.779118 5.079699 -6.302306
v 4.854658 5.085964 -6.293019
v 4.930454 5.087802 -6.283547
v 5.006214 5.085299 -6.273934
v 5.081647 5.078384 -6.264213
v 5.156433 5.066821 -6.254414
v 5.230180 5.050218 -6.244567
v 5.302383 5.028042 -6.234713
v 5.372367 4.999687 -6.224907
v 5.439250 4.964575 -6.215232
v 5.502008 4.922303 -6.205823
v 5.559490 4.872805 -6.196795
v 5.610421 4.816315 -6.188303
v 5.653480 4.753418 -6.180481
v 5.687457 4.685161 -6.173462
v 5.711256 4.612948 -6.167422
v 5.724354 4.537743 -6.163238
v 5.725194 4.462574 -6.160049
v 4.122099 4.462538 -6.469625
v 4.133246 4.539693 -6.471508
v 4.151001 4.616206 -6.471476
v 4.178798 4.688108 -6.471302
v 4.215549 4.755635 -6.470001
v 4.260289 4.817801 -6.467634
v 4.312193 4.873773 -6.464215
v 4.370368 4.922875 -6.459775
v 4.433733 4.964693 -6.454316
v 4.501157 4.999262 -6.447944
v 4.571613 5.027006 -6.440748
v 4.644213 5.048519 -6.432878
v 4.718276 5.064428 -6.424469
v 4.793291 5.075289 -6.415635
v 4.868870 5.081511 -6.406469
v 4.944693 5.083337 -6.397038
v 5.020473 5.080862 -6.387392
v 5.095917 5.074001 -6.377555
v 5.170709 5.062536 -6.367544
v 5.244454 5.046058 -6.357365
v 5.316644 5.024031 -6.347039
v 5.386598 4.995838 -6.336612
v 5.453413 4.960889 -6.326149
v 5.516061 4.918724 -6.315839
v 5.573350 4.869232 -6.305846
v 5.624044 4.812753 -6.296448
v 5.667145 4.750046 -6.287852
v 5.701870 4.682195 -6.280253
v 5.727701 4.610487 -6.273728
v 5.744294 4.535468 -6.268997
v 5.752460 4.459755 -6.264467
v 4.148886 4.459381 -6.573437
v 4.151716 4.535305 -6.576324
v 4.167894 4.611506 -6.576801
v 4.193544 4.683387 -6.577542
v 4.228673 4.751218 -6.577249
v 4.272708 4.813610 -6.575888
v 4.324584 4.869493 -6.573440
v 4.383056 4.918226 -6.569926
v 4.446758 4.959547 -6.565301
v 4.514492 4.993570 -6.559637
v 4.585210 5.020804 -6.552985
v 4.658010 5.041871 -6.545517
v 4.732218 5.057427 -6.537385
v 4.807340 5.068026 -6.528726
v 4.882994 5.074091 -6.519657
v 4.958876 5.075877 -6.510258
v 5.034707 5.073459 -6.500582
v 5.110209 5.066782 -6.490647
v 5.185065 5.055582 -6.480449
v 5.258891 5.039470 -6.469974
v 5.331177 5.017898 -6.459215
v 5.401248 4.990220 -6.448199
v 5.468187 4.955822 -6.436974
v 5.530988 4.914202 -6.425766
v 5.588499 4.865252 -6.414804
v 5.639525 4.809311 -6.404454
v 5.683054 4.747056 -6.395015
v 5.718248 4.679471 -6.386765
v 5.744372 4.607721 -6.379894
v 5.760896 4.532412 -6.375243
v 5.766869 4.456930 -6.371408
v 4.143907 4.456780 -6.680720
v 4.155113 4.533557 -6.682837
v 4.173198 4.609495 -6.683616
v 4.201117 4.681024 -6.684768
v 4.238054 4.748037 -6.685051
v 4.283251 4.809535 -6.684456
v 4.335910 4.864570 -6.682875
v 4.395011 4.912430 -6.680211
v 4.459263 4.952816 -6.676339
v 4.527466 4.985907 -6.671271
v 4.598563 5.012274 -6.665057
v 4.671640 5.032587 -6.657890
v 4.746044 5.047537 -6.649950
v 4.821294 5.057705 -6.641405
v 4.897034 5.063508 -6.632393
v 4.972977 5.065217 -6.623015
v 5.048869 5.062906 -6.613321
v 5.124445 5.056503 -6.603323
v 5.199409 5.045762 -6.592996
v 5.273386 5.030272 -6.582295
v 5.345878 5.009470 -6.571182
v 5.416217 4.982686 -6.559652
v 5.483485 4.949255 -6.547729
v 5.546660 4.908629 -6.535649
v 5.604594 4.860629 -6.523715
v 5.656090 4.805562 -6.512347
v 5.700176 4.744097 -6.501934
v 5.735994 4.677074 -6.492859
v 5.762714 4.605528 -6.485503
v 5.779638 4.530203 -6.480825
v 5.787871 4.454255 -6.477061
v 4.167452 4.453645 -6.785569
v 4.169798 4.529329 -6.788511
v 4.185557 4.604950 -6.789914
v 4.211534 4.676290 -6.791822
v 4.247617 4.743320 -6.793036
v 4.292997 4.804426 -6.793334
v 4.346401 4.858581 -6.792603
v 4.406355 4.905224 -6.790681
v 4.471391 4.944238 -6.787419
v 4.540244 4.975971 -6.782778
v 4.611825 5.001080 -6.776843
v 4.685237 5.020310 -6.769834
v 4.759848 5.034399 -6.761969
v 4.835211 5.043945 -6.753453
v 4.911001 5.049387 -6.744452
v 4.986966 5.050985 -6.735083
v 5.062882 5.048820 -6.725394
v 5.138515 5.042814 -6.715390
v 5.213596 5.032717 -6.705020
v 5.287773 5.018109 -6.694205
v 5.360568 4.998411 -6.682865
v 5.431331 4.972911 -6.670948
v 5.499155 4.940878 -6.658461
v 5.562965 4.901663 -6.645613
v 5.621537 4.854894 -6.632792
v 5.673400 4.800617 -6.620499
v 5.716912 4.739305 -6.609311
v 5.750480 4.671990 -6.599774
v 5.772974 4.600415 -6.592434
v 5.784918 4.525742 -6.587821
v 5.785290 4.451262 -6.585186
v 4.157043 4.451072 -6.892207
v 4.166562 4.527406 -6.895513
v 4.185832 4.603028 -6.897168
v 4.215174 4.673687 -6.899667
v 4.254030 4.739337 -6.901481
v 4.301409 4.798899 -6.902538
v 4.356287 4.851397 -6.902556
v 4.417410 4.896243 -6.901252
v 4.483443 4.933369 -6.898425
v 4.553099 4.963265 -6.893998
v 4.625242 4.986679 -6.888135
v 4.698998 5.004466 -6.881098
v 4.773777 5.017416 -6.873162
v 4.849176 5.026155 -6.864574
v 4.924919 5.031125 -6.855531
v 5.000804 5.032583 -6.846161
v 5.076651 5.030612 -6.836514
v 5.152264 5.025125 -6.826580
v 5.227418 5.015869 -6.816285
v 5.301797 5.002419 -6.805507
v 5.374954 4.984175 -6.794115
v 5.446268 4.960384 -6.781998
v 5.514853 4.930224 -6.769127
v 5.579569 4.892956 -6.755634
v 5.639202 4.848064 -6.741957
v 5.692447 4.795547 -6.728607
v 5.738066 4.735965 -6.716185
v 5.775098 4.670227 -6.705112
v 5.802778 4.599589 -6.695745
v 5.820576 4.524724 -6.688911
v 5.830011 4.448939 -6.682811
v 4.160282 4.448177 -6.999476
v 4.171679 4.524172 -7.002047
v 4.191466 4.599117 -7.004261
v 4.221513 4.668971 -7.007335
v 4.261161 4.733690 -7.010036
v 4.309693 4.791855 -7.011950
v 4.365984 4.842446 -7.012697
v 4.428524 4.884962 -7.011847
v 4.495803 4.919576 -7.009170
v 4.566399 4.947020 -7.004662
v 4.639129 4.968232 -6.998593
v 4.713171 4.984182 -6.991290
v 4.787999 4.995704 -6.983106
v 4.863286 5.003440 -6.974329
v 4.938809 5.007830 -6.965182
v 5.014440 5.009121 -6.955811
v 5.090049 5.007400 -6.946256
v 5.165490 5.002555 -6.936492
v 5.240604 4.994344 -6.926425
v 5.315120 4.982342 -6.915881
v 5.388640 4.965940 -6.904680
v 5.460592 4.944345 -6.892632
v 5.530113 4.916633 -6.879626
v 5.596023 4.881908 -6.865714
v 5.656976 4.839430 -6.851253
v 5.711544 4.788958 -6.836847
v 5.758321 4.730871 -6.823195
v 5.796191 4.666123 -6.810991
v 5.824272 4.595938 -6.800820
v 5.842002 4.521381 -6.793805
v 5.849313 4.445883 -6.789271
v 4.175675 4.444832 -7.106058
v 4.178838 4.520099 -7.109131
v 4.196688 4.594476 -7.111781
v 4.226293 4.663772 -7.115647
v 4.267024 4.727266 -7.119159
v 4.317441 4.783407 -7.121824
v 4.375789 4.831200 -7.123005
v 4.440239 4.870470 -7.122235
v 4.509031 4.901756 -7.119270
v 4.580615 4.926047 -7.114265
v 4.653857 4.944503 -7.107619
v 4.728019 4.958202 -7.099753
v 4.802683 4.968008 -7.091109
v 4.877615 4.974558 -7.082008
v 4.952663 4.978276 -7.072695
v 5.027789 4.979387 -7.063332
v 5.102919 4.977952 -7.053930
v 5.177956 4.973876 -7.044467
v 5.252833 4.966910 -7.034820
v 5.327330 4.956645 -7.024766
v 5.401122 4.942486 -7.014083
v 5.473728 4.923621 -7.002481
v 5.544333 4.899036 -6.989733
v 5.611779 4.867608 -6.975764
v 5.674527 4.828319 -6.960771
v 5.730843 4.780485 -6.945433
v 5.778872 4.724170 -6.930660
v 5.816757 4.660296 -6.917523
v 5.843036 4.590629 -6.907015
v 5.857162 4.517022 -6.900527
v 5.858685 4.442704 -6.897307
v 4.161821 4.442276 -7.212446
v 4.173254 4.517856 -7.216269
v 4.194977 4.591343 -7.219843
v 4.228150 4.658911 -7.224492
v 4.272061 4.719916 -7.228772
v 4.325472 4.772741 -7.231925
v 4.386603 4.816539 -7.233147
v 4.453382 4.851391 -7.231844
v 4.523799 4.878312 -7.227975
v 4.596256 4.898664 -7.221886
v 4.669764 4.913808 -7.214188
v 4.743738 4.924881 -7.205392
v 4.817912 4.932729 -7.196048
v 4.892170 4.937942 -7.186470
v 4.966410 4.940921 -7.176923
v 5.040720 4.941842 -7.167589
v 5.115073 4.940742 -7.158421
v 5.189397 4.937535 -7.149410
v 5.263761 4.931978 -7.140424
v 5.337980 4.923695 -7.131165
v 5.411815 4.912141 -7.121417
v 5.484951 4.896541 -7.110778
v 5.556659 4.875815 -7.098858
v 5.625862 4.848662 -7.085396
v 5.690998 4.813728 -7.070373
v 5.750077 4.769929 -7.054315
v 5.801100 4.717012 -7.038300
v 5.842390 4.655829 -7.023579
v 5.872942 4.588130 -7.011249
v 5.892257 4.515220 -7.002370
v 5.901623 4.440231 -6.995965
v 4.164843 4.439057 -7.320190
v 4.173147 4.513779 -7.323829
v 4.195409 4.586378 -7.328200
v 4.230618 4.652257 -7.333739
v 4.277804 4.710143 -7.338727
v 4.334994 4.758389 -7.341949
v 4.399612 4.796527 -7.342392
v 4.468913 4.825509 -7.339579
v 4.540737 4.846981 -7.333878
v 4.613664 4.862709 -7.325939
v 4.686988 4.874120 -7.316624
v 4.760321 4.882363 -7.306476
v 4.833606 4.888117 -7.296185
v 4.906821 4.891937 -7.285958
v 4.979876 4.894189 -7.276085
v 5.053027 4.894919 -7.266823
v 5.126272 4.894174 -7.257971
v 5.199518 4.891879 -7.249598
v 5.273054 4.887789 -7.241567
v 5.346663 4.881603 -7.233436
v 5.420170 4.872864 -7.225098
v 5.493529 4.860930 -7.216068
v 5.566123 4.844732 -7.205787
v 5.637074 4.822891 -7.193766
v 5.704982 4.793727 -7.179597
v 5.767660 4.755577 -7.163476
v 5.822560 4.707416 -7.146461
v 5.867304 4.649570 -7.130191
v 5.900053 4.583545 -7.116339
v 5.920098 4.511495 -7.106608
v 5.926966 4.437185 -7.101305
v 4.156458 4.436248 -7.427574
v 4.167839 4.510491 -7.431807
v 4.193349 4.581232 -7.437066
v 4.232981 4.643993 -7.443557
v 4.285456 4.696665 -7.448746
v 4.347777 4.737793 -7.450949
v 4.416218 4.768110 -7.449056
v 4.487563 4.789800 -7.443261
v 4.560054 4.805111 -7.434567
v 4.632710 4.815938 -7.423910
v 4.705217 4.823557 -7.412426
v 4.777371 4.829114 -7.400521
v 4.849295 4.832876 -7.389071
v 4.921172 4.835360 -7.378072
v 4.992676 4.836975 -7.367940
v 5.064433 4.837440 -7.358765
v 5.136353 4.837057 -7.350253
v 5.208167 4.835690 -7.342650
v 5.280565 4.832941 -7.335766
v 5.353209 4.828809 -7.329054
v 5.425858 4.822746 -7.322598
v 5.498931 4.814465 -7.315898
v 5.571900 4.803097 -7.308246
v 5.644183 4.787329 -7.298966
v 5.714786 4.765349 -7.287150
v 5.781625 4.734854 -7.272386
v 5.841712 4.693765 -7.255203
v 5.891600 4.641181 -7.237459
v 5.928495 4.578430 -7.221691
v 5.951108 4.508132 -7.210604
v 5.959663 4.434335 -7.204412
v 4.148965 4.433327 -7.535359
v 4.161353 4.506524 -7.540063
v 4.191267 4.574742 -7.546583
v 4.237951 4.631880 -7.553604
v 4.297935 4.675783 -7.557622
v 4.365803 4.706625 -7.556322
v 4.437064 4.727321 -7.549755
v 4.509024 4.741158 -7.539206
v 4.580938 4.750443 -7.526432
v 4.652262 4.757017 -7.512408
v 4.723336 4.761282 -7.498465
v 4.793822 4.764693 -7.484878
v 4.864102 4.766593 -7.472116
v 4.934451 4.768053 -7.460325
v 5.004307 4.769466 -7.450254
v 5.074650 4.769326 -7.440716
v 5.145255 4.769387 -7.432714
v 5.215424 4.768881 -7.426088
v 5.286493 4.766816 -7.419986
v 5.357923 4.764700 -7.415173
v 5.429165 4.760830 -7.410723
v 5.501375 4.755633 -7.406663
v 5.573990 4.748782 -7.402506
v 5.646631 4.738977 -7.397423
v 5.719023 4.724771 -7.390003
v 5.789638 4.703712 -7.379028
v 5.855827 4.672740 -7.363914
v 5.913334 4.629022 -7.345687
v 5.957358 4.572157 -7.327725
v 5.984516 4.504416 -7.314196
v 5.994447 4.431450 -7.307074
v 4.134938 4.430657 -7.642687
v 4.152709 4.502098 -7.648738
v 4.192422 4.564775 -7.656655
v 4.250057 4.611084 -7.662493
v 4.317937 4.641313 -7.661268
v 4.389217 4.659706 -7.652725
v 4.460641 4.670800 -7.639006
v 4.531112 4.678133 -7.622644
v 4.601231 4.682501 -7.605327
v 4.670532 4.686137 -7.588327
v 4.739582 4.687783 -7.571849
v 4.808446 4.690250 -7.557549
v 4.877020 4.690361 -7.542785
v 4.946106 4.691285 -7.530579
v 5.014482 4.692930 -7.521426
v 5.083308 4.691615 -7.509568
v 5.152868 4.692441 -7.503371
v 5.221436 4.692540 -7.497922
v 5.291107 4.690263 -7.490586
v 5.361325 4.690293 -7.489464
v 5.430912 4.687801 -7.486623
v 5.501956 4.684584 -7.484622
v 5.573543 4.681395 -7.484433
v 5.645294 4.676239 -7.484089
v 5.717857 4.668770 -7.482590
v 5.790450 4.657235 -7.478426
v 5.861587 4.638521 -7.469443
v 5.927778 4.608217 -7.454422
v 5.982574 4.562119 -7.435239
v 6.019134 4.499951 -7.418026
v 6.034523 4.428671 -7.407851
v 4.118359 4.427915 -7.750205
v 4.148714 4.495255 -7.758212
v 4.204492 4.544413 -7.765495
v 4.272859 4.572368 -7.763585
v 4.343986 4.586850 -7.751287
v 4.414018 4.594355 -7.732428
v 4.482851 4.598489 -7.710835
v 4.550582 4.601889 -7.689729
v 4.618032 4.603071 -7.667771
v 4.685729 4.605469 -7.649905
v 4.752581 4.605221 -7.629991
v 4.820530 4.607691 -7.617361
v 4.887051 4.606290 -7.598439
v 4.955613 4.607251 -7.587831
v 5.023157 4.608697 -7.579876
v 5.089946 4.606501 -7.562078
v 5.158914 4.608215 -7.561327
v 5.226512 4.608175 -7.556343
v 5.294723 4.605672 -7.544123
v 5.363607 4.607407 -7.550255
v 5.431945 4.605697 -7.548174
v 5.502046 4.603496 -7.546290
v 5.572280 4.602812 -7.550925
v 5.642458 4.600183 -7.554279
v 5.713826 4.597074 -7.558387
v 5.785840 4.592635 -7.562434
v 5.858373 4.584663 -7.563371
v 5.930372 4.569832 -7.557984
v 5.997089 4.541582 -7.543699
v 6.049282 4.492631 -7.523803
v 6.077212 4.425990 -7.508458
v 4.106575 4.425855 -7.860149
v 4.161771 4.477105 -7.866213
v 4.231016 4.499371 -7.862346
v 4.300570 4.507784 -7.843406
v 4.367761 4.511466 -7.817240
v 4.433408 4.513336 -7.789250
v 4.498946 4.514441 -7.762215
v 4.564947 4.516083 -7.738965
v 4.629192 4.515940 -7.711117
v 4.696796 4.517667 -7.696301
v 4.761319 4.516799 -7.671383
v 4.829557 4.518708 -7.662832
v 4.893377 4.517338 -7.637251
v 4.962431 4.518136 -7.631829
v 5.030113 4.518630 -7.623565
v 5.094452 4.517329 -7.597848
v 5.163042 4.518703 -7.605688
v 5.230851 4.518092 -7.599564
v 5.297755 4.516785 -7.580705
v 5.365007 4.518335 -7.596126
v 5.433207 4.517064 -7.594056
v 5.502758 4.515764 -7.588408
v 5.571295 4.516086 -7.600173
v 5.640420 4.514610 -7.605523
v 5.710667 4.513394 -7.612625
v 5.780787 4.512075 -7.623141
v 5.851308 4.509720 -7.633659
v 5.922906 4.505718 -7.642308
v 5.994997 4.496711 -7.643893
v 6.062099 4.472947 -7.630650
v 6.114728 4.422876 -7.612661
v 4.118147 4.422327 -7.971758
v 4.190711 4.423120 -7.958214
v 4.256244 4.423243 -7.926663
v 4.318637 4.424046 -7.891014
v 4.380640 4.424829 -7.856411
v 4.443267 4.425465 -7.823905
v 4.507247 4.426149 -7.794879
v 4.573330 4.426853 -7.771670
v 4.633678 4.427025 -7.735909
v 4.703604 4.427751 -7.729059
v 4.765338 4.427845 -7.696197
v 4.835505 4.428327 -7.694936
v 4.896161 4.428251 -7.660125
v 4.966442 4.428481 -7.664181
v 5.035319 4.428507 -7.653466
v 5.097170 4.428583 -7.620183
v 5.165464 4.428707 -7.638182
v 5.234513 4.428150 -7.628435
v 5.300301 4.428105 -7.603506
v 5.366016 4.428302 -7.629322
v 5.435360 4.427340 -7.623826
v 5.504548 4.426741 -7.612031
v 5.571292 4.426641 -7.634452
v 5.640952 4.425772 -7.637453
v 5.710615 4.424881 -7.644826
v 5.779232 4.424196 -7.659955
v 5.848074 4.423237 -7.675319
v 5.916722 4.422297 -7.693831
v 5.985960 4.421373 -7.713390
v 6.057236 4.419874 -7.727499
v 6.130220 4.420493 -7.723839
v 4.118329 4.411760 -7.971310
v 4.190914 4.411343 -7.957397
v 4.256756 4.410307 -7.926487
v 4.318786 4.410476 -7.890820
v 4.380667 4.410750 -7.856126
v 4.443229 4.411088 -7.823552
v 4.507158 4.411287 -7.794606
v 4.573034 4.410971 -7.771042
v 4.633734 4.412325 -7.735447
v 4.703302 4.410849 -7.728535
v 4.765372 4.412332 -7.695593
v 4.835186 4.410706 -7.694276
v 4.896383 4.412660 -7.659375
v 4.966139 4.411253 -7.663950
v 5.034927 4.411040 -7.652503
v 5.097546 4.412896 -7.619553
v 5.165064 4.410829 -7.637863
v 5.234167 4.411278 -7.627351
v 5.300674 4.412642 -7.602992
v 5.365645 4.410183 -7.628899
v 5.435223 4.411013 -7.622702
v 5.504748 4.412021 -7.611565
v 5.571086 4.409966 -7.633979
v 5.641001 4.410378 -7.636586
v 5.710635 4.410354 -7.644180
v 5.779212 4.409538 -7.659250
v 5.848098 4.409151 -7.674461
v 5.916624 4.408705 -7.692842
v 5.985486 4.408460 -7.712283
v 6.056928 4.408033 -7.727622
v 6.130856 4.409965 -7.723022
v 4.106458 4.414177 -7.860126
v 4.161494 4.363236 -7.862411
v 4.229437 4.338179 -7.856792
v 4.298873 4.328735 -7.837270
v 4.366117 4.325160 -7.811196
v 4.431946 4.323724 -7.783370
v 4.497598 4.323047 -7.756691
v 4.563380 4.322277 -7.732035
v 4.627912 4.323248 -7.705191
v 4.695457 4.321318 -7.689966
v 4.760071 4.323102 -7.665040
v 4.828338 4.320719 -7.655904
v 4.892037 4.323549 -7.629569
v 4.961111 4.321278 -7.627513
v 5.028519 4.321360 -7.614444
v 5.093584 4.323924 -7.590950
v 5.161662 4.320542 -7.601049
v 5.229288 4.321765 -7.589662
v 5.296938 4.323631 -7.574726
v 5.363875 4.319965 -7.590855
v 5.432405 4.321820 -7.584470
v 5.501898 4.322815 -7.581949
v 5.570360 4.320754 -7.594294
v 5.640069 4.321943 -7.597576
v 5.710179 4.322154 -7.605561
v 5.780327 4.322321 -7.616282
v 5.850900 4.323678 -7.627063
v 5.922483 4.326771 -7.636519
v 5.994993 4.335417 -7.639071
v 6.063841 4.358850 -7.628298
v 6.114902 4.411277 -7.612264
v 4.116982 4.415451 -7.749635
v 4.147424 4.347305 -7.753802
v 4.202930 4.297534 -7.757453
v 4.270570 4.268558 -7.753268
v 4.341286 4.253351 -7.740036
v 4.411406 4.245753 -7.720897
v 4.480173 4.241495 -7.699399
v 4.548138 4.238798 -7.677605
v 4.615584 4.237675 -7.656031
v 4.683401 4.235905 -7.637654
v 4.750350 4.236224 -7.618119
v 4.818292 4.234190 -7.604561
v 4.884863 4.236231 -7.585354
v 4.953284 4.233989 -7.577344
v 5.020778 4.234142 -7.564768
v 5.088042 4.236206 -7.549850
v 5.156635 4.232705 -7.550843
v 5.224289 4.234630 -7.540267
v 5.292873 4.236010 -7.533042
v 5.361639 4.232890 -7.538730
v 5.430467 4.235708 -7.533242
v 5.500322 4.236676 -7.533733
v 5.570670 4.236345 -7.538505
v 5.641342 4.238582 -7.541070
v 5.712636 4.240783 -7.545792
v 5.784742 4.244465 -7.550385
v 5.857474 4.251837 -7.552158
v 5.929641 4.266577 -7.547975
v 5.996685 4.295548 -7.535525
v 6.049408 4.345553 -7.518686
v 6.076383 4.413871 -7.508210
v 4.134076 4.417299 -7.642065
v 4.150745 4.344795 -7.643418
v 4.190060 4.281666 -7.648018
v 4.247611 4.234668 -7.649905
v 4.314967 4.203683 -7.646416
v 4.385893 4.184635 -7.636598
v 4.457077 4.173039 -7.622266
v 4.527702 4.165852 -7.605473
v 4.597695 4.161268 -7.587986
v 4.667159 4.158167 -7.570626
v 4.736238 4.156147 -7.554239
v 4.805263 4.154407 -7.539401
v 4.873915 4.154305 -7.524512
v 4.942797 4.152679 -7.513443
v 5.011535 4.152513 -7.501848
v 5.080367 4.152994 -7.491527
v 5.149703 4.151182 -7.486279
v 5.218761 4.152845 -7.477667
v 5.288366 4.153476 -7.473017
v 5.358499 4.152980 -7.471575
v 5.428762 4.156071 -7.467230
v 5.499669 4.158124 -7.466349
v 5.571292 4.160937 -7.466311
v 5.643464 4.165584 -7.466157
v 5.716049 4.172441 -7.465445
v 5.788757 4.183688 -7.462275
v 5.860175 4.202492 -7.454661
v 5.926559 4.233549 -7.441647
v 5.981850 4.280850 -7.425911
v 6.018389 4.344062 -7.412559
v 6.034036 4.416106 -7.407722
v 4.148547 4.419383 -7.534901
v 4.158977 4.345523 -7.534390
v 4.188059 4.276584 -7.537293
v 4.234669 4.218876 -7.540211
v 4.294550 4.174364 -7.540686
v 4.362102 4.142802 -7.537132
v 4.433032 4.121468 -7.529049
v 4.504929 4.107230 -7.517601
v 4.576666 4.097596 -7.504203
v 4.648014 4.091092 -7.489846
v 4.719057 4.086507 -7.475632
v 4.789709 4.083396 -7.461780
v 4.860073 4.081269 -7.448866
v 4.930304 4.079634 -7.437185
v 5.000627 4.078831 -7.426453
v 5.070910 4.078334 -7.417260
v 5.141398 4.078054 -7.409434
v 5.212148 4.079197 -7.401957
v 5.283137 4.080256 -7.396514
v 5.354519 4.082412 -7.391667
v 5.426319 4.086246 -7.387043
v 5.498535 4.090791 -7.383522
v 5.571168 4.097468 -7.379836
v 5.644068 4.106948 -7.375453
v 5.716612 4.121023 -7.369164
v 5.787450 4.142305 -7.359807
v 5.853934 4.173953 -7.346838
v 5.911809 4.218734 -7.331875
v 5.955997 4.276782 -7.318006
v 5.983173 4.345294 -7.308883
v 5.994173 4.418545 -7.306714
v 4.156154 4.421560 -7.427098
v 4.165922 4.346958 -7.426018
v 4.190081 4.275416 -7.427592
v 4.229140 4.212022 -7.429407
v 4.281447 4.158808 -7.430806
v 4.343677 4.117063 -7.429817
v 4.411886 4.086095 -7.425703
v 4.483051 4.063838 -7.418329
v 4.555348 4.048024 -7.408535
v 4.627922 4.036903 -7.397163
v 4.700352 4.028944 -7.385140
v 4.772560 4.023312 -7.372957
v 4.844533 4.019312 -7.361241
v 4.916403 4.016767 -7.350055
v 4.988228 4.015153 -7.339772
v 5.060026 4.014391 -7.330517
v 5.131975 4.014796 -7.321972
v 5.204179 4.016163 -7.314318
v 5.276602 4.018556 -7.307528
v 5.349279 4.022744 -7.301002
v 5.422238 4.028592 -7.294862
v 5.495373 4.036619 -7.288727
v 5.568443 4.047943 -7.281928
v 5.640970 4.063732 -7.273833
v 5.711812 4.085988 -7.263656
v 5.778968 4.117088 -7.251061
v 5.839467 4.159095 -7.236899
v 5.889646 4.212627 -7.222958
v 5.926847 4.276180 -7.211931
v 5.949903 4.347062 -7.205109
v 5.959503 4.420984 -7.204030
v 4.164750 4.424027 -7.319798
v 4.170976 4.349067 -7.317875
v 4.192140 4.275793 -7.318611
v 4.226689 4.209296 -7.319238
v 4.273469 4.150808 -7.319999
v 4.330472 4.102043 -7.319706
v 4.394957 4.063308 -7.317259
v 4.464076 4.033746 -7.312320
v 4.535728 4.011740 -7.305036
v 4.608537 3.995574 -7.295977
v 4.681760 3.983756 -7.285829
v 4.755079 3.975229 -7.275139
v 4.828380 3.969201 -7.264416
v 4.901606 3.965225 -7.253914
v 4.974823 3.962836 -7.243911
v 5.048054 3.961954 -7.234520
v 5.121368 3.962666 -7.225651
v 5.194834 3.964850 -7.217368
v 5.268419 3.968827 -7.209484
v 5.342108 3.975013 -7.201735
v 5.415825 3.983657 -7.193988
v 5.489297 3.995590 -7.185816
v 5.562087 4.011899 -7.176746
v 5.633338 4.033985 -7.166312
v 5.701568 4.063636 -7.154246
v 5.764659 4.102552 -7.140898
v 5.819902 4.151563 -7.127364
v 5.864890 4.210276 -7.115354
v 5.898141 4.276859 -7.106423
v 5.918666 4.349270 -7.101026
v 5.927010 4.423518 -7.100807
v 4.161554 4.426372 -7.211853
v 4.172314 4.350619 -7.210298
v 4.192690 4.276674 -7.210235
v 4.224810 4.208444 -7.209860
v 4.267923 4.146788 -7.209624
v 4.320800 4.093378 -7.208917
v 4.381666 4.049061 -7.206862
v 4.448301 4.013646 -7.202974
v 4.518528 3.986230 -7.197101
v 4.590838 3.965417 -7.189522
v 4.664231 3.949859 -7.180703
v 4.738160 3.938442 -7.171116
v 4.812317 3.930298 -7.161189
v 4.886577 3.924855 -7.151218
v 4.960897 3.921697 -7.141443
v 5.035260 3.920635 -7.131983
v 5.109670 3.921657 -7.122846
v 5.184124 3.924794 -7.114012
v 5.258561 3.930303 -7.105351
v 5.332890 3.938594 -7.096663
v 5.406913 3.950158 -7.087727
v 5.480225 3.965857 -7.078225
v 5.552176 3.986791 -7.067835
v 5.621708 4.014282 -7.056354
v 5.687273 4.049752 -7.043857
v 5.746828 4.094117 -7.031031
v 5.798356 4.147556 -7.018867
v 5.840401 4.209191 -7.008611
v 5.871846 4.277407 -7.001053
v 5.891733 4.350753 -6.996368
v 5.901309 4.425936 -6.995595
v 4.175481 4.429085 -7.105672
v 4.177618 4.353735 -7.103226
v 4.194248 4.278964 -7.102341
v 4.222897 4.209226 -7.100925
v 4.262877 4.145192 -7.099704
v 4.312739 4.088527 -7.098198
v 4.370703 4.040239 -7.095906
v 4.434926 4.000486 -7.092193
v 4.503561 3.968724 -7.086926
v 4.574978 3.944012 -7.080134
v 4.648085 3.925170 -7.072121
v 4.722162 3.911130 -7.063251
v 4.796777 3.901027 -7.053878
v 4.871692 3.894239 -7.044284
v 4.946771 3.890330 -7.034679
v 5.021928 3.889072 -7.025193
v 5.097108 3.890413 -7.015856
v 5.172238 3.894422 -7.006646
v 5.247202 3.901361 -6.997461
v 5.321825 3.911645 -6.988139
v 5.395800 3.925865 -6.978478
v 5.468620 3.944861 -6.968259
v 5.539518 3.969678 -6.957301
v 5.607364 4.001478 -6.945588
v 5.670586 4.041223 -6.933478
v 5.727365 4.089540 -6.921589
v 5.775934 4.146338 -6.910969
v 5.814529 4.210600 -6.902557
v 5.841652 4.280527 -6.897249
v 5.856431 4.354405 -6.894981
v 5.858512 4.428788 -6.896830
v 4.160423 4.431524 -6.998909
v 4.168980 4.355291 -6.995843
v 4.188058 4.279792 -6.994722
v 4.217558 4.209502 -6.992543
v 4.256856 4.144435 -6.990442
v 4.305018 4.085880 -6.988032
v 4.360880 4.034897 -6.985017
v 4.423116 3.991967 -6.981016
v 4.490205 3.956910 -6.975767
v 4.560613 3.929087 -6.969238
v 4.633176 3.907533 -6.961605
v 4.707100 3.891274 -6.953131
v 4.781853 3.879480 -6.944096
v 4.857096 3.871514 -6.934743
v 4.932616 3.866934 -6.925258
v 5.008261 3.865497 -6.915762
v 5.083909 3.867111 -6.906306
v 5.159426 3.871889 -6.896865
v 5.234638 3.880071 -6.887368
v 5.309292 3.892089 -6.877687
v 5.383005 3.908554 -6.867676
v 5.455204 3.930267 -6.857202
v 5.525072 3.958174 -6.846205
v 5.591462 3.993239 -6.834781
v 5.652877 4.036143 -6.823392
v 5.707813 4.087149 -6.812668
v 5.754904 4.145846 -6.803316
v 5.793003 4.211107 -6.795890
v 5.821525 4.281427 -6.790844
v 5.839903 4.355953 -6.787833
v 5.849724 4.431164 -6.788683
v 4.156645 4.434179 -6.891637
v 4.166942 4.357852 -6.889239
v 4.185033 4.282141 -6.887535
v 4.213204 4.211154 -6.884745
v 4.250824 4.144965 -6.881717
v 4.297202 4.084860 -6.878351
v 4.351375 4.031882 -6.874452
v 4.412016 3.986633 -6.869851
v 4.477756 3.949129 -6.864240
v 4.547213 3.918900 -6.857624
v 4.619158 3.895197 -6.850041
v 4.692768 3.877142 -6.841707
v 4.767443 3.863950 -6.832828
v 4.842778 3.855000 -6.823603
v 4.918493 3.849852 -6.814188
v 4.994380 3.848245 -6.804697
v 5.070257 3.850108 -6.795175
v 5.145939 3.855516 -6.785619
v 5.221196 3.864730 -6.775977
v 5.295722 3.878175 -6.766163
v 5.369084 3.896453 -6.756086
v 5.440670 3.920319 -6.745694
v 5.509649 3.950623 -6.734977
v 5.574868 3.988077 -6.724211
v 5.635031 4.033134 -6.713764
v 5.688983 4.085729 -6.704233
v 5.735608 4.145308 -6.696050
v 5.773861 4.211128 -6.689541
v 5.802534 4.282193 -6.685089
v 5.820541 4.357584 -6.682405
v 5.829484 4.433673 -6.682480
v 4.167466 4.437084 -6.785181
v 4.168451 4.361383 -6.782420
v 4.183493 4.285575 -6.780502
v 4.208703 4.213913 -6.777014
v 4.244062 4.146609 -6.773213
v 4.288778 4.085161 -6.768974
v 4.341565 4.030640 -6.764211
v 4.400983 3.983655 -6.758831
v 4.465666 3.944302 -6.752674
v 4.534286 3.912262 -6.745697
v 4.605644 3.886905 -6.737931
v 4.678885 3.867444 -6.729530
v 4.753370 3.853144 -6.720654
v 4.828650 3.843405 -6.711457
v 4.904397 3.837793 -6.702067
v 4.980355 3.836051 -6.692577
v 5.056299 3.838099 -6.683036
v 5.131999 3.844014 -6.673451
v 5.207187 3.854047 -6.663795
v 5.281520 3.868620 -6.654018
v 5.354537 3.888313 -6.644085
v 5.425599 3.913837 -6.633998
v 5.493867 3.945955 -6.623799
v 5.558200 3.985276 -6.613791
v 5.617323 4.032147 -6.604358
v 5.669870 4.086545 -6.596009
v 5.714170 4.147996 -6.589283
v 5.748530 4.215484 -6.584729
v 5.771831 4.287291 -6.582671
v 5.784170 4.361969 -6.582263
v 5.785168 4.436522 -6.584615
v 4.143800 4.439624 -6.680042
v 4.153837 4.362754 -6.676587
v 4.171051 4.286542 -6.673975
v 4.198181 4.214859 -6.669846
v 4.234424 4.147591 -6.665212
v 4.278983 4.085816 -6.660063
v 4.331074 4.030510 -6.654357
v 4.389654 3.982397 -6.648107
v 4.453530 3.941738 -6.641219
v 4.521467 3.908385 -6.633696
v 4.592312 3.881808 -6.625558
v 4.665197 3.861295 -6.616930
v 4.739458 3.846156 -6.607929
v 4.814612 3.835812 -6.598672
v 4.890300 3.829849 -6.589258
v 4.966231 3.827996 -6.579763
v 5.042149 3.830183 -6.570233
v 5.117793 3.836478 -6.560684
v 5.192869 3.847132 -6.551111
v 5.267013 3.862555 -6.541504
v 5.339740 3.883309 -6.531868
v 5.410397 3.910069 -6.522248
v 5.478129 3.943540 -6.512725
v 5.541822 3.984260 -6.503593
v 5.600259 4.032399 -6.495173
v 5.652243 4.087725 -6.487853
v 5.696696 4.149517 -6.481944
v 5.732887 4.216706 -6.477737
v 5.760270 4.288066 -6.475476
v 5.778101 4.363117 -6.474723
v 5.788190 4.439072 -6.476583
v 4.148832 4.442461 -6.573046
v 4.150453 4.366530 -6.570015
v 4.165818 4.290166 -6.567314
v 4.190547 4.218100 -6.562657
v 4.224949 4.150065 -6.557343
v 4.268389 4.087485 -6.551369
v 4.319754 4.031433 -6.544773
v 4.377726 3.982523 -6.537616
v 4.441033 3.941004 -6.529920
v 4.508467 3.906770 -6.521722
v 4.578915 3.879359 -6.513089
v 4.651505 3.858119 -6.504112
v 4.725558 3.842394 -6.494886
v 4.800574 3.831632 -6.485496
v 4.876171 3.825412 -6.476015
v 4.952037 3.823481 -6.466503
v 5.027894 3.825764 -6.457000
v 5.103466 3.832319 -6.447532
v 5.178440 3.843405 -6.438116
v 5.252438 3.859418 -6.428772
v 5.324965 3.880905 -6.419537
v 5.395353 3.908512 -6.410490
v 5.462747 3.942891 -6.401741
v 5.526057 3.984507 -6.393530
v 5.584143 4.033413 -6.386114
v 5.635869 4.089322 -6.379776
v 5.680205 4.151546 -6.374763
v 5.716246 4.219145 -6.371286
v 5.743180 4.290977 -6.369555
v 5.760190 4.366348 -6.368947
v 5.766703 4.441960 -6.370878
v 4.121953 4.444980 -6.468918
v 4.132341 4.367804 -6.465101
v 4.149477 4.291294 -6.461666
v 4.176418 4.219231 -6.456211
v 4.212352 4.151572 -6.450023
v 4.256331 4.089244 -6.443096
v 4.307551 4.033091 -6.435514
v 4.365148 3.983827 -6.427381
v 4.428058 3.941850 -6.418798
v 4.495131 3.907120 -6.409847
v 4.565300 3.879226 -6.400626
v 4.637674 3.857564 -6.391218
v 4.711571 3.841502 -6.381695
v 4.786475 3.830489 -6.372117
v 4.861991 3.824116 -6.362535
v 4.937798 3.822140 -6.352993
v 5.013605 3.824471 -6.343525
v 5.089123 3.831189 -6.334167
v 5.164036 3.842522 -6.324951
v 5.237959 3.858871 -6.315924
v 5.310390 3.880777 -6.307151
v 5.380659 3.908861 -6.298731
v 5.447896 3.943733 -6.290797
v 5.511029 3.985828 -6.283531
v 5.568915 4.035187 -6.277140
v 5.620382 4.091495 -6.271819
v 5.664393 4.154045 -6.267727
v 5.700108 4.221844 -6.264978
v 5.726832 4.293702 -6.263587
v 5.743870 4.368932 -6.262741
v 5.752131 4.444690 -6.264038
v 4.128532 4.448006 -6.362057
v 4.129928 4.372193 -6.358838
v 4.144609 4.296135 -6.355121
v 4.168422 4.224010 -6.349348
v 4.201675 4.155594 -6.342546
v 4.244030 4.092484 -6.334845
v 4.294513 4.035846 -6.326364
v 4.351784 3.986331 -6.317284
v 4.414462 3.944165 -6.307805
v 4.481345 3.909277 -6.298078
v 4.551364 3.881237 -6.288230
v 4.623626 3.859444 -6.278350
v 4.697438 3.843276 -6.268493
v 4.772282 3.832186 -6.258698
v 4.847757 3.825771 -6.248994
v 4.923535 3.823779 -6.239410
v 4.999324 3.826127 -6.229978
v 5.074833 3.832885 -6.220737
v 5.149745 3.844292 -6.211737
v 5.223673 3.860739 -6.203045
v 5.296120 3.882760 -6.194748
v 5.366415 3.910973 -6.186959
v 5.433681 3.945959 -6.179823
v 5.496878 3.988151 -6.173458
v 5.554797 4.037667 -6.168029
v 5.606143 4.094212 -6.163640
v 5.649647 4.157143 -6.160406
v 5.684177 4.225352 -6.158398
v 5.708758 4.297384 -6.157641
v 5.722884 4.372561 -6.157445
v 5.725258 4.447528 -6.159491
v 4.098290 4.450673 -6.259163
v 4.106074 4.373938 -6.254490
v 4.123166 4.297252 -6.250319
v 4.149635 4.225115 -6.243523
v 4.185316 4.157410 -6.235713
v 4.229136 4.095081 -6.226946
v 4.280192 4.039000 -6.217436
v 4.337578 3.989801 -6.207354
v 4.400256 3.947879 -6.196959
v 4.467104 3.913200 -6.186437
v 4.537101 3.885341 -6.175957
v 4.609348 3.863707 -6.165600
v 4.683155 3.847669 -6.155405
v 4.757998 3.836678 -6.145388
v 4.833478 3.830317 -6.135558
v 4.909269 3.828347 -6.125928
v 4.985081 3.830673 -6.116523
v 5.060627 3.837376 -6.107391
v 5.135595 3.848674 -6.098594
v 5.209608 3.864978 -6.090222
v 5.282170 3.886817 -6.082382
v 5.352622 3.914805 -6.075198
v 5.420085 3.949524 -6.068830
v 5.483557 3.991405 -6.063339
v 5.541944 4.040477 -6.058822
v 5.594148 4.096374 -6.055264
v 5.639310 4.158416 -6.052650
v 5.676630 4.225749 -6.050958
v 5.705260 4.297450 -6.050353
v 5.724227 4.373120 -6.050354
v 5.735523 4.449536 -6.052536
v 4.082426 4.453502 -6.153005
v 4.092644 4.376965 -6.149043
v 4.109739 4.300759 -6.144459
v 4.136127 4.228987 -6.137310
v 4.171196 4.161396 -6.128763
v 4.214463 4.099165 -6.119118
v 4.265264 4.043266 -6.108604
v 4.322670 3.994452 -6.097517
v 4.385452 3.953042 -6.086215
v 4.452419 3.918922 -6.074924
v 4.522536 3.891585 -6.063849
v 4.594877 3.870406 -6.053051
v 4.668757 3.854735 -6.042550
v 4.743657 3.844011 -6.032337
v 4.819186 3.837825 -6.022396
v 4.895021 3.835906 -6.012722
v 4.970887 3.838182 -6.003335
v 5.046507 3.844704 -5.994284
v 5.121583 3.855731 -5.985652
v 5.195745 3.871650 -5.977548
v 5.268511 3.893010 -5.970103
v 5.339229 3.920443 -5.963461
v 5.407015 3.954552 -5.957800
v 5.470857 3.995815 -5.953145
v 5.529607 4.044326 -5.949556
v 5.582031 4.099772 -5.946970
v 5.626973 4.161629 -5.945329
v 5.663284 4.229180 -5.944568
v 5.689821 4.301351 -5.944709
v 5.705926 4.377159 -5.945190
v 5.712259 4.452842 -5.947171
v 4.084439 4.456567 -6.045483
v 4.084779 4.381068 -6.042526
v 4.098556 4.305447 -6.038117
v 4.121834 4.233597 -6.030761
v 4.155160 4.165788 -6.021717
v 4.197983 4.103625 -6.011225
v 4.249060 4.048271 -5.999746
v 4.306908 4.000274 -5.987690
v 4.370088 3.959803 -5.975531
v 4.437386 3.926621 -5.963549
v 4.507767 3.900154 -5.951958
v 4.580308 3.879733 -5.940798
v 4.654331 3.864675 -5.930063
v 4.729330 3.854400 -5.919709
v 4.804924 3.848481 -5.909690
v 4.880815 3.846656 -5.899982
v 4.956739 3.848835 -5.890599
v 5.032445 3.855089 -5.881591
v 5.107652 3.865659 -5.873059
v 5.182013 3.880953 -5.865134
v 5.255064 3.901531 -5.857977
v 5.326169 3.928064 -5.851757
v 5.394437 3.961219 -5.846663
v 5.458808 4.001582 -5.842719
v 5.517971 4.049444 -5.839927
v 5.570269 4.104728 -5.838242
v 5.613895 4.166947 -5.837673
v 5.647187 4.234982 -5.838174
v 5.669546 4.306926 -5.839519
v 5.681671 4.381477 -5.840595
v 5.683119 4.455821 -5.842819
v 4.044917 4.459203 -5.946057
v 4.052844 4.382531 -5.940541
v 4.070425 4.306242 -5.934713
v 4.097807 4.235007 -5.925756
v 4.134589 4.168586 -5.915236
v 4.179643 4.108033 -5.903507
v 4.231987 4.054136 -5.890912
v 4.290621 4.007524 -5.877898
v 4.354403 3.968429 -5.864933
v 4.422208 3.936588 -5.852362
v 4.492986 3.911369 -5.840372
v 4.565813 3.892031 -5.828971
v 4.640020 3.877843 -5.818108
v 4.715124 3.868200 -5.807695
v 4.790767 3.862663 -5.797655
v 4.866676 3.860964 -5.787936
v 4.942620 3.863015 -5.778544
v 5.018380 3.868883 -5.769532
v 5.093706 3.878815 -5.761014
v 5.168281 3.893229 -5.753150
v 5.241671 3.912705 -5.746140
v 5.313260 3.937960 -5.740185
v 5.382174 3.969734 -5.735503
v 5.447323 4.008681 -5.732144
v 5.507460 4.055154 -5.730037
v 5.561241 4.109000 -5.729073
v 5.607514 4.169580 -5.729137
v 5.645430 4.235944 -5.730202
v 5.674233 4.306803 -5.732096
v 5.692883 4.381822 -5.734243
v 5.703403 4.458018 -5.737619
v 4.022279 4.461998 -5.841187
v 4.033059 4.385664 -5.836046
v 4.051452 4.310176 -5.829500
v 4.079352 4.239613 -5.819841
v 4.116281 4.173890 -5.808424
v 4.161633 4.114187 -5.795642
v 4.214602 4.061536 -5.781993
v 4.274033 4.016551 -5.768075
v 4.338632 3.979299 -5.754427
v 4.407155 3.949282 -5.741433
v 4.478461 3.925753 -5.729222
v 4.551636 3.907860 -5.717755
v 4.626029 3.894817 -5.706915
v 4.701193 3.885998 -5.696561
v 4.776810 3.880955 -5.686575
v 4.852643 3.879419 -5.676880
v 4.928509 3.881301 -5.667472
v 5.004230 3.886668 -5.658398
v 5.079604 3.895770 -5.649793
v 5.154356 3.909029 -5.641842
v 5.228098 3.927050 -5.634789
v 5.300251 3.950596 -5.628890
v 5.369969 3.980504 -5.624391
v 5.436111 4.017538 -5.621451
v 5.497381 4.062257 -5.619971
v 5.552359 4.114722 -5.619824
v 5.599590 4.174441 -5.620784
v 5.637803 4.240390 -5.622587
v 5.665928 4.311272 -5.625134
v 5.683205 4.385948 -5.627560
v 5.688370 4.461223 -5.630550
v 4.016737 4.465456 -5.733613
v 4.018604 4.390085 -5.729936
v 4.033899 4.315280 -5.723619
v 4.059906 4.244980 -5.713603
v 4.096453 4.179787 -5.701385
v 4.142511 4.121280 -5.687554
v 4.196684 4.070491 -5.672883
v 4.257396 4.027822 -5.658188
v 4.323178 3.993064 -5.644081
v 4.392641 3.965480 -5.630926
v 4.464578 3.944137 -5.618759
v 4.538109 3.928077 -5.607465
v 4.612624 3.916468 -5.596849
v 4.687736 3.908668 -5.586703
v 4.763181 3.904231 -5.576873
v 4.838776 3.902896 -5.567250
v 4.914390 3.904562 -5.557820
v 4.989906 3.909314 -5.548626
v 5.065180 3.917388 -5.539817
v 5.139998 3.929206 -5.531601
v 5.214039 3.945384 -5.524269
v 5.286783 3.966735 -5.518142
v 5.357429 3.994205 -5.513546
v 5.424815 4.028746 -5.510740
v 5.487511 4.071160 -5.509733
v 5.543927 4.121733 -5.510306
v 5.592448 4.180005 -5.512050
v 5.631824 4.244922 -5.514581
v 5.661291 4.314932 -5.517483
v 5.680320 4.388865 -5.519757
v 5.689348 4.463977 -5.522796
v 3.980837 4.468269 -5.632464
v 3.987913 4.392629 -5.626925
v 4.006436 4.318129 -5.619338
v 4.035330 4.249045 -5.607942
v 4.074402 4.185698 -5.594316
v 4.122675 4.129587 -5.579226
v 4.178850 4.081693 -5.563610
v 4.241398 4.042264 -5.548358
v 4.308711 4.010807 -5.534146
v 4.379258 3.986347 -5.521211
v 4.451845 3.967737 -5.509459
v 4.525649 3.953916 -5.498662
v 4.600132 3.944023 -5.488527
v 4.674997 3.937424 -5.478772
v 4.750050 3.933691 -5.469223
v 4.825166 3.932598 -5.459734
v 4.900281 3.934011 -5.450287
v 4.975343 3.938039 -5.440908
v 5.050282 3.944892 -5.431765
v 5.124949 3.954980 -5.423074
v 5.199129 3.968911 -5.415171
v 5.272392 3.987526 -5.408453
v 5.344021 4.011872 -5.403356
v 5.412908 4.043116 -5.400260
v 5.477494 4.082296 -5.399361
v 5.535969 4.129997 -5.400382
v 5.586570 4.185997 -5.402863
v 5.627826 4.249212 -5.406135
v 5.658748 4.318103 -5.409521
v 5.678515 4.391680 -5.412180
v 5.687372 4.466833 -5.414889
v 3.948900 4.470949 -5.529933
v 3.959794 4.395480 -5.523568
v 3.980105 4.321974 -5.514696
v 4.011065 4.254329 -5.501956
v 4.052413 4.193224 -5.486918
v 4.103229 4.140241 -5.470601
v 4.162027 4.096278 -5.454250
v 4.226950 4.061232 -5.438913
v 4.296063 4.034108 -5.425161
v 4.367721 4.013549 -5.413040
v 4.440835 3.998211 -5.402214
v 4.514716 3.987000 -5.392329
v 4.588907 3.979055 -5.382993
v 4.663253 3.973804 -5.373849
v 4.737628 3.970854 -5.364731
v 4.811962 3.970014 -5.355436
v 4.886267 3.971155 -5.345986
v 4.960558 3.974374 -5.336349
v 5.034841 3.979856 -5.326733
v 5.109030 3.987976 -5.317327
v 5.183047 3.999284 -5.308506
v 5.256591 4.014624 -5.300727
v 5.329090 4.035101 -5.294563
v 5.399576 4.062050 -5.290549
v 5.466509 4.096821 -5.289073
v 5.527833 4.140481 -5.290091
v 5.581261 4.193307 -5.293021
v 5.624437 4.254571 -5.297000
v 5.655141 4.322716 -5.301225
v 5.671985 4.395752 -5.304426
v 5.674821 4.470011 -5.307111
v 3.929710 4.474383 -5.423698
v 3.934610 4.399724 -5.418869
v 3.954191 4.327085 -5.409483
v 3.986447 4.261026 -5.395497
v 4.030705 4.202965 -5.378980
v 4.085167 4.154544 -5.361670
v 4.147531 4.116192 -5.345194
v 4.215278 4.086978 -5.330676
v 4.286208 4.065252 -5.318325
v 4.358764 4.049257 -5.307847
v 4.432099 4.037575 -5.298585
v 4.505732 4.029177 -5.290111
v 4.579298 4.023302 -5.281921
v 4.652795 4.019448 -5.273616
v 4.726182 4.017275 -5.265125
v 4.799383 4.016706 -5.256090
v 4.872522 4.017540 -5.246642
v 4.945690 4.019938 -5.236641
v 5.018963 4.024007 -5.226406
v 5.092256 4.030053 -5.216039
v 5.165675 4.038501 -5.205922
v 5.239040 4.050168 -5.196535
v 5.311996 4.066109 -5.188571
v 5.383845 4.087722 -5.182729
v 5.453277 4.116687 -5.179739
v 5.518133 4.154621 -5.179881
v 5.575731 4.202484 -5.182734
v 5.623363 4.260053 -5.187349
v 5.658970 4.325778 -5.192568
v 5.681628 4.397721 -5.197044
v 5.692886 4.472394 -5.201146
v 3.890941 4.477072 -5.323329
v 3.901204 4.402709 -5.316105
v 3.924603 4.331896 -5.304626
v 3.961378 4.269156 -5.288537
v 4.010846 4.216400 -5.270511
v 4.070565 4.175099 -5.252913
v 4.137195 4.144516 -5.237752
v 4.207666 4.122533 -5.225561
v 4.279989 4.106930 -5.215924
v 4.352913 4.095741 -5.208076
v 4.425980 4.087737 -5.201056
v 4.498985 4.082041 -5.194497
v 4.571445 4.078059 -5.187778
v 4.643830 4.075583 -5.180474
v 4.715912 4.074138 -5.172693
v 4.787689 4.073840 -5.163938
v 4.859379 4.074255 -5.154463
v 4.931149 4.075937 -5.144067
v 5.003115 4.078632 -5.133152
v 5.075068 4.082739 -5.121646
v 5.147315 4.088463 -5.109909
v 5.219837 4.096450 -5.098329
v 5.292507 4.107512 -5.087722
v 5.365029 4.123013 -5.078893
v 5.436496 4.144804 -5.072982
v 5.505022 4.175079 -5.070772
v 5.567696 4.215895 -5.072548
v 5.620653 4.268259 -5.077379
v 5.660397 4.331043 -5.083592
v 5.684947 4.401626 -5.088982
v 5.693838 4.475434 -5.092762
v 3.857757 4.480052 -5.220488
v 3.868485 4.406885 -5.212807
v 3.895658 4.338545 -5.199056
v 3.938982 4.281261 -5.180694
v 3.995969 4.237215 -5.161953
v 4.061952 4.206167 -5.146348
v 4.132488 4.185179 -5.135027
v 4.204788 4.171058 -5.127240
v 4.277544 4.161395 -5.121685
v 4.349935 4.154328 -5.117269
v 4.422254 4.149635 -5.112978
v 4.494159 4.146241 -5.108531
v 4.565118 4.143597 -5.103130
v 4.636201 4.142534 -5.097169
v 4.706928 4.141448 -5.089920
v 4.777225 4.141411 -5.081477
v 4.847317 4.141239 -5.071775
v 4.917645 4.142582 -5.061200
v 4.988179 4.144013 -5.049431
v 5.058431 4.146661 -5.036842
v 5.129061 4.150168 -5.023531
v 5.200074 4.154895 -5.009461
v 5.271532 4.161364 -4.995519
v 5.343436 4.170919 -4.982551
v 5.415590 4.184958 -4.972034
v 5.486804 4.205909 -4.965306
v 5.554794 4.236765 -4.963677
v 5.615035 4.280521 -4.967237
v 5.662079 4.337582 -4.973954
v 5.691892 4.405267 -4.980345
v 5.703817 4.478201 -4.984936
v 3.817709 4.482758 -5.120006
v 3.833200 4.411354 -5.109652
v 3.869490 4.348543 -5.092202
v 3.923690 4.301941 -5.072248
v 3.989616 4.271415 -5.056570
v 4.060763 4.252784 -5.047078
v 4.133263 4.241344 -5.042598
v 4.205762 4.234025 -5.040956
v 4.277857 4.229053 -5.040165
v 4.348891 4.224653 -5.038697
v 4.420001 4.222850 -5.037959
v 4.490642 4.220739 -5.034904
v 4.559943 4.218733 -5.030029
v 4.629931 4.219172 -5.026768
v 4.699307 4.217785 -5.018686
v 4.768317 4.218330 -5.011145
v 4.836774 4.217173 -5.000255
v 4.906009 4.218866 -4.991076
v 4.974920 4.219012 -4.977448
v 5.043470 4.220853 -4.964013
v 5.112495 4.222867 -4.949443
v 5.181732 4.225237 -4.933048
v 5.251147 4.228106 -4.915712
v 5.321138 4.233135 -4.898506
v 5.392071 4.240308 -4.882179
v 5.463433 4.251947 -4.868544
v 5.534661 4.270828 -4.859991
v 5.602462 4.301311 -4.858410
v 5.660293 4.347479 -4.863566
v 5.700021 4.409712 -4.871289
v 5.717667 4.480908 -4.877421
v 3.775009 4.485466 -5.019995
v 3.802220 4.418204 -5.004493
v 3.854100 4.368938 -4.983547
v 3.920756 4.340834 -4.968254
v 3.992655 4.326121 -4.962399
v 4.065251 4.318494 -4.963114
v 4.137139 4.313914 -4.966656
v 4.208369 4.311162 -4.970920
v 4.279293 4.309263 -4.974333
v 4.348717 4.306015 -4.974306
v 4.418501 4.306571 -4.979234
v 4.487992 4.304778 -4.974804
v 4.555711 4.303308 -4.969689
v 4.625077 4.304842 -4.971863
v 4.692892 4.302704 -4.959967
v 4.761132 4.304192 -4.953970
v 4.828272 4.301943 -4.940907
v 4.896960 4.304428 -4.936625
v 4.963672 4.303185 -4.918521
v 5.030698 4.304763 -4.904474
v 5.098786 4.305556 -4.889093
v 5.166786 4.306906 -4.871323
v 5.233634 4.307056 -4.850523
v 5.301411 4.309967 -4.830901
v 5.369689 4.312294 -4.808972
v 5.438185 4.317240 -4.787971
v 5.508410 4.325114 -4.769433
v 5.579540 4.339936 -4.757053
v 5.647830 4.368130 -4.754706
v 5.703290 4.416940 -4.761304
v 5.734293 4.483377 -4.769608
v 3.735838 4.487556 -4.915930
v 3.787898 4.436280 -4.896532
v 3.855932 4.413857 -4.883079
v 3.928012 4.405018 -4.884167
v 3.999474 4.401024 -4.892861
v 4.069953 4.398804 -4.903569
v 4.140066 4.397041 -4.912494
v 4.209893 4.395994 -4.921206
v 4.279772 4.395077 -4.927085
v 4.349141 4.393434 -4.926546
v 4.416745 4.394303 -4.942514
v 4.484675 4.392419 -4.928919
v 4.553257 4.391948 -4.924760
v 4.621632 4.393031 -4.936675
v 4.687278 4.391270 -4.915015
v 4.756099 4.392094 -4.913323
v 4.822780 4.390983 -4.895877
v 4.891504 4.392667 -4.902317
v 4.954388 4.391319 -4.873600
v 5.021889 4.392179 -4.860842
v 5.089555 4.392692 -4.845082
v 5.157012 4.393504 -4.828173
v 5.221143 4.393006 -4.801587
v 5.288766 4.394914 -4.785161
v 5.353228 4.395686 -4.757221
v 5.418691 4.397403 -4.730821
v 5.484576 4.399791 -4.703333
v 5.551685 4.403951 -4.677284
v 5.621224 4.413061 -4.658102
v 5.689637 4.436620 -4.654420
v 5.745300 4.486486 -4.658857
vt 0.341753 0.755575
vt 0.343723 0.755575
vt 0.345693 0.755575
vt 0.347663 0.755575
vt 0.349634 0.755575
vt 0.351604 0.755575
vt 0.353574 0.755575
vt 0.355544 0.755575
vt 0.357514 0.755575
vt 0.359485 0.755575
vt 0.361455 0.755575
vt 0.363425 0.755575
vt 0.365395 0.755575
vt 0.367365 0.755575
vt 0.369336 0.755575
vt 0.371306 0.755575
vt 0.373276 0.755575
vt 0.375246 0.755575
vt 0.377216 0.755575
vt 0.379187 0.755575
vt 0.381157 0.755575
vt 0.383127 0.755575
vt 0.385097 0.755575
vt 0.387067 0.755575
vt 0.389037 0.755575
vt 0.391008 0.755575
vt 0.392978 0.755575
vt 0.394948 0.755575
vt 0.396918 0.755575
vt 0.398888 0.755575
vt 0.400859 0.755575
vt 0.341753 0.814681
vt 0.343723 0.814681
vt 0.345693 0.814681
vt 0.347663 0.814681
vt 0.349634 0.814681
vt 0.351604 0.814681
vt 0.353574 0.814681
vt 0.355544 0.814681
vt 0.357514 0.814681
vt 0.359485 0.814681
vt 0.361455 0.814681
vt 0.363425 0.814681
vt 0.365395 0.814681
vt 0.367365 0.814681
vt 0.369336 0.814681
vt 0.371306 0.814681
vt 0.373276 0.814681
vt 0.375246 0.814681
vt 0.377216 0.814681
vt 0.379187 0.814681
vt 0.381157 0.814681
vt 0.383127 0.814681
vt 0.385097 0.814681
vt 0.387067 0.814681
vt 0.389037 0.814681
vt 0.391008 0.814681
vt 0.392978 0.814681
vt 0.394948 0.814681
vt 0.396918 0.814681
vt 0.398888 0.814681
vt 0.400859 0.814681
vt 0.341753 0.816651
vt 0.343723 0.816651
vt 0.345693 0.816651
vt 0.347663 0.816651
vt 0.349634 0.816651
vt 0.351604 0.816651
vt 0.353574 0.816651
vt 0.355544 0.816651
vt 0.357514 0.816651
vt 0.359485 0.816651
vt 0.361455 0.816651
vt 0.363425 0.816651
vt 0.365395 0.816651
vt 0.367365 0.816651
vt 0.369336 0.816651
vt 0.371306 0.816651
vt 0.373276 0.816651
vt 0.375246 0.816651
vt 0.377216 0.816651
vt 0.379187 0.816651
vt 0.381157 0.816651
vt 0.383127 0.816651
vt 0.385097 0.816651
vt 0.387067 0.816651
vt 0.389037 0.816651
vt 0.391008 0.816651
vt 0.392978 0.816651
vt 0.394948 0.816651
vt 0.396918 0.816651
vt 0.398888 0.816651
vt 0.400859 0.816651
vt 0.341753 0.818621
vt 0.343723 0.818621
vt 0.345693 0.818621
vt 0.347663 0.818621
vt 0.349634 0.818621
vt 0.351604 0.818621
vt 0.353574 0.818621
vt 0.355544 0.818621
vt 0.357514 0.818621
vt 0.359485 0.818621
vt 0.361455 0.818621
vt 0.363425 0.818621
vt 0.365395 0.818621
vt 0.367365 0.818621
vt 0.369336 0.818621
vt 0.371306 0.818621
vt 0.373276 0.818621
vt 0.375246 0.818621
vt 0.377216 0.818621
vt 0.379187 0.818621
vt 0.381157 0.818621
vt 0.383127 0.818621
vt 0.385097 0.818621
vt 0.387067 0.818621
vt 0.389037 0.818621
vt 0.391008 0.818621
vt 0.392978 0.818621
vt 0.394948 0.818621
vt 0.396918 0.818621
vt 0.398888 0.818621
vt 0.400859 0.818621
vt 0.341753 0.820591
vt 0.343723 0.820591
vt 0.345693 0.820591
vt 0.347663 0.820591
vt 0.349634 0.820591
vt 0.351604 0.820591
vt 0.353574 0.820591
vt 0.355544 0.820591
vt 0.357514 0.820591
vt 0.359485 0.820591
vt 0.361455 0.820591
vt 0.363425 0.820591
vt 0.365395 0.820591
vt 0.367365 0.820591
vt 0.369336 0.820591
vt 0.371306 0.820591
vt 0.373276 0.820591
vt 0.375246 0.820591
vt 0.377216 0.820591
vt 0.379187 0.820591
vt 0.381157 0.820591
vt 0.383127 0.820591
vt 0.385097 0.820591
vt 0.387067 0.820591
vt 0.389037 0.820591
vt 0.391008 0.820591
vt 0.392978 0.820591
vt 0.394948 0.820591
vt 0.396918 0.820591
vt 0.398888 0.820591
vt 0.400859 0.820591
vt 0.341753 0.822561
vt 0.343723 0.822561
vt 0.345693 0.822561
vt 0.347663 0.822561
vt 0.349634 0.822561
vt 0.351604 0.822561
vt 0.353574 0.822561
vt 0.355544 0.822561
vt 0.357514 0.822561
vt 0.359485 0.822561
vt 0.361455 0.822561
vt 0.363425 0.822561
vt 0.365395 0.822561
vt 0.367365 0.822561
vt 0.369336 0.822561
vt 0.371306 0.822561
vt 0.373276 0.822561
vt 0.375246 0.822561
vt 0.377216 0.822561
vt 0.379187 0.822561
vt 0.381157 0.822561
vt 0.383127 0.822561
vt 0.385097 0.822561
vt 0.387067 0.822561
vt 0.389037 0.822561
vt 0.391008 0.822561
vt 0.392978 0.822561
vt 0.394948 0.822561
vt 0.396918 0.822561
vt 0.398888 0.822561
vt 0.400859 0.822561
vt 0.341753 0.824531
vt 0.343723 0.824531
vt 0.345693 0.824531
vt 0.347663 0.824531
vt 0.349634 0.824531
vt 0.351604 0.824531
vt 0.353574 0.824531
vt 0.355544 0.824531
vt 0.357514 0.824531
vt 0.359485 0.824531
vt 0.361455 0.824531
vt 0.363425 0.824531
vt 0.365395 0.824531
vt 0.367365 0.824531
vt 0.369336 0.824531
vt 0.371306 0.824531
vt 0.373276 0.824531
vt 0.375246 0.824531
vt 0.377216 0.824531
vt 0.379187 0.824531
vt 0.381157 0.824531
vt 0.383127 0.824531
vt 0.385097 0.824531
vt 0.387067 0.824531
vt 0.389037 0.824531
vt 0.391008 0.824531
vt 0.392978 0.824531
vt 0.394948 0.824531
vt 0.396918 0.824531
vt 0.398888 0.824531
vt 0.400859 0.824531
vt 0.341753 0.826502
vt 0.343723 0.826502
vt 0.345693 0.826502
vt 0.347663 0.826502
vt 0.349634 0.826502
vt 0.351604 0.826502
vt 0.353574 0.826502
vt 0.355544 0.826502
vt 0.357514 0.826502
vt 0.359485 0.826502
vt 0.361455 0.826502
vt 0.363425 0.826502
vt 0.365395 0.826502
vt 0.367365 0.826502
vt 0.369336 0.826502
vt 0.371306 0.826502
vt 0.373276 0.826502
vt 0.375246 0.826502
vt 0.377216 0.826502
vt 0.379187 0.826502
vt 0.381157 0.826502
vt 0.383127 0.826502
vt 0.385097 0.826502
vt 0.387067 0.826502
vt 0.389037 0.826502
vt 0.391008 0.826502
vt 0.392978 0.826502
vt 0.394948 0.826502
vt 0.396918 0.826502
vt 0.398888 0.826502
vt 0.400859 0.826502
vt 0.341753 0.828472
vt 0.343723 0.828472
vt 0.345693 0.828472
vt 0.347663 0.828472
vt 0.349634 0.828472
vt 0.351604 0.828472
vt 0.353574 0.828472
vt 0.355544 0.828472
vt 0.357514 0.828472
vt 0.359485 0.828472
vt 0.361455 0.828472
vt 0.363425 0.828472
vt 0.365395 0.828472
vt 0.367365 0.828472
vt 0.369336 0.828472
vt 0.371306 0.828472
vt 0.373276 0.828472
vt 0.375246 0.828472
vt 0.377216 0.828472
vt 0.379187 0.828472
vt 0.381157 0.828472
vt 0.383127 0.828472
vt 0.385097 0.828472
vt 0.387067 0.828472
vt 0.389037 0.828472
vt 0.391008 0.828472
vt 0.392978 0.828472
vt 0.394948 0.828472
vt 0.396918 0.828472
vt 0.398888 0.828472
vt 0.400859 0.828472
vt 0.341753 0.830442
vt 0.343723 0.830442
vt 0.345693 0.830442
vt 0.347663 0.830442
vt 0.349634 0.830442
vt 0.351604 0.830442
vt 0.353574 0.830442
vt 0.355544 0.830442
vt 0.357514 0.830442
vt 0.359485 0.830442
vt 0.361455 0.830442
vt 0.363425 0.830442
vt 0.365395 0.830442
vt 0.367365 0.830442
vt 0.369336 0.830442
vt 0.371306 0.830442
vt 0.373276 0.830442
vt 0.375246 0.830442
vt 0.377216 0.830442
vt 0.379187 0.830442
vt 0.381157 0.830442
vt 0.383127 0.830442
vt 0.385097 0.830442
vt 0.387067 0.830442
vt 0.389037 0.830442
vt 0.391008 0.830442
vt 0.392978 0.830442
vt 0.394948 0.830442
vt 0.396918 0.830442
vt 0.398888 0.830442
vt 0.400859 0.830442
vt 0.341753 0.832412
vt 0.343723 0.832412
vt 0.345693 0.832412
vt 0.347663 0.832412
vt 0.349634 0.832412
vt 0.351604 0.832412
vt 0.353574 0.832412
vt 0.355544 0.832412
vt 0.357514 0.832412
vt 0.359485 0.832412
vt 0.361455 0.832412
vt 0.363425 0.832412
vt 0.365395 0.832412
vt 0.367365 0.832412
vt 0.369336 0.832412
vt 0.371306 0.832412
vt 0.373276 0.832412
vt 0.375246 0.832412
vt 0.377216 0.832412
vt 0.379187 0.832412
vt 0.381157 0.832412
vt 0.383127 0.832412
vt 0.385097 0.832412
vt 0.387067 0.832412
vt 0.389037 0.832412
vt 0.391008 0.832412
vt 0.392978 0.832412
vt 0.394948 0.832412
vt 0.396918 0.832412
vt 0.398888 0.832412
vt 0.400859 0.832412
vt 0.341753 0.834383
vt 0.343723 0.834383
vt 0.345693 0.834383
vt 0.347663 0.834383
vt 0.349634 0.834383
vt 0.351604 0.834383
vt 0.353574 0.834383
vt 0.355544 0.834383
vt 0.357514 0.834383
vt 0.359485 0.834383
vt 0.361455 0.834383
vt 0.363425 0.834383
vt 0.365395 0.834383
vt 0.367365 0.834383
vt 0.369336 0.834383
vt 0.371306 0.834383
vt 0.373276 0.834383
vt 0.375246 0.834383
vt 0.377216 0.834383
vt 0.379187 0.834383
vt 0.381157 0.834383
vt 0.383127 0.834383
vt 0.385097 0.834383
vt 0.387067 0.834383
vt 0.389037 0.834383
vt 0.391008 0.834383
vt 0.392978 0.834383
vt 0.394948 0.834383
vt 0.396918 0.834383
vt 0.398888 0.834383
vt 0.400859 0.834383
vt 0.341753 0.836353
vt 0.343723 0.836353
vt 0.345693 0.836353
vt 0.347663 0.836353
vt 0.349634 0.836353
vt 0.351604 0.836353
vt 0.353574 0.836353
vt 0.355544 0.836353
vt 0.357514 0.836353
vt 0.359485 0.836353
vt 0.361455 0.836353
vt 0.363425 0.836353
vt 0.365395 0.836353
vt 0.367365 0.836353
vt 0.369336 0.836353
vt 0.371306 0.836353
vt 0.373276 0.836353
vt 0.375246 0.836353
vt 0.377216 0.836353
vt 0.379187 0.836353
vt 0.381157 0.836353
vt 0.383127 0.836353
vt 0.385097 0.836353
vt 0.387067 0.836353
vt 0.389037 0.836353
vt 0.391008 0.836353
vt 0.392978 0.836353
vt 0.394948 0.836353
vt 0.396918 0.836353
vt 0.398888 0.836353
vt 0.400859 0.836353
vt 0.341753 0.838323
vt 0.343723 0.838323
vt 0.345693 0.838323
vt 0.347663 0.838323
vt 0.349634 0.838323
vt 0.351604 0.838323
vt 0.353574 0.838323
vt 0.355544 0.838323
vt 0.357514 0.838323
vt 0.359485 0.838323
vt 0.361455 0.838323
vt 0.363425 0.838323
vt 0.365395 0.838323
vt 0.367365 0.838323
vt 0.369336 0.838323
vt 0.371306 0.838323
vt 0.373276 0.838323
vt 0.375246 0.838323
vt 0.377216 0.838323
vt 0.379187 0.838323
vt 0.381157 0.838323
vt 0.383127 0.838323
vt 0.385097 0.838323
vt 0.387067 0.838323
vt 0.389037 0.838323
vt 0.391008 0.838323
vt 0.392978 0.838323
vt 0.394948 0.838323
vt 0.396918 0.838323
vt 0.398888 0.838323
vt 0.400859 0.838323
vt 0.341753 0.840293
vt 0.343723 0.840293
vt 0.345693 0.840293
vt 0.347663 0.840293
vt 0.349634 0.840293
vt 0.351604 0.840293
vt 0.353574 0.840293
vt 0.355544 0.840293
vt 0.357514 0.840293
vt 0.359485 0.840293
vt 0.361455 0.840293
vt 0.363425 0.840293
vt 0.365395 0.840293
vt 0.367365 0.840293
vt 0.369336 0.840293
vt 0.371306 0.840293
vt 0.373276 0.840293
vt 0.375246 0.840293
vt 0.377216 0.840293
vt 0.379187 0.840293
vt 0.381157 0.840293
vt 0.383127 0.840293
vt 0.385097 0.840293
vt 0.387067 0.840293
vt 0.389037 0.840293
vt 0.391008 0.840293
vt 0.392978 0.840293
vt 0.394948 0.840293
vt 0.396918 0.840293
vt 0.398888 0.840293
vt 0.400859 0.840293
vt 0.341753 0.842263
vt 0.343723 0.842263
vt 0.345693 0.842263
vt 0.347663 0.842263
vt 0.349634 0.842263
vt 0.351604 0.842263
vt 0.353574 0.842263
vt 0.355544 0.842263
vt 0.357514 0.842263
vt 0.359485 0.842263
vt 0.361455 0.842263
vt 0.363425 0.842263
vt 0.365395 0.842263
vt 0.367365 0.842263
vt 0.369336 0.842263
vt 0.371306 0.842263
vt 0.373276 0.842263
vt 0.375246 0.842263
vt 0.377216 0.842263
vt 0.379187 0.842263
vt 0.381157 0.842263
vt 0.383127 0.842263
vt 0.385097 0.842263
vt 0.387067 0.842263
vt 0.389037 0.842263
vt 0.391008 0.842263
vt 0.392978 0.842263
vt 0.394948 0.842263
vt 0.396918 0.842263
vt 0.398888 0.842263
vt 0.400859 0.842263
vt 0.341753 0.844234
vt 0.343723 0.844234
vt 0.345693 0.844234
vt 0.347663 0.844234
vt 0.349634 0.844234
vt 0.351604 0.844234
vt 0.353574 0.844234
vt 0.355544 0.844234
vt 0.357514 0.844234
vt 0.359485 0.844234
vt 0.361455 0.844234
vt 0.363425 0.844234
vt 0.365395 0.844234
vt 0.367365 0.844234
vt 0.369336 0.844234
vt 0.371306 0.844234
vt 0.373276 0.844234
vt 0.375246 0.844234
vt 0.377216 0.844234
vt 0.379187 0.844234
vt 0.381157 0.844234
vt 0.383127 0.844234
vt 0.385097 0.844234
vt 0.387067 0.844234
vt 0.389037 0.844234
vt 0.391008 0.844234
vt 0.392978 0.844234
vt 0.394948 0.844234
vt 0.396918 0.844234
vt 0.398888 0.844234
vt 0.400859 0.844234
vt 0.341753 0.846204
vt 0.343723 0.846204
vt 0.345693 0.846204
vt 0.347663 0.846204
vt 0.349634 0.846204
vt 0.351604 0.846204
vt 0.353574 0.846204
vt 0.355544 0.846204
vt 0.357514 0.846204
vt 0.359485 0.846204
vt 0.361455 0.846204
vt 0.363425 0.846204
vt 0.365395 0.846204
vt 0.367365 0.846204
vt 0.369336 0.846204
vt 0.371306 0.846204
vt 0.373276 0.846204
vt 0.375246 0.846204
vt 0.377216 0.846204
vt 0.379187 0.846204
vt 0.381157 0.846204
vt 0.383127 0.846204
vt 0.385097 0.846204
vt 0.387067 0.846204
vt 0.389037 0.846204
vt 0.391008 0.846204
vt 0.392978 0.846204
vt 0.394948 0.846204
vt 0.396918 0.846204
vt 0.398888 0.846204
vt 0.400859 0.846204
vt 0.341753 0.848174
vt 0.343723 0.848174
vt 0.345693 0.848174
vt 0.347663 0.848174
vt 0.349634 0.848174
vt 0.351604 0.848174
vt 0.353574 0.848174
vt 0.355544 0.848174
vt 0.357514 0.848174
vt 0.359485 0.848174
vt 0.361455 0.848174
vt 0.363425 0.848174
vt 0.365395 0.848174
vt 0.367365 0.848174
vt 0.369336 0.848174
vt 0.371306 0.848174
vt 0.373276 0.848174
vt 0.375246 0.848174
vt 0.377216 0.848174
vt 0.379187 0.848174
vt 0.381157 0.848174
vt 0.383127 0.848174
vt 0.385097 0.848174
vt 0.387067 0.848174
vt 0.389037 0.848174
vt 0.391008 0.848174
vt 0.392978 0.848174
vt 0.394948 0.848174
vt 0.396918 0.848174
vt 0.398888 0.848174
vt 0.400859 0.848174
vt 0.341753 0.850144
vt 0.343723 0.850144
vt 0.345693 0.850144
vt 0.347663 0.850144
vt 0.349634 0.850144
vt 0.351604 0.850144
vt 0.353574 0.850144
vt 0.355544 0.850144
vt 0.357514 0.850144
vt 0.359485 0.850144
vt 0.361455 0.850144
vt 0.363425 0.850144
vt 0.365395 0.850144
vt 0.367365 0.850144
vt 0.369336 0.850144
vt 0.371306 0.850144
vt 0.373276 0.850144
vt 0.375246 0.850144
vt 0.377216 0.850144
vt 0.379187 0.850144
vt 0.381157 0.850144
vt 0.383127 0.850144
vt 0.385097 0.850144
vt 0.387067 0.850144
vt 0.389037 0.850144
vt 0.391008 0.850144
vt 0.392978 0.850144
vt 0.394948 0.850144
vt 0.396918 0.850144
vt 0.398888 0.850144
vt 0.400859 0.850144
vt 0.341753 0.852114
vt 0.343723 0.852114
vt 0.345693 0.852114
vt 0.347663 0.852114
vt 0.349634 0.852114
vt 0.351604 0.852114
vt 0.353574 0.852114
vt 0.355544 0.852114
vt 0.357514 0.852114
vt 0.359485 0.852114
vt 0.361455 0.852114
vt 0.363425 0.852114
vt 0.365395 0.852114
vt 0.367365 0.852114
vt 0.369336 0.852114
vt 0.371306 0.852114
vt 0.373276 0.852114
vt 0.375246 0.852114
vt 0.377216 0.852114
vt 0.379187 0.852114
vt 0.381157 0.852114
vt 0.383127 0.852114
vt 0.385097 0.852114
vt 0.387067 0.852114
vt 0.389037 0.852114
vt 0.391008 0.852114
vt 0.392978 0.852114
vt 0.394948 0.852114
vt 0.396918 0.852114
vt 0.398888 0.852114
vt 0.400859 0.852114
vt 0.341753 0.854084
vt 0.343723 0.854084
vt 0.345693 0.854084
vt 0.347663 0.854084
vt 0.349634 0.854084
vt 0.351604 0.854084
vt 0.353574 0.854084
vt 0.355544 0.854084
vt 0.357514 0.854084
vt 0.359485 0.854084
vt 0.361455 0.854084
vt 0.363425 0.854084
vt 0.365395 0.854084
vt 0.367365 0.854084
vt 0.369336 0.854084
vt 0.371306 0.854084
vt 0.373276 0.854084
vt 0.375246 0.854084
vt 0.377216 0.854084
vt 0.379187 0.854084
vt 0.381157 0.854084
vt 0.383127 0.854084
vt 0.385097 0.854084
vt 0.387067 0.854084
vt 0.389037 0.854084
vt 0.391008 0.854084
vt 0.392978 0.854084
vt 0.394948 0.854084
vt 0.396918 0.854084
vt 0.398888 0.854084
vt 0.400859 0.854084
vt 0.341753 0.856055
vt 0.343723 0.856055
vt 0.345693 0.856055
vt 0.347663 0.856055
vt 0.349634 0.856055
vt 0.351604 0.856055
vt 0.353574 0.856055
vt 0.355544 0.856055
vt 0.357514 0.856055
vt 0.359485 0.856055
vt 0.361455 0.856055
vt 0.363425 0.856055
vt 0.365395 0.856055
vt 0.367365 0.856055
vt 0.369336 0.856055
vt 0.371306 0.856055
vt 0.373276 0.856055
vt 0.375246 0.856055
vt 0.377216 0.856055
vt 0.379187 0.856055
vt 0.381157 0.856055
vt 0.383127 0.856055
vt 0.385097 0.856055
vt 0.387067 0.856055
vt 0.389037 0.856055
vt 0.391008 0.856055
vt 0.392978 0.856055
vt 0.394948 0.856055
vt 0.396918 0.856055
vt 0.398888 0.856055
vt 0.400859 0.856055
vt 0.341753 0.858025
vt 0.343723 0.858025
vt 0.345693 0.858025
vt 0.347663 0.858025
vt 0.349634 0.858025
vt 0.351604 0.858025
vt 0.353574 0.858025
vt 0.355544 0.858025
vt 0.357514 0.858025
vt 0.359485 0.858025
vt 0.361455 0.858025
vt 0.363425 0.858025
vt 0.365395 0.858025
vt 0.367365 0.858025
vt 0.369336 0.858025
vt 0.371306 0.858025
vt 0.373276 0.858025
vt 0.375246 0.858025
vt 0.377216 0.858025
vt 0.379187 0.858025
vt 0.381157 0.858025
vt 0.383127 0.858025
vt 0.385097 0.858025
vt 0.387067 0.858025
vt 0.389037 0.858025
vt 0.391008 0.858025
vt 0.392978 0.858025
vt 0.394948 0.858025
vt 0.396918 0.858025
vt 0.398888 0.858025
vt 0.400859 0.858025
vt 0.341753 0.859995
vt 0.343723 0.859995
vt 0.345693 0.859995
vt 0.347663 0.859995
vt 0.349634 0.859995
vt 0.351604 0.859995
vt 0.353574 0.859995
vt 0.355544 0.859995
vt 0.357514 0.859995
vt 0.359485 0.859995
vt 0.361455 0.859995
vt 0.363425 0.859995
vt 0.365395 0.859995
vt 0.367365 0.859995
vt 0.369336 0.859995
vt 0.371306 0.859995
vt 0.373276 0.859995
vt 0.375246 0.859995
vt 0.377216 0.859995
vt 0.379187 0.859995
vt 0.381157 0.859995
vt 0.383127 0.859995
vt 0.385097 0.859995
vt 0.387067 0.859995
vt 0.389037 0.859995
vt 0.391008 0.859995
vt 0.392978 0.859995
vt 0.394948 0.859995
vt 0.396918 0.859995
vt 0.398888 0.859995
vt 0.400859 0.859995
vt 0.341753 0.861965
vt 0.343723 0.861965
vt 0.345693 0.861965
vt 0.347663 0.861965
vt 0.349634 0.861965
vt 0.351604 0.861965
vt 0.353574 0.861965
vt 0.355544 0.861965
vt 0.357514 0.861965
vt 0.359485 0.861965
vt 0.361455 0.861965
vt 0.363425 0.861965
vt 0.365395 0.861965
vt 0.367365 0.861965
vt 0.369336 0.861965
vt 0.371306 0.861965
vt 0.373276 0.861965
vt 0.375246 0.861965
vt 0.377216 0.861965
vt 0.379187 0.861965
vt 0.381157 0.861965
vt 0.383127 0.861965
vt 0.385097 0.861965
vt 0.387067 0.861965
vt 0.389037 0.861965
vt 0.391008 0.861965
vt 0.392978 0.861965
vt 0.394948 0.861965
vt 0.396918 0.861965
vt 0.398888 0.861965
vt 0.400859 0.861965
vt 0.341753 0.863936
vt 0.343723 0.863936
vt 0.345693 0.863936
vt 0.347663 0.863936
vt 0.349634 0.863936
vt 0.351604 0.863936
vt 0.353574 0.863936
vt 0.355544 0.863936
vt 0.357514 0.863936
vt 0.359485 0.863936
vt 0.361455 0.863936
vt 0.363425 0.863936
vt 0.365395 0.863936
vt 0.367365 0.863936
vt 0.369336 0.863936
vt 0.371306 0.863936
vt 0.373276 0.863936
vt 0.375246 0.863936
vt 0.377216 0.863936
vt 0.379187 0.863936
vt 0.381157 0.863936
vt 0.383127 0.863936
vt 0.385097 0.863936
vt 0.387067 0.863936
vt 0.389037 0.863936
vt 0.391008 0.863936
vt 0.392978 0.863936
vt 0.394948 0.863936
vt 0.396918 0.863936
vt 0.398888 0.863936
vt 0.400859 0.863936
vt 0.341753 0.865906
vt 0.343723 0.865906
vt 0.345693 0.865906
vt 0.347663 0.865906
vt 0.349634 0.865906
vt 0.351604 0.865906
vt 0.353574 0.865906
vt 0.355544 0.865906
vt 0.357514 0.865906
vt 0.359485 0.865906
vt 0.361455 0.865906
vt 0.363425 0.865906
vt 0.365395 0.865906
vt 0.367365 0.865906
vt 0.369336 0.865906
vt 0.371306 0.865906
vt 0.373276 0.865906
vt 0.375246 0.865906
vt 0.377216 0.865906
vt 0.379187 0.865906
vt 0.381157 0.865906
vt 0.383127 0.865906
vt 0.385097 0.865906
vt 0.387067 0.865906
vt 0.389037 0.865906
vt 0.391008 0.865906
vt 0.392978 0.865906
vt 0.394948 0.865906
vt 0.396918 0.865906
vt 0.398888 0.865906
vt 0.400859 0.865906
vt 0.341753 0.867876
vt 0.343723 0.867876
vt 0.345693 0.867876
vt 0.347663 0.867876
vt 0.349634 0.867876
vt 0.351604 0.867876
vt 0.353574 0.867876
vt 0.355544 0.867876
vt 0.357514 0.867876
vt 0.359485 0.867876
vt 0.361455 0.867876
vt 0.363425 0.867876
vt 0.365395 0.867876
vt 0.367365 0.867876
vt 0.369336 0.867876
vt 0.371306 0.867876
vt 0.373276 0.867876
vt 0.375246 0.867876
vt 0.377216 0.867876
vt 0.379187 0.867876
vt 0.381157 0.867876
vt 0.383127 0.867876
vt 0.385097 0.867876
vt 0.387067 0.867876
vt 0.389037 0.867876
vt 0.391008 0.867876
vt 0.392978 0.867876
vt 0.394948 0.867876
vt 0.396918 0.867876
vt 0.398888 0.867876
vt 0.400859 0.867876
vt 0.341753 0.869846
vt 0.343723 0.869846
vt 0.345693 0.869846
vt 0.347663 0.869846
vt 0.349634 0.869846
vt 0.351604 0.869846
vt 0.353574 0.869846
vt 0.355544 0.869846
vt 0.357514 0.869846
vt 0.359485 0.869846
vt 0.361455 0.869846
vt 0.363425 0.869846
vt 0.365395 0.869846
vt 0.367365 0.869846
vt 0.369336 0.869846
vt 0.371306 0.869846
vt 0.373276 0.869846
vt 0.375246 0.869846
vt 0.377216 0.869846
vt 0.379187 0.869846
vt 0.381157 0.869846
vt 0.383127 0.869846
vt 0.385097 0.869846
vt 0.387067 0.869846
vt 0.389037 0.869846
vt 0.391008 0.869846
vt 0.392978 0.869846
vt 0.394948 0.869846
vt 0.396918 0.869846
vt 0.398888 0.869846
vt 0.400859 0.869846
vt 0.341753 0.871816
vt 0.343723 0.871816
vt 0.345693 0.871816
vt 0.347663 0.871816
vt 0.349634 0.871816
vt 0.351604 0.871816
vt 0.353574 0.871816
vt 0.355544 0.871816
vt 0.357514 0.871816
vt 0.359485 0.871816
vt 0.361455 0.871816
vt 0.363425 0.871816
vt 0.365395 0.871816
vt 0.367365 0.871816
vt 0.369336 0.871816
vt 0.371306 0.871816
vt 0.373276 0.871816
vt 0.375246 0.871816
vt 0.377216 0.871816
vt 0.379187 0.871816
vt 0.381157 0.871816
vt 0.383127 0.871816
vt 0.385097 0.871816
vt 0.387067 0.871816
vt 0.389037 0.871816
vt 0.391008 0.871816
vt 0.392978 0.871816
vt 0.394948 0.871816
vt 0.396918 0.871816
vt 0.398888 0.871816
vt 0.400859 0.871816
vt 0.341753 0.873786
vt 0.343723 0.873786
vt 0.345693 0.873786
vt 0.347663 0.873786
vt 0.349634 0.873786
vt 0.351604 0.873786
vt 0.353574 0.873786
vt 0.355544 0.873786
vt 0.357514 0.873786
vt 0.359485 0.873786
vt 0.361455 0.873786
vt 0.363425 0.873786
vt 0.365395 0.873786
vt 0.367365 0.873786
vt 0.369336 0.873786
vt 0.371306 0.873786
vt 0.373276 0.873786
vt 0.375246 0.873786
vt 0.377216 0.873786
vt 0.379187 0.873786
vt 0.381157 0.873786
vt 0.383127 0.873786
vt 0.385097 0.873786
vt 0.387067 0.873786
vt 0.389037 0.873786
vt 0.391008 0.873786
vt 0.392978 0.873786
vt 0.394948 0.873786
vt 0.396918 0.873786
vt 0.398888 0.873786
vt 0.400859 0.873786
vt 0.341753 0.932892
vt 0.343723 0.932892
vt 0.345693 0.932892
vt 0.347663 0.932892
vt 0.349634 0.932892
vt 0.351604 0.932892
vt 0.353574 0.932892
vt 0.355544 0.932892
vt 0.357514 0.932892
vt 0.359485 0.932892
vt 0.361455 0.932892
vt 0.363425 0.932892
vt 0.365395 0.932892
vt 0.367365 0.932892
vt 0.369336 0.932892
vt 0.371306 0.932892
vt 0.373276 0.932892
vt 0.375246 0.932892
vt 0.377216 0.932892
vt 0.379187 0.932892
vt 0.381157 0.932892
vt 0.383127 0.932892
vt 0.385097 0.932892
vt 0.387067 0.932892
vt 0.389037 0.932892
vt 0.391008 0.932892
vt 0.392978 0.932892
vt 0.394948 0.932892
vt 0.396918 0.932892
vt 0.398888 0.932892
vt 0.400859 0.932892
vt 0.341753 0.934863
vt 0.343723 0.934863
vt 0.345693 0.934863
vt 0.347663 0.934863
vt 0.349634 0.934863
vt 0.351604 0.934863
vt 0.353574 0.934863
vt 0.355544 0.934863
vt 0.357514 0.934863
vt 0.359485 0.934863
vt 0.361455 0.934863
vt 0.363425 0.934863
vt 0.365395 0.934863
vt 0.367365 0.934863
vt 0.369336 0.934863
vt 0.371306 0.934863
vt 0.373276 0.934863
vt 0.375246 0.934863
vt 0.377216 0.934863
vt 0.379187 0.934863
vt 0.381157 0.934863
vt 0.383127 0.934863
vt 0.385097 0.934863
vt 0.387067 0.934863
vt 0.389037 0.934863
vt 0.391008 0.934863
vt 0.392978 0.934863
vt 0.394948 0.934863
vt 0.396918 0.934863
vt 0.398888 0.934863
vt 0.400859 0.934863
vt 0.341753 0.936833
vt 0.343723 0.936833
vt 0.345693 0.936833
vt 0.347663 0.936833
vt 0.349634 0.936833
vt 0.351604 0.936833
vt 0.353574 0.936833
vt 0.355544 0.936833
vt 0.357514 0.936833
vt 0.359485 0.936833
vt 0.361455 0.936833
vt 0.363425 0.936833
vt 0.365395 0.936833
vt 0.367365 0.936833
vt 0.369336 0.936833
vt 0.371306 0.936833
vt 0.373276 0.936833
vt 0.375246 0.936833
vt 0.377216 0.936833
vt 0.379187 0.936833
vt 0.381157 0.936833
vt 0.383127 0.936833
vt 0.385097 0.936833
vt 0.387067 0.936833
vt 0.389037 0.936833
vt 0.391008 0.936833
vt 0.392978 0.936833
vt 0.394948 0.936833
vt 0.396918 0.936833
vt 0.398888 0.936833
vt 0.400859 0.936833
vt 0.341753 0.938803
vt 0.343723 0.938803
vt 0.345693 0.938803
vt 0.347663 0.938803
vt 0.349634 0.938803
vt 0.351604 0.938803
vt 0.353574 0.938803
vt 0.355544 0.938803
vt 0.357514 0.938803
vt 0.359485 0.938803
vt 0.361455 0.938803
vt 0.363425 0.938803
vt 0.365395 0.938803
vt 0.367365 0.938803
vt 0.369336 0.938803
vt 0.371306 0.938803
vt 0.373276 0.938803
vt 0.375246 0.938803
vt 0.377216 0.938803
vt 0.379187 0.938803
vt 0.381157 0.938803
vt 0.383127 0.938803
vt 0.385097 0.938803
vt 0.387067 0.938803
vt 0.389037 0.938803
vt 0.391008 0.938803
vt 0.392978 0.938803
vt 0.394948 0.938803
vt 0.396918 0.938803
vt 0.398888 0.938803
vt 0.400859 0.938803
vt 0.341753 0.940773
vt 0.343723 0.940773
vt 0.345693 0.940773
vt 0.347663 0.940773
vt 0.349634 0.940773
vt 0.351604 0.940773
vt 0.353574 0.940773
vt 0.355544 0.940773
vt 0.357514 0.940773
vt 0.359485 0.940773
vt 0.361455 0.940773
vt 0.363425 0.940773
vt 0.365395 0.940773
vt 0.367365 0.940773
vt 0.369336 0.940773
vt 0.371306 0.940773
vt 0.373276 0.940773
vt 0.375246 0.940773
vt 0.377216 0.940773
vt 0.379187 0.940773
vt 0.381157 0.940773
vt 0.383127 0.940773
vt 0.385097 0.940773
vt 0.387067 0.940773
vt 0.389037 0.940773
vt 0.391008 0.940773
vt 0.392978 0.940773
vt 0.394948 0.940773
vt 0.396918 0.940773
vt 0.398888 0.940773
vt 0.400859 0.940773
vt 0.341753 0.942743
vt 0.343723 0.942743
vt 0.345693 0.942743
vt 0.347663 0.942743
vt 0.349634 0.942743
vt 0.351604 0.942743
vt 0.353574 0.942743
vt 0.355544 0.942743
vt 0.357514 0.942743
vt 0.359485 0.942743
vt 0.361455 0.942743
vt 0.363425 0.942743
vt 0.365395 0.942743
vt 0.367365 0.942743
vt 0.369336 0.942743
vt 0.371306 0.942743
vt 0.373276 0.942743
vt 0.375246 0.942743
vt 0.377216 0.942743
vt 0.379187 0.942743
vt 0.381157 0.942743
vt 0.383127 0.942743
vt 0.385097 0.942743
vt 0.387067 0.942743
vt 0.389037 0.942743
vt 0.391008 0.942743
vt 0.392978 0.942743
vt 0.394948 0.942743
vt 0.396918 0.942743
vt 0.398888 0.942743
vt 0.400859 0.942743
vt 0.341753 0.944713
vt 0.343723 0.944713
vt 0.345693 0.944713
vt 0.347663 0.944713
vt 0.349634 0.944713
vt 0.351604 0.944713
vt 0.353574 0.944713
vt 0.355544 0.944713
vt 0.357514 0.944713
vt 0.359485 0.944713
vt 0.361455 0.944713
vt 0.363425 0.944713
vt 0.365395 0.944713
vt 0.367365 0.944713
vt 0.369336 0.944713
vt 0.371306 0.944713
vt 0.373276 0.944713
vt 0.375246 0.944713
vt 0.377216 0.944713
vt 0.379187 0.944713
vt 0.381157 0.944713
vt 0.383127 0.944713
vt 0.385097 0.944713
vt 0.387067 0.944713
vt 0.389037 0.944713
vt 0.391008 0.944713
vt 0.392978 0.944713
vt 0.394948 0.944713
vt 0.396918 0.944713
vt 0.398888 0.944713
vt 0.400859 0.944713
vt 0.341753 0.946684
vt 0.343723 0.946684
vt 0.345693 0.946684
vt 0.347663 0.946684
vt 0.349634 0.946684
vt 0.351604 0.946684
vt 0.353574 0.946684
vt 0.355544 0.946684
vt 0.357514 0.946684
vt 0.359485 0.946684
vt 0.361455 0.946684
vt 0.363425 0.946684
vt 0.365395 0.946684
vt 0.367365 0.946684
vt 0.369336 0.946684
vt 0.371306 0.946684
vt 0.373276 0.946684
vt 0.375246 0.946684
vt 0.377216 0.946684
vt 0.379187 0.946684
vt 0.381157 0.946684
vt 0.383127 0.946684
vt 0.385097 0.946684
vt 0.387067 0.946684
vt 0.389037 0.946684
vt 0.391008 0.946684
vt 0.392978 0.946684
vt 0.394948 0.946684
vt 0.396918 0.946684
vt 0.398888 0.946684
vt 0.400859 0.946684
vt 0.341753 0.948654
vt 0.343723 0.948654
vt 0.345693 0.948654
vt 0.347663 0.948654
vt 0.349634 0.948654
vt 0.351604 0.948654
vt 0.353574 0.948654
vt 0.355544 0.948654
vt 0.357514 0.948654
vt 0.359485 0.948654
vt 0.361455 0.948654
vt 0.363425 0.948654
vt 0.365395 0.948654
vt 0.367365 0.948654
vt 0.369336 0.948654
vt 0.371306 0.948654
vt 0.373276 0.948654
vt 0.375246 0.948654
vt 0.377216 0.948654
vt 0.379187 0.948654
vt 0.381157 0.948654
vt 0.383127 0.948654
vt 0.385097 0.948654
vt 0.387067 0.948654
vt 0.389037 0.948654
vt 0.391008 0.948654
vt 0.392978 0.948654
vt 0.394948 0.948654
vt 0.396918 0.948654
vt 0.398888 0.948654
vt 0.400859 0.948654
vt 0.341753 0.950624
vt 0.343723 0.950624
vt 0.345693 0.950624
vt 0.347663 0.950624
vt 0.349634 0.950624
vt 0.351604 0.950624
vt 0.353574 0.950624
vt 0.355544 0.950624
vt 0.357514 0.950624
vt 0.359485 0.950624
vt 0.361455 0.950624
vt 0.363425 0.950624
vt 0.365395 0.950624
vt 0.367365 0.950624
vt 0.369336 0.950624
vt 0.371306 0.950624
vt 0.373276 0.950624
vt 0.375246 0.950624
vt 0.377216 0.950624
vt 0.379187 0.950624
vt 0.381157 0.950624
vt 0.383127 0.950624
vt 0.385097 0.950624
vt 0.387067 0.950624
vt 0.389037 0.950624
vt 0.391008 0.950624
vt 0.392978 0.950624
vt 0.394948 0.950624
vt 0.396918 0.950624
vt 0.398888 0.950624
vt 0.400859 0.950624
vt 0.341753 0.952594
vt 0.343723 0.952594
vt 0.345693 0.952594
vt 0.347663 0.952594
vt 0.349634 0.952594
vt 0.351604 0.952594
vt 0.353574 0.952594
vt 0.355544 0.952594
vt 0.357514 0.952594
vt 0.359485 0.952594
vt 0.361455 0.952594
vt 0.363425 0.952594
vt 0.365395 0.952594
vt 0.367365 0.952594
vt 0.369336 0.952594
vt 0.371306 0.952594
vt 0.373276 0.952594
vt 0.375246 0.952594
vt 0.377216 0.952594
vt 0.379187 0.952594
vt 0.381157 0.952594
vt 0.383127 0.952594
vt 0.385097 0.952594
vt 0.387067 0.952594
vt 0.389037 0.952594
vt 0.391008 0.952594
vt 0.392978 0.952594
vt 0.394948 0.952594
vt 0.396918 0.952594
vt 0.398888 0.952594
vt 0.400859 0.952594
vt 0.341753 0.954565
vt 0.343723 0.954565
vt 0.345693 0.954565
vt 0.347663 0.954565
vt 0.349634 0.954565
vt 0.351604 0.954565
vt 0.353574 0.954565
vt 0.355544 0.954565
vt 0.357514 0.954565
vt 0.359485 0.954565
vt 0.361455 0.954565
vt 0.363425 0.954565
vt 0.365395 0.954565
vt 0.367365 0.954565
vt 0.369336 0.954565
vt 0.371306 0.954565
vt 0.373276 0.954565
vt 0.375246 0.954565
vt 0.377216 0.954565
vt 0.379187 0.954565
vt 0.381157 0.954565
vt 0.383127 0.954565
vt 0.385097 0.954565
vt 0.387067 0.954565
vt 0.389037 0.954565
vt 0.391008 0.954565
vt 0.392978 0.954565
vt 0.394948 0.954565
vt 0.396918 0.954565
vt 0.398888 0.954565
vt 0.400859 0.954565
vt 0.341753 0.956535
vt 0.343723 0.956535
vt 0.345693 0.956535
vt 0.347663 0.956535
vt 0.349634 0.956535
vt 0.351604 0.956535
vt 0.353574 0.956535
vt 0.355544 0.956535
vt 0.357514 0.956535
vt 0.359485 0.956535
vt 0.361455 0.956535
vt 0.363425 0.956535
vt 0.365395 0.956535
vt 0.367365 0.956535
vt 0.369336 0.956535
vt 0.371306 0.956535
vt 0.373276 0.956535
vt 0.375246 0.956535
vt 0.377216 0.956535
vt 0.379187 0.956535
vt 0.381157 0.956535
vt 0.383127 0.956535
vt 0.385097 0.956535
vt 0.387067 0.956535
vt 0.389037 0.956535
vt 0.391008 0.956535
vt 0.392978 0.956535
vt 0.394948 0.956535
vt 0.396918 0.956535
vt 0.398888 0.956535
vt 0.400859 0.956535
vt 0.341753 0.958505
vt 0.343723 0.958505
vt 0.345693 0.958505
vt 0.347663 0.958505
vt 0.349634 0.958505
vt 0.351604 0.958505
vt 0.353574 0.958505
vt 0.355544 0.958505
vt 0.357514 0.958505
vt 0.359485 0.958505
vt 0.361455 0.958505
vt 0.363425 0.958505
vt 0.365395 0.958505
vt 0.367365 0.958505
vt 0.369336 0.958505
vt 0.371306 0.958505
vt 0.373276 0.958505
vt 0.375246 0.958505
vt 0.377216 0.958505
vt 0.379187 0.958505
vt 0.381157 0.958505
vt 0.383127 0.958505
vt 0.385097 0.958505
vt 0.387067 0.958505
vt 0.389037 0.958505
vt 0.391008 0.958505
vt 0.392978 0.958505
vt 0.394948 0.958505
vt 0.396918 0.958505
vt 0.398888 0.958505
vt 0.400859 0.958505
vt 0.341753 0.960475
vt 0.343723 0.960475
vt 0.345693 0.960475
vt 0.347663 0.960475
vt 0.349634 0.960475
vt 0.351604 0.960475
vt 0.353574 0.960475
vt 0.355544 0.960475
vt 0.357514 0.960475
vt 0.359485 0.960475
vt 0.361455 0.960475
vt 0.363425 0.960475
vt 0.365395 0.960475
vt 0.367365 0.960475
vt 0.369336 0.960475
vt 0.371306 0.960475
vt 0.373276 0.960475
vt 0.375246 0.960475
vt 0.377216 0.960475
vt 0.379187 0.960475
vt 0.381157 0.960475
vt 0.383127 0.960475
vt 0.385097 0.960475
vt 0.387067 0.960475
vt 0.389037 0.960475
vt 0.391008 0.960475
vt 0.392978 0.960475
vt 0.394948 0.960475
vt 0.396918 0.960475
vt 0.398888 0.960475
vt 0.400859 0.960475
vt 0.341753 0.962445
vt 0.343723 0.962445
vt 0.345693 0.962445
vt 0.347663 0.962445
vt 0.349634 0.962445
vt 0.351604 0.962445
vt 0.353574 0.962445
vt 0.355544 0.962445
vt 0.357514 0.962445
vt 0.359485 0.962445
vt 0.361455 0.962445
vt 0.363425 0.962445
vt 0.365395 0.962445
vt 0.367365 0.962445
vt 0.369336 0.962445
vt 0.371306 0.962445
vt 0.373276 0.962445
vt 0.375246 0.962445
vt 0.377216 0.962445
vt 0.379187 0.962445
vt 0.381157 0.962445
vt 0.383127 0.962445
vt 0.385097 0.962445
vt 0.387067 0.962445
vt 0.389037 0.962445
vt 0.391008 0.962445
vt 0.392978 0.962445
vt 0.394948 0.962445
vt 0.396918 0.962445
vt 0.398888 0.962445
vt 0.400859 0.962445
vt 0.341753 0.964415
vt 0.343723 0.964415
vt 0.345693 0.964415
vt 0.347663 0.964415
vt 0.349634 0.964415
vt 0.351604 0.964415
vt 0.353574 0.964415
vt 0.355544 0.964415
vt 0.357514 0.964415
vt 0.359485 0.964415
vt 0.361455 0.964415
vt 0.363425 0.964415
vt 0.365395 0.964415
vt 0.367365 0.964415
vt 0.369336 0.964415
vt 0.371306 0.964415
vt 0.373276 0.964415
vt 0.375246 0.964415
vt 0.377216 0.964415
vt 0.379187 0.964415
vt 0.381157 0.964415
vt 0.383127 0.964415
vt 0.385097 0.964415
vt 0.387067 0.964415
vt 0.389037 0.964415
vt 0.391008 0.964415
vt 0.392978 0.964415
vt 0.394948 0.964415
vt 0.396918 0.964415
vt 0.398888 0.964415
vt 0.400859 0.964415
vt 0.341753 0.966386
vt 0.343723 0.966386
vt 0.345693 0.966386
vt 0.347663 0.966386
vt 0.349634 0.966386
vt 0.351604 0.966386
vt 0.353574 0.966386
vt 0.355544 0.966386
vt 0.357514 0.966386
vt 0.359485 0.966386
vt 0.361455 0.966386
vt 0.363425 0.966386
vt 0.365395 0.966386
vt 0.367365 0.966386
vt 0.369336 0.966386
vt 0.371306 0.966386
vt 0.373276 0.966386
vt 0.375246 0.966386
vt 0.377216 0.966386
vt 0.379187 0.966386
vt 0.381157 0.966386
vt 0.383127 0.966386
vt 0.385097 0.966386
vt 0.387067 0.966386
vt 0.389037 0.966386
vt 0.391008 0.966386
vt 0.392978 0.966386
vt 0.394948 0.966386
vt 0.396918 0.966386
vt 0.398888 0.966386
vt 0.400859 0.966386
vt 0.341753 0.968356
vt 0.343723 0.968356
vt 0.345693 0.968356
vt 0.347663 0.968356
vt 0.349634 0.968356
vt 0.351604 0.968356
vt 0.353574 0.968356
vt 0.355544 0.968356
vt 0.357514 0.968356
vt 0.359485 0.968356
vt 0.361455 0.968356
vt 0.363425 0.968356
vt 0.365395 0.968356
vt 0.367365 0.968356
vt 0.369336 0.968356
vt 0.371306 0.968356
vt 0.373276 0.968356
vt 0.375246 0.968356
vt 0.377216 0.968356
vt 0.379187 0.968356
vt 0.381157 0.968356
vt 0.383127 0.968356
vt 0.385097 0.968356
vt 0.387067 0.968356
vt 0.389037 0.968356
vt 0.391008 0.968356
vt 0.392978 0.968356
vt 0.394948 0.968356
vt 0.396918 0.968356
vt 0.398888 0.968356
vt 0.400859 0.968356
vt 0.341753 0.970326
vt 0.343723 0.970326
vt 0.345693 0.970326
vt 0.347663 0.970326
vt 0.349634 0.970326
vt 0.351604 0.970326
vt 0.353574 0.970326
vt 0.355544 0.970326
vt 0.357514 0.970326
vt 0.359485 0.970326
vt 0.361455 0.970326
vt 0.363425 0.970326
vt 0.365395 0.970326
vt 0.367365 0.970326
vt 0.369336 0.970326
vt 0.371306 0.970326
vt 0.373276 0.970326
vt 0.375246 0.970326
vt 0.377216 0.970326
vt 0.379187 0.970326
vt 0.381157 0.970326
vt 0.383127 0.970326
vt 0.385097 0.970326
vt 0.387067 0.970326
vt 0.389037 0.970326
vt 0.391008 0.970326
vt 0.392978 0.970326
vt 0.394948 0.970326
vt 0.396918 0.970326
vt 0.398888 0.970326
vt 0.400859 0.970326
vt 0.341753 0.972296
vt 0.343723 0.972296
vt 0.345693 0.972296
vt 0.347663 0.972296
vt 0.349634 0.972296
vt 0.351604 0.972296
vt 0.353574 0.972296
vt 0.355544 0.972296
vt 0.357514 0.972296
vt 0.359485 0.972296
vt 0.361455 0.972296
vt 0.363425 0.972296
vt 0.365395 0.972296
vt 0.367365 0.972296
vt 0.369336 0.972296
vt 0.371306 0.972296
vt 0.373276 0.972296
vt 0.375246 0.972296
vt 0.377216 0.972296
vt 0.379187 0.972296
vt 0.381157 0.972296
vt 0.383127 0.972296
vt 0.385097 0.972296
vt 0.387067 0.972296
vt 0.389037 0.972296
vt 0.391008 0.972296
vt 0.392978 0.972296
vt 0.394948 0.972296
vt 0.396918 0.972296
vt 0.398888 0.972296
vt 0.400859 0.972296
vt 0.341753 0.974266
vt 0.343723 0.974266
vt 0.345693 0.974266
vt 0.347663 0.974266
vt 0.349634 0.974266
vt 0.351604 0.974266
vt 0.353574 0.974266
vt 0.355544 0.974266
vt 0.357514 0.974266
vt 0.359485 0.974266
vt 0.361455 0.974266
vt 0.363425 0.974266
vt 0.365395 0.974266
vt 0.367365 0.974266
vt 0.369336 0.974266
vt 0.371306 0.974266
vt 0.373276 0.974266
vt 0.375246 0.974266
vt 0.377216 0.974266
vt 0.379187 0.974266
vt 0.381157 0.974266
vt 0.383127 0.974266
vt 0.385097 0.974266
vt 0.387067 0.974266
vt 0.389037 0.974266
vt 0.391008 0.974266
vt 0.392978 0.974266
vt 0.394948 0.974266
vt 0.396918 0.974266
vt 0.398888 0.974266
vt 0.400859 0.974266
vt 0.341753 0.976237
vt 0.343723 0.976237
vt 0.345693 0.976237
vt 0.347663 0.976237
vt 0.349634 0.976237
vt 0.351604 0.976237
vt 0.353574 0.976237
vt 0.355544 0.976237
vt 0.357514 0.976237
vt 0.359485 0.976237
vt 0.361455 0.976237
vt 0.363425 0.976237
vt 0.365395 0.976237
vt 0.367365 0.976237
vt 0.369336 0.976237
vt 0.371306 0.976237
vt 0.373276 0.976237
vt 0.375246 0.976237
vt 0.377216 0.976237
vt 0.379187 0.976237
vt 0.381157 0.976237
vt 0.383127 0.976237
vt 0.385097 0.976237
vt 0.387067 0.976237
vt 0.389037 0.976237
vt 0.391008 0.976237
vt 0.392978 0.976237
vt 0.394948 0.976237
vt 0.396918 0.976237
vt 0.398888 0.976237
vt 0.400859 0.976237
vt 0.341753 0.978207
vt 0.343723 0.978207
vt 0.345693 0.978207
vt 0.347663 0.978207
vt 0.349634 0.978207
vt 0.351604 0.978207
vt 0.353574 0.978207
vt 0.355544 0.978207
vt 0.357514 0.978207
vt 0.359485 0.978207
vt 0.361455 0.978207
vt 0.363425 0.978207
vt 0.365395 0.978207
vt 0.367365 0.978207
vt 0.369336 0.978207
vt 0.371306 0.978207
vt 0.373276 0.978207
vt 0.375246 0.978207
vt 0.377216 0.978207
vt 0.379187 0.978207
vt 0.381157 0.978207
vt 0.383127 0.978207
vt 0.385097 0.978207
vt 0.387067 0.978207
vt 0.389037 0.978207
vt 0.391008 0.978207
vt 0.392978 0.978207
vt 0.394948 0.978207
vt 0.396918 0.978207
vt 0.398888 0.978207
vt 0.400859 0.978207
vt 0.341753 0.980177
vt 0.343723 0.980177
vt 0.345693 0.980177
vt 0.347663 0.980177
vt 0.349634 0.980177
vt 0.351604 0.980177
vt 0.353574 0.980177
vt 0.355544 0.980177
vt 0.357514 0.980177
vt 0.359485 0.980177
vt 0.361455 0.980177
vt 0.363425 0.980177
vt 0.365395 0.980177
vt 0.367365 0.980177
vt 0.369336 0.980177
vt 0.371306 0.980177
vt 0.373276 0.980177
vt 0.375246 0.980177
vt 0.377216 0.980177
vt 0.379187 0.980177
vt 0.381157 0.980177
vt 0.383127 0.980177
vt 0.385097 0.980177
vt 0.387067 0.980177
vt 0.389037 0.980177
vt 0.391008 0.980177
vt 0.392978 0.980177
vt 0.394948 0.980177
vt 0.396918 0.980177
vt 0.398888 0.980177
vt 0.400859 0.980177
vt 0.341753 0.982147
vt 0.343723 0.982147
vt 0.345693 0.982147
vt 0.347663 0.982147
vt 0.349634 0.982147
vt 0.351604 0.982147
vt 0.353574 0.982147
vt 0.355544 0.982147
vt 0.357514 0.982147
vt 0.359485 0.982147
vt 0.361455 0.982147
vt 0.363425 0.982147
vt 0.365395 0.982147
vt 0.367365 0.982147
vt 0.369336 0.982147
vt 0.371306 0.982147
vt 0.373276 0.982147
vt 0.375246 0.982147
vt 0.377216 0.982147
vt 0.379187 0.982147
vt 0.381157 0.982147
vt 0.383127 0.982147
vt 0.385097 0.982147
vt 0.387067 0.982147
vt 0.389037 0.982147
vt 0.391008 0.982147
vt 0.392978 0.982147
vt 0.394948 0.982147
vt 0.396918 0.982147
vt 0.398888 0.982147
vt 0.400859 0.982147
vt 0.341753 0.984117
vt 0.343723 0.984117
vt 0.345693 0.984117
vt 0.347663 0.984117
vt 0.349634 0.984117
vt 0.351604 0.984117
vt 0.353574 0.984117
vt 0.355544 0.984117
vt 0.357514 0.984117
vt 0.359485 0.984117
vt 0.361455 0.984117
vt 0.363425 0.984117
vt 0.365395 0.984117
vt 0.367365 0.984117
vt 0.369336 0.984117
vt 0.371306 0.984117
vt 0.373276 0.984117
vt 0.375246 0.984117
vt 0.377216 0.984117
vt 0.379187 0.984117
vt 0.381157 0.984117
vt 0.383127 0.984117
vt 0.385097 0.984117
vt 0.387067 0.984117
vt 0.389037 0.984117
vt 0.391008 0.984117
vt 0.392978 0.984117
vt 0.394948 0.984117
vt 0.396918 0.984117
vt 0.398888 0.984117
vt 0.400859 0.984117
vt 0.341753 0.986088
vt 0.343723 0.986088
vt 0.345693 0.986088
vt 0.347663 0.986088
vt 0.349634 0.986088
vt 0.351604 0.986088
vt 0.353574 0.986088
vt 0.355544 0.986088
vt 0.357514 0.986088
vt 0.359485 0.986088
vt 0.361455 0.986088
vt 0.363425 0.986088
vt 0.365395 0.986088
vt 0.367365 0.986088
vt 0.369336 0.986088
vt 0.371306 0.986088
vt 0.373276 0.986088
vt 0.375246 0.986088
vt 0.377216 0.986088
vt 0.379187 0.986088
vt 0.381157 0.986088
vt 0.383127 0.986088
vt 0.385097 0.986088
vt 0.387067 0.986088
vt 0.389037 0.986088
vt 0.391008 0.986088
vt 0.392978 0.986088
vt 0.394948 0.986088
vt 0.396918 0.986088
vt 0.398888 0.986088
vt 0.400859 0.986088
vt 0.341753 0.988058
vt 0.343723 0.988058
vt 0.345693 0.988058
vt 0.347663 0.988058
vt 0.349634 0.988058
vt 0.351604 0.988058
vt 0.353574 0.988058
vt 0.355544 0.988058
vt 0.357514 0.988058
vt 0.359485 0.988058
vt 0.361455 0.988058
vt 0.363425 0.988058
vt 0.365395 0.988058
vt 0.367365 0.988058
vt 0.369336 0.988058
vt 0.371306 0.988058
vt 0.373276 0.988058
vt 0.375246 0.988058
vt 0.377216 0.988058
vt 0.379187 0.988058
vt 0.381157 0.988058
vt 0.383127 0.988058
vt 0.385097 0.988058
vt 0.387067 0.988058
vt 0.389037 0.988058
vt 0.391008 0.988058
vt 0.392978 0.988058
vt 0.394948 0.988058
vt 0.396918 0.988058
vt 0.398888 0.988058
vt 0.400859 0.988058
vt 0.341753 0.990028
vt 0.343723 0.990028
vt 0.345693 0.990028
vt 0.347663 0.990028
vt 0.349634 0.990028
vt 0.351604 0.990028
vt 0.353574 0.990028
vt 0.355544 0.990028
vt 0.357514 0.990028
vt 0.359485 0.990028
vt 0.361455 0.990028
vt 0.363425 0.990028
vt 0.365395 0.990028
vt 0.367365 0.990028
vt 0.369336 0.990028
vt 0.371306 0.990028
vt 0.373276 0.990028
vt 0.375246 0.990028
vt 0.377216 0.990028
vt 0.379187 0.990028
vt 0.381157 0.990028
vt 0.383127 0.990028
vt 0.385097 0.990028
vt 0.387067 0.990028
vt 0.389037 0.990028
vt 0.391008 0.990028
vt 0.392978 0.990028
vt 0.394948 0.990028
vt 0.396918 0.990028
vt 0.398888 0.990028
vt 0.400859 0.990028
vt 0.341753 0.991998
vt 0.343723 0.991998
vt 0.345693 0.991998
vt 0.347663 0.991998
vt 0.349634 0.991998
vt 0.351604 0.991998
vt 0.353574 0.991998
vt 0.355544 0.991998
vt 0.357514 0.991998
vt 0.359485 0.991998
vt 0.361455 0.991998
vt 0.363425 0.991998
vt 0.365395 0.991998
vt 0.367365 0.991998
vt 0.369336 0.991998
vt 0.371306 0.991998
vt 0.373276 0.991998
vt 0.375246 0.991998
vt 0.377216 0.991998
vt 0.379187 0.991998
vt 0.381157 0.991998
vt 0.383127 0.991998
vt 0.385097 0.991998
vt 0.387067 0.991998
vt 0.389037 0.991998
vt 0.391008 0.991998
vt 0.392978 0.991998
vt 0.394948 0.991998
vt 0.396918 0.991998
vt 0.398888 0.991998
vt 0.400859 0.991998
vt 0.459965 0.755575
vt 0.457994 0.755575
vt 0.456024 0.755575
vt 0.454054 0.755575
vt 0.452084 0.755575
vt 0.450114 0.755575
vt 0.448143 0.755575
vt 0.446173 0.755575
vt 0.444203 0.755575
vt 0.442233 0.755575
vt 0.440263 0.755575
vt 0.438293 0.755575
vt 0.436322 0.755575
vt 0.434352 0.755575
vt 0.432382 0.755575
vt 0.430412 0.755575
vt 0.428441 0.755575
vt 0.426471 0.755575
vt 0.424501 0.755575
vt 0.422531 0.755575
vt 0.420561 0.755575
vt 0.418590 0.755575
vt 0.416620 0.755575
vt 0.414650 0.755575
vt 0.412680 0.755575
vt 0.410710 0.755575
vt 0.408740 0.755575
vt 0.406769 0.755575
vt 0.404799 0.755575
vt 0.402829 0.755575
vt 0.459965 0.814681
vt 0.457994 0.814681
vt 0.456024 0.814681
vt 0.454054 0.814681
vt 0.452084 0.814681
vt 0.450114 0.814681
vt 0.448143 0.814681
vt 0.446173 0.814681
vt 0.444203 0.814681
vt 0.442233 0.814681
vt 0.440263 0.814681
vt 0.438293 0.814681
vt 0.436322 0.814681
vt 0.434352 0.814681
vt 0.432382 0.814681
vt 0.430412 0.814681
vt 0.428441 0.814681
vt 0.426471 0.814681
vt 0.424501 0.814681
vt 0.422531 0.814681
vt 0.420561 0.814681
vt 0.418590 0.814681
vt 0.416620 0.814681
vt 0.414650 0.814681
vt 0.412680 0.814681
vt 0.410710 0.814681
vt 0.408740 0.814681
vt 0.406769 0.814681
vt 0.404799 0.814681
vt 0.402829 0.814681
vt 0.282647 0.755575
vt 0.284617 0.755575
vt 0.286587 0.755575
vt 0.288557 0.755575
vt 0.290528 0.755575
vt 0.292498 0.755575
vt 0.294468 0.755575
vt 0.296438 0.755575
vt 0.298408 0.755575
vt 0.300379 0.755575
vt 0.302349 0.755575
vt 0.304319 0.755575
vt 0.306289 0.755575
vt 0.308259 0.755575
vt 0.310230 0.755575
vt 0.312200 0.755575
vt 0.314170 0.755575
vt 0.316140 0.755575
vt 0.318110 0.755575
vt 0.320081 0.755575
vt 0.322051 0.755575
vt 0.324021 0.755575
vt 0.325991 0.755575
vt 0.327961 0.755575
vt 0.329932 0.755575
vt 0.331902 0.755575
vt 0.333872 0.755575
vt 0.335842 0.755575
vt 0.337812 0.755575
vt 0.339783 0.755575
vt 0.282647 0.814681
vt 0.284617 0.814681
vt 0.286587 0.814681
vt 0.288557 0.814681
vt 0.290528 0.814681
vt 0.292498 0.814681
vt 0.294468 0.814681
vt 0.296438 0.814681
vt 0.298408 0.814681
vt 0.300379 0.814681
vt 0.302349 0.814681
vt 0.304319 0.814681
vt 0.306289 0.814681
vt 0.308259 0.814681
vt 0.310230 0.814681
vt 0.312200 0.814681
vt 0.314170 0.814681
vt 0.316140 0.814681
vt 0.318110 0.814681
vt 0.320081 0.814681
vt 0.322051 0.814681
vt 0.324021 0.814681
vt 0.325991 0.814681
vt 0.327961 0.814681
vt 0.329932 0.814681
vt 0.331902 0.814681
vt 0.333872 0.814681
vt 0.335842 0.814681
vt 0.337812 0.814681
vt 0.339783 0.814681
vn -0.063147 0.038607 0.997257
vn 0.074053 0.020746 0.997039
vn 0.070964 0.021154 0.997255
vn -0.063147 0.038607 0.997257
vn 0.228143 -0.005983 0.973609
vn 0.227473 -0.005789 0.973767
vn 0.258174 -0.010036 0.966046
vn 0.258253 -0.010138 0.966024
vn 0.237918 -0.000904 0.971285
vn 0.238130 -0.000950 0.971233
vn 0.186283 0.005858 0.982479
vn 0.186582 0.005830 0.982422
vn 0.162480 0.012962 0.986627
vn 0.162416 0.012940 0.986638
vn 0.128096 0.014497 0.991656
vn 0.128004 0.014493 0.991668
vn 0.030611 0.016636 0.999393
vn 0.030630 0.016634 0.999392
vn 0.161692 0.020815 0.986622
vn 0.159165 0.020815 0.987033
vn 0.016120 0.017763 0.999712
vn 0.006154 0.017649 0.999825
vn -0.160987 0.020838 0.986737
vn -0.162516 0.020762 0.986487
vn 0.109936 0.027681 0.993553
vn 0.107585 0.027681 0.993811
vn -0.082126 0.025107 0.996306
vn -0.091484 0.025000 0.995493
vn -0.187220 0.021126 0.982091
vn -0.189748 0.021119 0.981606
vn -0.134592 0.024106 0.990608
vn -0.135453 0.024120 0.990490
vn -0.059359 0.025933 0.997900
vn -0.063278 0.025952 0.997658
vn -0.172398 0.022707 0.984766
vn -0.181661 0.022633 0.983101
vn -0.332413 0.023292 0.942846
vn -0.334619 0.023241 0.942067
vn -0.183252 0.030503 0.982593
vn -0.183197 0.030499 0.982603
vn -0.229871 0.028219 0.972812
vn -0.229873 0.028206 0.972812
vn -0.348417 0.022099 0.937079
vn -0.349037 0.022098 0.936848
vn -0.304264 0.027423 0.952193
vn -0.305568 0.027379 0.951776
vn -0.315717 0.030126 0.948375
vn -0.319122 0.030071 0.947237
vn -0.446654 0.028870 0.894241
vn -0.446471 0.028878 0.894332
vn -0.421699 0.037037 0.905979
vn -0.422095 0.037111 0.905792
vn -0.470444 0.045720 0.881244
vn -0.470807 0.045777 0.881048
vn -0.491925 0.050027 0.869199
vn -0.492031 0.050066 0.869137
vn -0.468109 0.037625 0.882869
vn -0.467394 0.037274 0.883263
vn -0.326020 0.022147 0.945104
vn -0.323479 0.022158 0.945976
vn -0.192544 0.022493 0.981031
vn -0.192544 0.022493 0.981031
vn -0.396171 0.901917 0.172031
vn -0.280247 0.881977 0.378916
vn -0.519538 0.830945 0.199023
vn -0.642371 0.766392 -0.001877
vn -0.048067 0.747125 0.662943
vn -0.244786 0.824250 0.510580
vn 0.102121 0.599115 0.794124
vn -0.046454 0.728845 0.683101
vn 0.151224 0.496730 0.854629
vn 0.052608 0.629168 0.775487
vn 0.143267 0.440877 0.886060
vn 0.084278 0.557949 0.825585
vn 0.132121 0.411434 0.901813
vn 0.094817 0.512255 0.853584
vn 0.105226 0.390808 0.914438
vn 0.077638 0.481667 0.872909
vn 0.036757 0.387268 0.921234
vn 0.030386 0.467689 0.883371
vn 0.124794 0.373378 0.919247
vn 0.099140 0.444333 0.890359
vn 0.007051 0.358119 0.933649
vn -0.006997 0.428333 0.903594
vn -0.126849 0.372592 0.919285
vn -0.100004 0.436107 0.894321
vn 0.083289 0.372055 0.924466
vn 0.060093 0.432186 0.899780
vn -0.083262 0.358814 0.929688
vn -0.084830 0.420956 0.903106
vn -0.167196 0.362284 0.916949
vn -0.150744 0.424215 0.892927
vn -0.121392 0.372460 0.920075
vn -0.115150 0.436666 0.892224
vn -0.064920 0.366845 0.928014
vn -0.074356 0.426759 0.901304
vn -0.171432 0.360811 0.916748
vn -0.163868 0.422913 0.891231
vn -0.287920 0.369259 0.883601
vn -0.261754 0.431634 0.863236
vn -0.170581 0.383181 0.907785
vn -0.164977 0.449583 0.877871
vn -0.223155 0.373478 0.900398
vn -0.217475 0.446471 0.867968
vn -0.311147 0.375310 0.873115
vn -0.279481 0.454262 0.845894
vn -0.273297 0.387498 0.880428
vn -0.259218 0.468971 0.844318
vn -0.301515 0.387938 0.870972
vn -0.271157 0.480662 0.833929
vn -0.376015 0.407890 0.832009
vn -0.319565 0.508705 0.799436
vn -0.353462 0.448481 0.820932
vn -0.283052 0.560794 0.778069
vn -0.361026 0.499505 0.787499
vn -0.247975 0.629775 0.736133
vn -0.303193 0.595245 0.744149
vn -0.131523 0.728242 0.672580
vn -0.135255 0.741295 0.657410
vn 0.098871 0.826724 0.553852
vn 0.174692 0.875180 0.451157
vn 0.459400 0.828540 0.320116
vn 0.362820 0.888150 0.282050
vn 0.645162 0.748169 0.154946
vn -0.785119 0.610128 -0.106457
vn -0.857895 0.453810 -0.240985
vn -0.558643 0.811404 0.171878
vn -0.325719 0.855213 0.403136
vn -0.157453 0.813009 0.560558
vn -0.056639 0.749509 0.659566
vn -0.003175 0.692437 0.721471
vn 0.010756 0.648190 0.761403
vn 0.001169 0.618699 0.785627
vn 0.030726 0.589858 0.806922
vn -0.023666 0.568737 0.822179
vn -0.059893 0.567650 0.821088
vn 0.007048 0.558053 0.829776
vn -0.080558 0.546347 0.833676
vn -0.114966 0.551229 0.826396
vn -0.103697 0.559068 0.822612
vn -0.093555 0.551106 0.829174
vn -0.147413 0.548433 0.823098
vn -0.194184 0.561445 0.804408
vn -0.146971 0.577576 0.802998
vn -0.189393 0.584128 0.789256
vn -0.214759 0.601072 0.769800
vn -0.203026 0.623550 0.754961
vn -0.194495 0.649835 0.734770
vn -0.177956 0.692051 0.699569
vn -0.107537 0.749216 0.653537
vn 0.009773 0.813646 0.581278
vn 0.214028 0.857442 0.467959
vn 0.499792 0.813785 0.296584
vn 0.794922 0.601389 0.080182
vn 0.900686 0.433362 -0.031025
vn -0.875802 0.408639 -0.256874
vn -0.908939 0.251616 -0.332444
vn -0.738271 0.670975 -0.068912
vn -0.547365 0.825173 0.139578
vn -0.365605 0.874321 0.319211
vn -0.225411 0.861942 0.454143
vn -0.132550 0.825111 0.549201
vn -0.081649 0.785072 0.614000
vn -0.057522 0.751944 0.656713
vn -0.036097 0.724279 0.688561
vn -0.047004 0.702866 0.709768
vn -0.052727 0.692227 0.719751
vn -0.035071 0.679992 0.732380
vn -0.073520 0.670176 0.738552
vn -0.089131 0.670818 0.736247
vn -0.091982 0.672879 0.734012
vn -0.096740 0.670899 0.735211
vn -0.119218 0.673278 0.729715
vn -0.131797 0.684436 0.717062
vn -0.115851 0.695938 0.708695
vn -0.135662 0.708184 0.692872
vn -0.135044 0.729587 0.670422
vn -0.113559 0.756674 0.643854
vn -0.075020 0.789055 0.609725
vn -0.007066 0.827554 0.561341
vn 0.107555 0.863296 0.493105
vn 0.277369 0.875304 0.396118
vn 0.501011 0.824082 0.264343
vn 0.738608 0.665428 0.107998
vn 0.915787 0.400038 -0.036109
vn 0.965038 0.243545 -0.096893
vn -0.911979 0.288661 -0.291494
vn -0.931602 0.161470 -0.325647
vn -0.826454 0.530859 -0.187517
vn -0.687259 0.725402 -0.038292
vn -0.528076 0.840804 0.119102
vn -0.380969 0.887647 0.258740
vn -0.265392 0.890576 0.369379
vn -0.184644 0.872996 0.451425
vn -0.131930 0.849924 0.510121
vn -0.098324 0.827500 0.552790
vn -0.081458 0.808442 0.582912
vn -0.070334 0.794363 0.603357
vn -0.063083 0.782318 0.619677
vn -0.071240 0.773784 0.629431
vn -0.075688 0.770868 0.632482
vn -0.078487 0.770597 0.632471
vn -0.081649 0.771920 0.630455
vn -0.084771 0.776579 0.624291
vn -0.081185 0.785005 0.614146
vn -0.071983 0.795025 0.602291
vn -0.066446 0.809127 0.583865
vn -0.044001 0.829047 0.557445
vn -0.002680 0.852532 0.522668
vn 0.064499 0.876325 0.477382
vn 0.166098 0.893341 0.417557
vn 0.307566 0.889062 0.339075
vn 0.487446 0.839497 0.240086
vn 0.682653 0.719716 0.126467
vn 0.852675 0.522175 0.016707
vn 0.957264 0.282282 -0.062946
vn 0.983197 0.157797 -0.091785
vn -0.927290 0.224975 -0.299197
vn -0.939481 0.119596 -0.321050
vn -0.869677 0.434380 -0.234468
vn -0.767701 0.626293 -0.135619
vn -0.637878 0.769965 -0.016311
vn -0.501813 0.858657 0.104366
vn -0.379610 0.900650 0.211483
vn -0.281482 0.911951 0.298518
vn -0.208767 0.906993 0.365760
vn -0.158151 0.895404 0.416221
vn -0.122714 0.882719 0.453596
vn -0.098378 0.871110 0.481134
vn -0.083692 0.861308 0.501142
vn -0.074719 0.854325 0.514340
vn -0.068376 0.850579 0.521383
vn -0.063456 0.849607 0.523585
vn -0.058051 0.851286 0.521481
vn -0.049054 0.855514 0.515451
vn -0.035547 0.862079 0.505526
vn -0.018060 0.870960 0.491022
vn 0.008122 0.882558 0.470134
vn 0.049700 0.895898 0.441472
vn 0.110849 0.908190 0.403613
vn 0.198472 0.913568 0.354968
vn 0.316548 0.901897 0.293903
vn 0.462817 0.858675 0.220176
vn 0.626153 0.767369 0.138118
vn 0.781886 0.620686 0.058340
vn 0.902755 0.430131 -0.004565
vn 0.972862 0.227988 -0.039513
vn 0.990505 0.128307 -0.049370
vn -0.945262 0.192613 -0.263400
vn -0.957561 0.098164 -0.270999
vn -0.895598 0.378493 -0.233766
vn -0.813736 0.554157 -0.175338
vn -0.707273 0.700703 -0.093705
vn -0.586894 0.809664 -0.000012
vn -0.468137 0.878837 0.092158
vn -0.363262 0.915347 0.173727
vn -0.278282 0.929787 0.240948
vn -0.213297 0.931778 0.293758
vn -0.164102 0.928041 0.334382
vn -0.127803 0.922154 0.365102
vn -0.101558 0.916284 0.387439
vn -0.080681 0.911695 0.402869
vn -0.063775 0.908783 0.412367
vn -0.048992 0.907801 0.416531
vn -0.033613 0.908884 0.415692
vn -0.014814 0.911779 0.410415
vn 0.008522 0.916188 0.400658
vn 0.038137 0.921887 0.385579
vn 0.079250 0.927846 0.364445
vn 0.135751 0.931853 0.336484
vn 0.211542 0.930018 0.300527
vn 0.310685 0.915492 0.255636
vn 0.433030 0.878476 0.201906
vn 0.571530 0.808293 0.141477
vn 0.712294 0.697356 0.079574
vn 0.836283 0.547804 0.023283
vn 0.928359 0.370984 -0.022818
vn 0.980132 0.189294 -0.059235
vn 0.992159 0.100068 -0.074881
vn -0.949410 0.189837 -0.250164
vn -0.962173 0.111636 -0.248515
vn -0.907065 0.348906 -0.235581
vn -0.839790 0.506754 -0.194814
vn -0.750961 0.646296 -0.135497
vn -0.645169 0.761360 -0.063938
vn -0.533483 0.845737 0.011150
vn -0.427859 0.900129 0.081886
vn -0.336152 0.930823 0.143422
vn -0.261076 0.945618 0.194026
vn -0.201355 0.951112 0.234185
vn -0.154572 0.951731 0.265171
vn -0.117664 0.950310 0.288211
vn -0.087052 0.948487 0.304623
vn -0.060712 0.947046 0.315305
vn -0.036488 0.946463 0.320742
vn -0.011744 0.946899 0.321316
vn 0.016049 0.948176 0.317340
vn 0.048861 0.949883 0.308765
vn 0.089276 0.951257 0.295195
vn 0.141263 0.950645 0.276258
vn 0.208208 0.945175 0.251581
vn 0.293069 0.930280 0.220658
vn 0.397123 0.899251 0.183415
vn 0.517229 0.844180 0.140834
vn 0.644482 0.758614 0.095647
vn 0.765813 0.640906 0.052631
vn 0.868420 0.495530 0.017216
vn 0.944112 0.329544 -0.007348
vn 0.986966 0.159735 -0.019575
vn 0.996830 0.075968 -0.023658
vn -0.944901 0.169968 -0.279772
vn -0.949955 0.096818 -0.297005
vn -0.915752 0.319196 -0.243950
vn -0.859677 0.468668 -0.203238
vn -0.781619 0.604212 -0.154919
vn -0.685818 0.720932 -0.099549
vn -0.580914 0.812979 -0.040048
vn -0.477045 0.878681 0.018661
vn -0.382194 0.921257 0.072203
vn -0.300603 0.946417 0.118038
vn -0.232930 0.959982 0.155493
vn -0.177575 0.966554 0.185043
vn -0.131935 0.969285 0.207558
vn -0.093106 0.970133 0.223993
vn -0.058650 0.970199 0.235107
vn -0.026288 0.970072 0.241392
vn 0.006530 0.969955 0.243196
vn 0.042297 0.969659 0.240773
vn 0.083259 0.968626 0.234161
vn 0.132156 0.965763 0.223243
vn 0.192160 0.959092 0.207889
vn 0.266075 0.945440 0.188008
vn 0.355824 0.920115 0.163642
vn 0.460703 0.877179 0.135315
vn 0.575838 0.810863 0.104462
vn 0.691912 0.718191 0.073893
vn 0.797578 0.601312 0.047898
vn 0.884414 0.465650 0.031339
vn 0.948367 0.315890 0.028522
vn 0.985254 0.166052 0.041236
vn 0.994332 0.092827 0.051842
vn -0.969119 0.148493 -0.196873
vn -0.977565 0.070443 -0.198506
vn -0.934474 0.299796 -0.192042
vn -0.877772 0.445214 -0.176920
vn -0.802959 0.576578 -0.151044
vn -0.713411 0.691337 -0.114444
vn -0.614650 0.785673 -0.070168
vn -0.513717 0.857650 -0.023058
vn -0.417935 0.908208 0.022101
vn -0.332330 0.941109 0.062216
vn -0.258824 0.961146 0.095960
vn -0.196794 0.972674 0.123200
vn -0.144209 0.978950 0.144430
vn -0.098542 0.982136 0.160306
vn -0.057332 0.983524 0.171445
vn -0.018185 0.983809 0.178298
vn 0.021370 0.983214 0.181199
vn 0.063739 0.981522 0.180423
vn 0.111295 0.978061 0.176096
vn 0.166654 0.971554 0.168251
vn 0.232477 0.959858 0.156928
vn 0.310921 0.939729 0.142260
vn 0.402817 0.906751 0.124667
vn 0.506340 0.855923 0.104957
vn 0.615848 0.783318 0.084522
vn 0.722433 0.688354 0.065270
vn 0.817188 0.574306 0.048756
vn 0.894053 0.446540 0.035643
vn 0.950969 0.308203 0.025867
vn 0.985777 0.167244 0.016505
vn 0.995247 0.096737 0.011225
vn -0.971826 0.166763 -0.166564
vn -0.983039 0.101143 -0.152988
vn -0.936596 0.301862 -0.177952
vn -0.882309 0.438413 -0.171247
vn -0.813400 0.561353 -0.152521
vn -0.731034 0.671002 -0.123877
vn -0.638364 0.764617 -0.088610
vn -0.540813 0.839634 -0.050356
vn -0.445213 0.895335 -0.012683
vn -0.357190 0.933779 0.021721
vn -0.279526 0.958762 0.051390
vn -0.212429 0.974225 0.075892
vn -0.154386 0.983393 0.095413
vn -0.103180 0.988518 0.110393
vn -0.056450 0.991009 0.121302
vn -0.011770 0.991634 0.128546
vn 0.033227 0.990631 0.132460
vn 0.080886 0.987767 0.133316
vn 0.133614 0.982297 0.131301
vn 0.193832 0.972837 0.126557
vn 0.263804 0.957178 0.119240
vn 0.345079 0.932151 0.109615
vn 0.437562 0.893809 0.098212
vn 0.538654 0.838126 0.086009
vn 0.642479 0.762677 0.074462
vn 0.741360 0.667932 0.065209
vn 0.828709 0.556534 0.059263
vn 0.899963 0.432297 0.056448
vn 0.953425 0.296519 0.055295
vn 0.985699 0.158373 0.057574
vn 0.994212 0.089718 0.059108
vn -0.952586 0.161884 -0.257632
vn -0.956994 0.101049 -0.271939
vn -0.929407 0.289572 -0.228805
vn -0.885028 0.421019 -0.198668
vn -0.823624 0.542307 -0.165973
vn -0.746069 0.652401 -0.133248
vn -0.656601 0.747464 -0.100864
vn -0.561039 0.824942 -0.068592
vn -0.465708 0.884158 -0.037157
vn -0.376143 0.926527 -0.008039
vn -0.295555 0.955164 0.017571
vn -0.224673 0.973647 0.039166
vn -0.162412 0.985090 0.056755
vn -0.106834 0.991766 0.070619
vn -0.055700 0.995147 0.081121
vn -0.006640 0.996043 0.088622
vn 0.042635 0.994712 0.093441
vn 0.094441 0.990906 0.095846
vn 0.151125 0.983836 0.096064
vn 0.214928 0.972066 0.094301
vn 0.287794 0.953379 0.090788
vn 0.370779 0.924747 0.085827
vn 0.463213 0.882646 0.079807
vn 0.562012 0.823877 0.073281
vn 0.661739 0.746769 0.066609
vn 0.756397 0.651427 0.059212
vn 0.840802 0.539096 0.049265
vn 0.910250 0.412603 0.034681
vn 0.961190 0.275418 0.016071
vn 0.990130 0.140053 -0.005208
vn 0.997107 0.074534 -0.014916
vn -0.975251 0.138874 -0.172044
vn -0.981617 0.069353 -0.177815
vn -0.947569 0.273324 -0.165552
vn -0.901240 0.404255 -0.156027
vn -0.837752 0.526923 -0.143262
vn -0.759216 0.638518 -0.126041
vn -0.670227 0.734764 -0.104489
vn -0.575678 0.813749 -0.080046
vn -0.480623 0.875216 -0.054757
vn -0.390034 0.920292 -0.030594
vn -0.307367 0.951550 -0.008899
vn -0.233687 0.972263 0.009746
vn -0.168247 0.985421 0.025265
vn -0.109322 0.993286 0.037847
vn -0.054814 0.997353 0.047781
vn -0.002420 0.998461 0.055398
vn 0.050101 0.996880 0.060996
vn 0.105020 0.992354 0.064844
vn 0.164625 0.984065 0.067187
vn 0.230980 0.970561 0.068265
vn 0.305794 0.949642 0.068335
vn 0.389802 0.918410 0.067661
vn 0.482027 0.873628 0.066508
vn 0.579190 0.812585 0.065145
vn 0.676609 0.733589 0.063619
vn 0.769336 0.635882 0.061453
vn 0.852101 0.520150 0.058039
vn 0.919032 0.390521 0.053606
vn 0.965817 0.254406 0.049750
vn 0.991353 0.121983 0.048364
vn 0.997331 0.056483 0.046258
vn -0.982527 0.154779 -0.103360
vn -0.991749 0.093876 -0.087303
vn -0.952144 0.279871 -0.122858
vn -0.903607 0.407947 -0.130663
vn -0.840479 0.525946 -0.130292
vn -0.764341 0.633264 -0.121492
vn -0.678000 0.727332 -0.106317
vn -0.585185 0.806155 -0.087597
vn -0.490640 0.868732 -0.067656
vn -0.399402 0.915508 -0.048207
vn -0.315245 0.948523 -0.030406
vn -0.239543 0.970773 -0.014803
vn -0.171812 0.985129 -0.001511
vn -0.110485 0.993831 0.009625
vn -0.053566 0.998386 0.018857
vn 0.001201 0.999649 0.026464
vn 0.056022 0.997894 0.032713
vn 0.113106 0.992861 0.037878
vn 0.174685 0.983718 0.042244
vn 0.242723 0.969002 0.046058
vn 0.318749 0.946543 0.049556
vn 0.403222 0.913566 0.053006
vn 0.494855 0.867122 0.056735
vn 0.590017 0.805060 0.061305
vn 0.683893 0.726406 0.068002
vn 0.771576 0.631186 0.079212
vn 0.848010 0.520862 0.097887
vn 0.908302 0.399026 0.125560
vn 0.949482 0.270075 0.159824
vn 0.969015 0.147764 0.197930
vn 0.971786 0.089301 0.218304
vn -0.969036 0.157579 -0.190101
vn -0.974937 0.098199 -0.199639
vn -0.944151 0.280307 -0.173224
vn -0.900296 0.405592 -0.157995
vn -0.841478 0.521597 -0.140900
vn -0.768202 0.628042 -0.124214
vn -0.683181 0.722155 -0.108424
vn -0.590850 0.801404 -0.092992
vn -0.496269 0.864693 -0.077610
vn -0.404456 0.912408 -0.062662
vn -0.319260 0.946411 -0.048770
vn -0.242213 0.969543 -0.036311
vn -0.172992 0.984596 -0.025377
vn -0.110168 0.993787 -0.015838
vn -0.051749 0.998632 -0.007472
vn 0.004473 0.999990 -0.000025
vn 0.060673 0.998135 0.006769
vn 0.119017 0.992805 0.013177
vn 0.181676 0.983166 0.019484
vn 0.250618 0.967738 0.025950
vn 0.327222 0.944379 0.032789
vn 0.411728 0.910421 0.040172
vn 0.502596 0.863177 0.048197
vn 0.595981 0.800985 0.056834
vn 0.687037 0.723624 0.065944
vn 0.771485 0.631794 0.075148
vn 0.845877 0.526796 0.083539
vn 0.907787 0.409801 0.089365
vn 0.955289 0.281502 0.090441
vn 0.984813 0.154147 0.079888
vn 0.993046 0.092908 0.072309
vn -0.982503 0.145858 -0.115820
vn -0.990009 0.079222 -0.116643
vn -0.954167 0.275293 -0.117388
vn -0.908593 0.401115 -0.116476
vn -0.847470 0.518219 -0.115083
vn -0.772062 0.625713 -0.111375
vn -0.685664 0.720333 -0.104808
vn -0.592645 0.799728 -0.095953
vn -0.497587 0.863155 -0.085854
vn -0.405233 0.911092 -0.075480
vn -0.319383 0.945359 -0.065507
vn -0.241606 0.968742 -0.056260
vn -0.171669 0.983995 -0.047794
vn -0.108193 0.993325 -0.039987
vn -0.049160 0.998258 -0.032630
vn 0.007589 0.999647 -0.025477
vn 0.064237 0.997768 -0.018255
vn 0.122940 0.992357 -0.010698
vn 0.185843 0.982576 -0.002528
vn 0.254936 0.966936 0.006527
vn 0.331543 0.943293 0.016654
vn 0.415872 0.908995 0.027882
vn 0.506387 0.861381 0.039935
vn 0.599466 0.798708 0.052022
vn 0.690645 0.720456 0.062868
vn 0.775712 0.627067 0.071122
vn 0.850801 0.519951 0.076088
vn 0.912896 0.400587 0.078425
vn 0.959554 0.270054 0.079548
vn 0.987474 0.135490 0.080852
vn 0.994546 0.067360 0.079633
vn -0.983390 0.149110 -0.103490
vn -0.991589 0.083521 -0.098873
vn -0.954490 0.278274 -0.107298
vn -0.907595 0.405271 -0.109672
vn -0.845613 0.522394 -0.109744
vn -0.769917 0.628963 -0.107859
vn -0.683424 0.722537 -0.104264
vn -0.590076 0.801203 -0.099422
vn -0.494496 0.864103 -0.093806
vn -0.401663 0.911566 -0.087834
vn -0.315498 0.945393 -0.081807
vn -0.237582 0.968401 -0.075857
vn -0.167679 0.983355 -0.069974
vn -0.104380 0.992474 -0.064028
vn -0.045651 0.997284 -0.057799
vn 0.010696 0.998639 -0.051043
vn 0.066853 0.996814 -0.043506
vn 0.125005 0.991542 -0.034907
vn 0.187329 0.981980 -0.024968
vn 0.255808 0.966635 -0.013401
vn 0.331836 0.943337 -0.000002
vn 0.415707 0.909371 0.015221
vn 0.506021 0.861930 0.031931
vn 0.599224 0.799056 0.049408
vn 0.690606 0.720124 0.066976
vn 0.775197 0.626050 0.084452
vn 0.848475 0.519262 0.102260
vn 0.907358 0.402487 0.121271
vn 0.950395 0.276543 0.142382
vn 0.974840 0.148705 0.166056
vn 0.980189 0.084550 0.179114
vn -0.982531 0.152884 -0.106107
vn -0.990511 0.087445 -0.106026
vn -0.953283 0.281841 -0.108707
vn -0.906304 0.408477 -0.108444
vn -0.843750 0.525912 -0.107254
vn -0.766924 0.632949 -0.105844
vn -0.678817 0.726811 -0.104660
vn -0.583822 0.805239 -0.103643
vn -0.487009 0.867366 -0.102467
vn -0.393541 0.913751 -0.100918
vn -0.307361 0.946439 -0.098907
vn -0.229910 0.968431 -0.096347
vn -0.160820 0.982580 -0.093133
vn -0.098555 0.991133 -0.089125
vn -0.041073 0.995608 -0.084127
vn 0.013923 0.996865 -0.077883
vn 0.068645 0.995172 -0.070144
vn 0.125334 0.990261 -0.060627
vn 0.186220 0.981284 -0.049026
vn 0.253282 0.966758 -0.035028
vn 0.328066 0.944476 -0.018384
vn 0.411002 0.911634 0.000922
vn 0.500802 0.865268 0.022557
vn 0.593783 0.803323 0.045754
vn 0.684854 0.725352 0.069569
vn 0.768861 0.632615 0.093012
vn 0.841688 0.527583 0.114967
vn 0.901031 0.412522 0.134049
vn 0.946117 0.287619 0.148788
vn 0.974016 0.162062 0.158205
vn 0.981836 0.100398 0.160994
vn -0.984286 0.152793 -0.088517
vn -0.992395 0.086842 -0.087237
vn -0.955007 0.283062 -0.088536
vn -0.906754 0.411804 -0.090636
vn -0.841868 0.531411 -0.094131
vn -0.761964 0.640054 -0.098706
vn -0.670648 0.734491 -0.103704
vn -0.572960 0.812365 -0.108537
vn -0.474418 0.873047 -0.112773
vn -0.380345 0.917530 -0.116085
vn -0.294556 0.948288 -0.118268
vn -0.218250 0.968586 -0.119197
vn -0.150820 0.981405 -0.118736
vn -0.090525 0.989029 -0.116735
vn -0.035240 0.992967 -0.113028
vn 0.017423 0.994064 -0.107391
vn 0.069769 0.992581 -0.099579
vn 0.124057 0.988249 -0.089296
vn 0.182572 0.980237 -0.076175
vn 0.247377 0.967068 -0.059865
vn 0.320171 0.946512 -0.040070
vn 0.401599 0.915663 -0.016710
vn 0.490587 0.871337 0.009836
vn 0.583647 0.811100 0.038373
vn 0.675878 0.733975 0.066849
vn 0.762536 0.640319 0.092364
vn 0.839763 0.531429 0.111271
vn 0.904481 0.409254 0.120105
vn 0.953646 0.276836 0.117992
vn 0.983833 0.144723 0.105492
vn 0.992020 0.079807 0.097607
vn -0.986527 0.151965 -0.060583
vn -0.994812 0.081265 -0.061198
vn -0.955181 0.288584 -0.065951
vn -0.904194 0.420614 -0.074282
vn -0.835713 0.542681 -0.084148
vn -0.751874 0.652428 -0.094993
vn -0.656837 0.746532 -0.106090
vn -0.556079 0.822875 -0.116844
vn -0.455670 0.881086 -0.126693
vn -0.361273 0.922623 -0.135086
vn -0.276454 0.950531 -0.141651
vn -0.202115 0.968389 -0.146193
vn -0.137293 0.979325 -0.148571
vn -0.080002 0.985647 -0.148661
vn -0.027926 0.988842 -0.146329
vn 0.021407 0.989722 -0.141395
vn 0.070380 0.988531 -0.133613
vn 0.121288 0.985007 -0.122683
vn 0.176463 0.978340 -0.108221
vn 0.238108 0.967079 -0.089792
vn 0.308090 0.948995 -0.067006
vn 0.387375 0.921068 -0.039693
vn 0.475276 0.879799 -0.008189
vn 0.568764 0.822081 0.026276
vn 0.663018 0.746061 0.061647
vn 0.752901 0.651148 0.095637
vn 0.833379 0.538099 0.126206
vn 0.899420 0.409824 0.151947
vn 0.946725 0.272159 0.172168
vn 0.972466 0.137279 0.188318
vn 0.978520 0.070903 0.193576
vn -0.984776 0.173661 -0.007642
vn -0.994177 0.107304 0.009915
vn -0.951289 0.306344 -0.034689
vn -0.896593 0.439247 -0.056422
vn -0.824220 0.561080 -0.076489
vn -0.736084 0.670164 -0.095182
vn -0.636625 0.762841 -0.113056
vn -0.532061 0.836626 -0.130262
vn -0.429519 0.891136 -0.146253
vn -0.335151 0.928450 -0.160169
vn -0.252110 0.952397 -0.171410
vn -0.180782 0.966963 -0.179726
vn -0.119696 0.975416 -0.185030
vn -0.066548 0.980050 -0.187278
vn -0.018791 0.982294 -0.186402
vn 0.026120 0.982904 -0.182258
vn 0.070652 0.982098 -0.174622
vn 0.117159 0.979611 -0.163209
vn 0.167970 0.974681 -0.147593
vn 0.225424 0.965916 -0.127241
vn 0.291619 0.951122 -0.101617
vn 0.367957 0.927174 -0.070393
vn 0.454282 0.890217 -0.033779
vn 0.548086 0.836392 0.007086
vn 0.644248 0.763170 0.050163
vn 0.736362 0.670080 0.093621
vn 0.817936 0.558813 0.136782
vn 0.883268 0.433028 0.179790
vn 0.928822 0.296694 0.221949
vn 0.951351 0.164996 0.260207
vn 0.954600 0.101941 0.279906
vn -0.981258 0.180167 -0.068353
vn -0.990763 0.113188 -0.074674
vn -0.946136 0.317647 -0.062662
vn -0.887405 0.455813 -0.068903
vn -0.809461 0.581320 -0.082707
vn -0.714640 0.691903 -0.102762
vn -0.608434 0.783444 -0.126586
vn -0.498687 0.853473 -0.151310
vn -0.393866 0.902460 -0.174461
vn -0.300251 0.933824 -0.194480
vn -0.220222 0.952428 -0.210674
vn -0.153278 0.962721 -0.222877
vn -0.097299 0.968039 -0.231156
vn -0.049599 0.970584 -0.235598
vn -0.007417 0.971671 -0.236220
vn 0.031879 0.971964 -0.232957
vn 0.070840 0.971635 -0.225628
vn 0.111810 0.970430 -0.213926
vn 0.157106 0.967655 -0.197388
vn 0.209172 0.962026 -0.175368
vn 0.270347 0.951455 -0.147128
vn 0.342585 0.932781 -0.112047
vn 0.426535 0.901752 -0.070079
vn 0.520537 0.853547 -0.022342
vn 0.619792 0.784258 0.028234
vn 0.717250 0.692545 0.077034
vn 0.805900 0.580018 0.118760
vn 0.880443 0.450324 0.148423
vn 0.937642 0.307146 0.162753
vn 0.974008 0.163202 0.157079
vn 0.984524 0.093152 0.148442
vn -0.984510 0.174702 -0.014823
vn -0.995320 0.096014 -0.010954
vn -0.944211 0.328043 -0.029213
vn -0.878301 0.475381 -0.051003
vn -0.790359 0.607452 -0.079593
vn -0.684313 0.720348 -0.113204
vn -0.568147 0.809311 -0.149081
vn -0.452116 0.872750 -0.184115
vn -0.345730 0.913232 -0.215587
vn -0.254419 0.936310 -0.242062
vn -0.179230 0.947942 -0.263214
vn -0.118469 0.952895 -0.279207
vn -0.069248 0.954405 -0.290371
vn -0.028522 0.954464 -0.296958
vn 0.006635 0.954203 -0.299087
vn 0.039053 0.954145 -0.296786
vn 0.071208 0.954394 -0.289935
vn 0.105352 0.954723 -0.278217
vn 0.143869 0.954524 -0.261126
vn 0.189164 0.952689 -0.237910
vn 0.243733 0.947367 -0.207581
vn 0.310233 0.935506 -0.169067
vn 0.390429 0.912545 -0.121761
vn 0.483868 0.872635 -0.066173
vn 0.586762 0.809746 -0.004723
vn 0.691415 0.720140 0.057823
vn 0.788357 0.604234 0.115736
vn 0.869150 0.466433 0.164370
vn 0.928347 0.312606 0.201119
vn 0.961307 0.156018 0.227039
vn 0.968612 0.078085 0.235994
vn -0.980477 0.195570 0.020428
vn -0.992767 0.114678 0.035538
vn -0.934655 0.355422 -0.009816
vn -0.858649 0.510457 -0.046425
vn -0.757344 0.646780 -0.090030
vn -0.636919 0.758354 -0.138684
vn -0.509087 0.839845 -0.188389
vn -0.387412 0.891544 -0.234652
vn -0.281678 0.919398 -0.274527
vn -0.195427 0.931404 -0.307075
vn -0.127697 0.934376 -0.332619
vn -0.075417 0.933017 -0.351840
vn -0.034869 0.930167 -0.365478
vn -0.002850 0.927441 -0.373958
vn 0.023681 0.925709 -0.377496
vn 0.047890 0.925291 -0.376223
vn 0.071952 0.926209 -0.370081
vn 0.097899 0.928273 -0.358783
vn 0.128317 0.930972 -0.341799
vn 0.165334 0.933468 -0.318279
vn 0.211311 0.934342 -0.286971
vn 0.269819 0.930906 -0.246194
vn 0.343922 0.918632 -0.194507
vn 0.434606 0.890994 -0.131327
vn 0.539681 0.839888 -0.057739
vn 0.651365 0.758443 0.022093
vn 0.757266 0.645192 0.101370
vn 0.845391 0.505226 0.173381
vn 0.908397 0.346438 0.234087
vn 0.941574 0.185982 0.280801
vn 0.947610 0.107359 0.300849
vn -0.975785 0.218411 0.011885
vn -0.991093 0.131645 0.020105
vn -0.920063 0.391465 -0.015451
vn -0.827578 0.558031 -0.060960
vn -0.705113 0.698792 -0.120438
vn -0.564402 0.803988 -0.187227
vn -0.423997 0.869821 -0.252267
vn -0.299792 0.902559 -0.309050
vn -0.199045 0.913244 -0.355480
vn -0.122007 0.911775 -0.392148
vn -0.065288 0.904979 -0.420416
vn -0.024272 0.896957 -0.441451
vn 0.005670 0.889657 -0.456594
vn 0.027134 0.884174 -0.466370
vn 0.043576 0.881046 -0.471020
vn 0.058484 0.880224 -0.470941
vn 0.073072 0.881811 -0.465908
vn 0.089583 0.885649 -0.455632
vn 0.110721 0.891249 -0.439790
vn 0.138017 0.898188 -0.417385
vn 0.173249 0.905610 -0.387111
vn 0.220734 0.911676 -0.346588
vn 0.285153 0.912548 -0.293161
vn 0.369263 0.901707 -0.224875
vn 0.473610 0.869375 -0.140999
vn 0.592438 0.804379 -0.044634
vn 0.712305 0.699705 0.055087
vn 0.817392 0.557532 0.145015
vn 0.896512 0.388027 0.213780
vn 0.944089 0.210832 0.253469
vn 0.956666 0.122471 0.264178
vn -0.967873 0.248379 0.039108
vn -0.987246 0.147928 0.058843
vn -0.895361 0.445143 -0.013278
vn -0.774282 0.626469 -0.089576
vn -0.619114 0.764482 -0.179624
vn -0.454132 0.849245 -0.269345
vn -0.305647 0.886482 -0.347461
vn -0.186765 0.892700 -0.410129
vn -0.098469 0.883249 -0.458449
vn -0.036130 0.868020 -0.495213
vn 0.005439 0.852198 -0.523192
vn 0.032758 0.838564 -0.543818
vn 0.050727 0.827508 -0.559157
vn 0.058990 0.820097 -0.569176
vn 0.065452 0.816201 -0.574049
vn 0.071039 0.814699 -0.575517
vn 0.073829 0.816815 -0.572156
vn 0.081461 0.821973 -0.563671
vn 0.092130 0.829480 -0.550885
vn 0.107756 0.840291 -0.531319
vn 0.131280 0.853384 -0.504481
vn 0.163937 0.868305 -0.468157
vn 0.213670 0.883134 -0.417635
vn 0.285622 0.892238 -0.349760
vn 0.383630 0.885735 -0.261344
vn 0.506447 0.848877 -0.151392
vn 0.642794 0.765601 -0.025902
vn 0.771766 0.628039 0.099722
vn 0.872430 0.443596 0.205156
vn 0.931560 0.238561 0.274379
vn 0.945372 0.133640 0.297344
vn -0.950745 0.306957 0.043149
vn -0.979585 0.185854 0.076625
vn -0.843432 0.535276 -0.045852
vn -0.673014 0.720909 -0.165355
vn -0.476784 0.830612 -0.287681
vn -0.295245 0.871175 -0.392282
vn -0.153424 0.867750 -0.472728
vn -0.052670 0.844995 -0.532174
vn 0.013460 0.817351 -0.575982
vn 0.055498 0.791967 -0.608036
vn 0.077250 0.770854 -0.632311
vn 0.090764 0.754884 -0.649547
vn 0.097519 0.741635 -0.663677
vn 0.087077 0.734147 -0.673384
vn 0.089557 0.730273 -0.677260
vn 0.086303 0.726907 -0.681291
vn 0.071093 0.729805 -0.679949
vn 0.077848 0.735185 -0.673382
vn 0.074369 0.742047 -0.666209
vn 0.073534 0.756095 -0.650318
vn 0.090216 0.772723 -0.628300
vn 0.103512 0.792728 -0.600723
vn 0.132538 0.818671 -0.558759
vn 0.186184 0.846051 -0.499534
vn 0.267884 0.868116 -0.417868
vn 0.384172 0.870933 -0.306412
vn 0.531561 0.831154 -0.163172
vn 0.690506 0.723326 0.001371
vn 0.828496 0.536762 0.159629
vn 0.913043 0.300007 0.276313
vn 0.932090 0.173545 0.317946
vn -0.906968 0.420908 0.015658
vn -0.958700 0.271378 0.085138
vn -0.729110 0.669455 -0.142225
vn -0.489178 0.815403 -0.309552
vn -0.263689 0.855158 -0.446289
vn -0.091394 0.833434 -0.545010
vn 0.019176 0.789849 -0.613002
vn 0.088497 0.746368 -0.659623
vn 0.122644 0.709487 -0.693965
vn 0.142504 0.681674 -0.717644
vn 0.140085 0.661342 -0.736887
vn 0.144303 0.646789 -0.748893
vn 0.143067 0.633209 -0.760643
vn 0.104181 0.628130 -0.771102
vn 0.121720 0.623245 -0.772496
vn 0.103642 0.616156 -0.780776
vn 0.057955 0.621519 -0.781252
vn 0.088571 0.625304 -0.775339
vn 0.058340 0.628025 -0.776003
vn 0.030379 0.645555 -0.763109
vn 0.058509 0.663998 -0.745442
vn 0.046570 0.682759 -0.729158
vn 0.049086 0.713241 -0.699198
vn 0.082398 0.750242 -0.656009
vn 0.134215 0.793094 -0.594128
vn 0.225795 0.835710 -0.500606
vn 0.365885 0.856178 -0.364810
vn 0.548049 0.816614 -0.181064
vn 0.740286 0.671339 0.035781
vn 0.876958 0.420006 0.233538
vn 0.910281 0.268295 0.315288
vn -0.782626 0.612777 -0.109548
vn -0.888311 0.459143 0.009556
vn -0.488345 0.804015 -0.339232
vn -0.200316 0.832852 -0.515976
vn 0.004552 0.778302 -0.627873
vn 0.127223 0.705664 -0.697031
vn 0.181328 0.644420 -0.742861
vn 0.218456 0.597592 -0.771467
vn 0.212256 0.563579 -0.798327
vn 0.213718 0.541494 -0.813086
vn 0.188022 0.527704 -0.828357
vn 0.191351 0.514788 -0.835690
vn 0.182659 0.503840 -0.844264
vn 0.104737 0.503807 -0.857443
vn 0.170782 0.495661 -0.851560
vn 0.118032 0.485628 -0.866161
vn 0.028850 0.494195 -0.868873
vn 0.122662 0.494928 -0.860233
vn 0.042597 0.492816 -0.869090
vn -0.025981 0.511963 -0.858615
vn 0.047124 0.529483 -0.847011
vn -0.000110 0.540335 -0.841450
vn -0.031275 0.569411 -0.821458
vn -0.006394 0.605802 -0.795590
vn 0.005388 0.649677 -0.760191
vn 0.052205 0.711051 -0.701200
vn 0.154118 0.781392 -0.604710
vn 0.322034 0.833765 -0.448475
vn 0.558456 0.801892 -0.212360
vn 0.785988 0.613454 0.076790
vn 0.858326 0.464469 0.218048
vn -0.441481 0.822216 -0.359242
vn -0.626552 0.756636 -0.186908
vn -0.084573 0.796450 -0.598760
vn 0.143614 0.685023 -0.714226
vn 0.260303 0.579039 -0.772629
vn 0.304787 0.503786 -0.808272
vn 0.295091 0.460102 -0.837393
vn 0.324622 0.422842 -0.846065
vn 0.269666 0.399816 -0.876029
vn 0.259187 0.388007 -0.884462
vn 0.220041 0.384262 -0.896619
vn 0.229891 0.371652 -0.899458
vn 0.208900 0.367778 -0.906146
vn 0.084578 0.376058 -0.922728
vn 0.235950 0.366159 -0.900142
vn 0.121631 0.356206 -0.926457
vn -0.012310 0.367015 -0.930134
vn 0.177185 0.363472 -0.914600
vn 0.022328 0.358642 -0.933208
vn -0.087325 0.375905 -0.922535
vn 0.068860 0.383465 -0.920985
vn -0.037055 0.381906 -0.923458
vn -0.107181 0.407456 -0.906913
vn -0.057691 0.435009 -0.898576
vn -0.090535 0.458684 -0.883976
vn -0.097143 0.508034 -0.855842
vn -0.055928 0.584676 -0.809337
vn 0.038836 0.689661 -0.723090
vn 0.236544 0.796369 -0.556635
vn 0.515785 0.821911 -0.241718
vn 0.639792 0.767734 -0.035383
vn -0.159276 0.857689 -0.488877
vn -0.341680 0.884450 -0.317810
vn 0.147117 0.702141 -0.696674
vn 0.313115 0.543727 -0.778665
vn 0.372258 0.440807 -0.816770
vn 0.375491 0.384402 -0.843351
vn 0.336489 0.359964 -0.870173
vn 0.366324 0.331779 -0.869327
vn 0.294857 0.311756 -0.903254
vn 0.269326 0.309947 -0.911809
vn 0.236392 0.308575 -0.921358
vn 0.241284 0.300143 -0.922874
vn 0.222122 0.296566 -0.928822
vn 0.069234 0.313886 -0.946933
vn 0.266674 0.305823 -0.913979
vn 0.119519 0.291218 -0.949161
vn -0.029705 0.307995 -0.950924
vn 0.206245 0.301488 -0.930896
vn 0.003614 0.290877 -0.956754
vn -0.108495 0.312047 -0.943851
vn 0.090134 0.309124 -0.946741
vn -0.061181 0.297167 -0.952864
vn -0.138158 0.325520 -0.935387
vn -0.071729 0.342928 -0.936619
vn -0.129841 0.350306 -0.927592
vn -0.160705 0.386306 -0.908263
vn -0.153629 0.448038 -0.880716
vn -0.110368 0.552023 -0.826492
vn 0.039623 0.709131 -0.703962
vn 0.273808 0.862624 -0.425335
vn 0.389841 0.894571 -0.218556
vn 0.185736 -0.052341 -0.981205
vn 0.312694 -0.038117 -0.949089
vn 0.318801 -0.037400 -0.947084
vn 0.185736 -0.052341 -0.981205
vn 0.463782 -0.011733 -0.885872
vn 0.465565 -0.011100 -0.884944
vn 0.492715 -0.005935 -0.870171
vn 0.492660 -0.006009 -0.870201
vn 0.474679 -0.016081 -0.880012
vn 0.474608 -0.016102 -0.880050
vn 0.436933 -0.020690 -0.899256
vn 0.436879 -0.020692 -0.899282
vn 0.372598 -0.026713 -0.927608
vn 0.372760 -0.026692 -0.927544
vn 0.423165 -0.033378 -0.905438
vn 0.422384 -0.033365 -0.905803
vn 0.307921 -0.034004 -0.950804
vn 0.305187 -0.033985 -0.951686
vn 0.293293 -0.033861 -0.955423
vn 0.290653 -0.033841 -0.956230
vn 0.249344 -0.037466 -0.967690
vn 0.246411 -0.037489 -0.968440
vn 0.267940 -0.039491 -0.962626
vn 0.264834 -0.039491 -0.963485
vn 0.233065 -0.035539 -0.971811
vn 0.225235 -0.035420 -0.973660
vn 0.052888 -0.033740 -0.998030
vn 0.051207 -0.033684 -0.998120
vn 0.316420 -0.040365 -0.947760
vn 0.314445 -0.040331 -0.948418
vn 0.118070 -0.037543 -0.992295
vn 0.104987 -0.037263 -0.993775
vn -0.052489 -0.036006 -0.997972
vn -0.056585 -0.035845 -0.997754
vn 0.245278 -0.044685 -0.968423
vn 0.244215 -0.044669 -0.968692
vn -0.011371 -0.038491 -0.999194
vn -0.023793 -0.038141 -0.998989
vn -0.141459 -0.037133 -0.989248
vn -0.145775 -0.036942 -0.988628
vn 0.121308 -0.047954 -0.991456
vn 0.121269 -0.047952 -0.991461
vn -0.079322 -0.040468 -0.996027
vn -0.084644 -0.040227 -0.995599
vn -0.179671 -0.035357 -0.983091
vn -0.181084 -0.035290 -0.982834
vn -0.072339 -0.045826 -0.996327
vn -0.072507 -0.045848 -0.996314
vn -0.160573 -0.047912 -0.985860
vn -0.160766 -0.047903 -0.985829
vn -0.216073 -0.049075 -0.975143
vn -0.216071 -0.049067 -0.975144
vn -0.238092 -0.058246 -0.969495
vn -0.238003 -0.058224 -0.969518
vn -0.265684 -0.066789 -0.961744
vn -0.265553 -0.066718 -0.961785
vn -0.237309 -0.051357 -0.970076
vn -0.239300 -0.052436 -0.969529
vn -0.077945 -0.031638 -0.996456
vn -0.082435 -0.031678 -0.996093
vn 0.056627 -0.030162 -0.997940
vn 0.056627 -0.030162 -0.997940
vn -0.338611 -0.902037 -0.267716
vn -0.174376 -0.881112 -0.439584
vn -0.451605 -0.831037 -0.324701
vn -0.622226 -0.766359 -0.159778
vn 0.121792 -0.744586 -0.656322
vn -0.107069 -0.823041 -0.557799
vn 0.300118 -0.595724 -0.745011
vn 0.128511 -0.726702 -0.674825
vn 0.362929 -0.493433 -0.790447
vn 0.248048 -0.626567 -0.738841
vn 0.367525 -0.435325 -0.821838
vn 0.293348 -0.553868 -0.779216
vn 0.335382 -0.411133 -0.847637
vn 0.292134 -0.510940 -0.808454
vn 0.363966 -0.385984 -0.847670
vn 0.320630 -0.475092 -0.819441
vn 0.287339 -0.367053 -0.884708
vn 0.261722 -0.452851 -0.852307
vn 0.267055 -0.364212 -0.892206
vn 0.255691 -0.441899 -0.859853
vn 0.234367 -0.364568 -0.901200
vn 0.217949 -0.438439 -0.871935
vn 0.242088 -0.360157 -0.900933
vn 0.232687 -0.428166 -0.873230
vn 0.207795 -0.354985 -0.911486
vn 0.191037 -0.423762 -0.885398
vn 0.070860 -0.368402 -0.926962
vn 0.088289 -0.430655 -0.898188
vn 0.273864 -0.367712 -0.888699
vn 0.245624 -0.425492 -0.870991
vn 0.096220 -0.351001 -0.931419
vn 0.091203 -0.412225 -0.906506
vn -0.021078 -0.363254 -0.931452
vn 0.001441 -0.421513 -0.906821
vn 0.209662 -0.366028 -0.906678
vn 0.181650 -0.424069 -0.887225
vn -0.020136 -0.348310 -0.937163
vn -0.008414 -0.412905 -0.910735
vn -0.096441 -0.366331 -0.925473
vn -0.070231 -0.429398 -0.900381
vn 0.093710 -0.374324 -0.922551
vn 0.074386 -0.443086 -0.893388
vn -0.079689 -0.356777 -0.930785
vn -0.059133 -0.438281 -0.896891
vn -0.133944 -0.379556 -0.915421
vn -0.103408 -0.461359 -0.881167
vn -0.068362 -0.402241 -0.912978
vn -0.054497 -0.489347 -0.870385
vn -0.136078 -0.408547 -0.902537
vn -0.098907 -0.510356 -0.854256
vn -0.163621 -0.439743 -0.883094
vn -0.102520 -0.556131 -0.824747
vn -0.157853 -0.495641 -0.854062
vn -0.062295 -0.627882 -0.775812
vn -0.115750 -0.591098 -0.798252
vn 0.032668 -0.726420 -0.686474
vn 0.023595 -0.739296 -0.672967
vn 0.225443 -0.826779 -0.515376
vn 0.274177 -0.876272 -0.396200
vn 0.517909 -0.831602 -0.200521
vn 0.417452 -0.889716 -0.184767
vn 0.660978 -0.750367 0.007611
vn -0.786788 -0.610113 -0.093422
vn -0.890804 -0.453989 0.019012
vn -0.496772 -0.811611 -0.307418
vn -0.212566 -0.854738 -0.473538
vn -0.009521 -0.811635 -0.584087
vn 0.112242 -0.746724 -0.655596
vn 0.173079 -0.689707 -0.703099
vn 0.210694 -0.644117 -0.735338
vn 0.203560 -0.612018 -0.764197
vn 0.207130 -0.591359 -0.779354
vn 0.184111 -0.577693 -0.795219
vn 0.193661 -0.564474 -0.802412
vn 0.161806 -0.554987 -0.815971
vn 0.110805 -0.555760 -0.823926
vn 0.179666 -0.547423 -0.817342
vn 0.082646 -0.536418 -0.839896
vn 0.046952 -0.546207 -0.836333
vn 0.126335 -0.547003 -0.827543
vn 0.007841 -0.543205 -0.839563
vn -0.006740 -0.563592 -0.826026
vn 0.052240 -0.578819 -0.813781
vn -0.021587 -0.589223 -0.807682
vn -0.030576 -0.618152 -0.785464
vn -0.007344 -0.650447 -0.759516
vn -0.004440 -0.690675 -0.723151
vn 0.044293 -0.748622 -0.661516
vn 0.146885 -0.813962 -0.562041
vn 0.316858 -0.858573 -0.403054
vn 0.552268 -0.816728 -0.167197
vn 0.787338 -0.605576 0.115655
vn 0.863773 -0.437550 0.249893
vn -0.912380 -0.408157 0.031170
vn -0.963116 -0.251201 0.096470
vn -0.731920 -0.671152 -0.117675
vn -0.494496 -0.825216 -0.272931
vn -0.273139 -0.873683 -0.402582
vn -0.104325 -0.860323 -0.498960
vn 0.008008 -0.823507 -0.567250
vn 0.077805 -0.783989 -0.615880
vn 0.113570 -0.750013 -0.651600
vn 0.133440 -0.723813 -0.676970
vn 0.133723 -0.704561 -0.696931
vn 0.142197 -0.689405 -0.710282
vn 0.126841 -0.677535 -0.724471
vn 0.107216 -0.673099 -0.731740
vn 0.123814 -0.666147 -0.735471
vn 0.077935 -0.660844 -0.746466
vn 0.069140 -0.667102 -0.741751
vn 0.088500 -0.668305 -0.738604
vn 0.034261 -0.672690 -0.739130
vn 0.040113 -0.690370 -0.722343
vn 0.058125 -0.704552 -0.707268
vn 0.032584 -0.722715 -0.690377
vn 0.044986 -0.751911 -0.657728
vn 0.075819 -0.785468 -0.614241
vn 0.125054 -0.824946 -0.551203
vn 0.218259 -0.863059 -0.455513
vn 0.360715 -0.876718 -0.318198
vn 0.545786 -0.826933 -0.135276
vn 0.738997 -0.669532 0.074910
vn 0.877320 -0.403796 0.259344
vn 0.910780 -0.246777 0.331031
vn -0.956425 -0.286254 0.057531
vn -0.983644 -0.157751 0.086941
vn -0.847669 -0.530000 -0.023614
vn -0.675624 -0.724866 -0.134543
vn -0.482074 -0.840240 -0.248195
vn -0.304437 -0.887105 -0.346934
vn -0.164011 -0.890270 -0.424877
vn -0.063939 -0.872640 -0.484160
vn 0.003208 -0.848881 -0.528574
vn 0.045063 -0.825979 -0.561898
vn 0.068579 -0.806763 -0.586882
vn 0.084006 -0.791260 -0.605682
vn 0.086000 -0.779393 -0.620606
vn 0.084601 -0.772445 -0.629422
vn 0.085485 -0.767114 -0.635790
vn 0.072114 -0.765303 -0.639618
vn 0.072871 -0.768446 -0.635752
vn 0.074076 -0.771606 -0.631773
vn 0.061986 -0.779530 -0.623290
vn 0.073814 -0.792761 -0.605047
vn 0.084996 -0.806633 -0.584909
vn 0.094314 -0.825408 -0.556603
vn 0.126034 -0.849080 -0.513009
vn 0.178110 -0.873522 -0.453029
vn 0.260449 -0.891832 -0.369867
vn 0.378715 -0.888928 -0.257646
vn 0.528480 -0.841001 -0.115872
vn 0.689457 -0.723033 0.043271
vn 0.828154 -0.526820 0.191369
vn 0.912034 -0.286665 0.293288
vn 0.931082 -0.162019 0.326859
vn -0.972898 -0.225310 0.052002
vn -0.990595 -0.119325 0.066953
vn -0.900676 -0.434413 0.008244
vn -0.777852 -0.625522 -0.060572
vn -0.622510 -0.769329 -0.143577
vn -0.460047 -0.858447 -0.226774
vn -0.314115 -0.900556 -0.300552
vn -0.196996 -0.911505 -0.361041
vn -0.109011 -0.906157 -0.408652
vn -0.046926 -0.894008 -0.445586
vn -0.004680 -0.880547 -0.473935
vn 0.023369 -0.868368 -0.495370
vn 0.041116 -0.858641 -0.510926
vn 0.052384 -0.851845 -0.521168
vn 0.058130 -0.847760 -0.527185
vn 0.062683 -0.846880 -0.528077
vn 0.069819 -0.848740 -0.524181
vn 0.075404 -0.852854 -0.516676
vn 0.085155 -0.860109 -0.502952
vn 0.103120 -0.869643 -0.482792
vn 0.124050 -0.881070 -0.456429
vn 0.156363 -0.894305 -0.419248
vn 0.206562 -0.906606 -0.367966
vn 0.278465 -0.912501 -0.299667
vn 0.377971 -0.901450 -0.211013
vn 0.502554 -0.858449 -0.102491
vn 0.640556 -0.767681 0.018804
vn 0.770713 -0.622323 0.136806
vn 0.871372 -0.432989 0.230720
vn 0.930120 -0.229576 0.286655
vn 0.944284 -0.127973 0.303234
vn -0.979798 -0.198291 0.026013
vn -0.993660 -0.108546 0.029302
vn -0.925509 -0.378629 0.008574
vn -0.832732 -0.552845 -0.030314
vn -0.709480 -0.699618 -0.084690
vn -0.569087 -0.809102 -0.146608
vn -0.430588 -0.878461 -0.207126
vn -0.308397 -0.914858 -0.260629
vn -0.208794 -0.929135 -0.305144
vn -0.132450 -0.930720 -0.340907
vn -0.075786 -0.926407 -0.368819
vn -0.034442 -0.920235 -0.389848
vn -0.003882 -0.914311 -0.404995
vn 0.018573 -0.909642 -0.414978
vn 0.035234 -0.906908 -0.419852
vn 0.051106 -0.906302 -0.419529
vn 0.066598 -0.907572 -0.414582
vn 0.082694 -0.910798 -0.404485
vn 0.104381 -0.915592 -0.388324
vn 0.131498 -0.921286 -0.365979
vn 0.165809 -0.927265 -0.335688
vn 0.213610 -0.931390 -0.294761
vn 0.278214 -0.929694 -0.241383
vn 0.363010 -0.915452 -0.173699
vn 0.468705 -0.878586 -0.091666
vn 0.588826 -0.808260 0.000520
vn 0.710177 -0.697799 0.093410
vn 0.816205 -0.551027 0.173718
vn 0.895782 -0.379548 0.231339
vn 0.943431 -0.203846 0.261504
vn 0.955960 -0.117298 0.269040
vn -0.983439 -0.178116 0.033498
vn -0.994341 -0.097418 0.042374
vn -0.939929 -0.341165 0.011849
vn -0.864728 -0.501927 -0.017730
vn -0.763124 -0.643859 -0.055573
vn -0.642093 -0.760170 -0.099294
vn -0.514823 -0.845010 -0.144619
vn -0.394655 -0.899543 -0.187268
vn -0.290294 -0.930214 -0.224570
vn -0.205027 -0.944821 -0.255494
vn -0.137751 -0.950060 -0.280021
vn -0.085483 -0.950520 -0.298671
vn -0.044580 -0.949037 -0.311995
vn -0.012021 -0.947220 -0.320359
vn 0.015032 -0.945992 -0.323841
vn 0.040039 -0.945718 -0.322513
vn 0.064519 -0.946406 -0.316471
vn 0.090594 -0.947958 -0.305234
vn 0.121385 -0.949823 -0.288273
vn 0.158186 -0.951191 -0.264976
vn 0.203968 -0.950633 -0.233866
vn 0.262816 -0.945257 -0.193433
vn 0.337248 -0.930546 -0.142643
vn 0.428647 -0.899814 -0.081226
vn 0.534635 -0.845012 -0.010945
vn 0.647223 -0.759643 0.063596
vn 0.754041 -0.642697 0.135509
vn 0.842979 -0.500021 0.198407
vn 0.907125 -0.338983 0.249428
vn 0.941353 -0.174762 0.288640
vn 0.947958 -0.093834 0.304254
vn -0.987241 -0.158785 -0.011943
vn -0.996882 -0.078471 -0.008236
vn -0.948580 -0.316041 -0.017712
vn -0.883377 -0.467734 -0.029505
vn -0.795636 -0.603791 -0.048995
vn -0.689610 -0.720230 -0.075545
vn -0.573661 -0.812158 -0.106364
vn -0.458607 -0.877923 -0.137587
vn -0.353439 -0.920566 -0.166250
vn -0.263097 -0.945724 -0.190749
vn -0.188541 -0.959231 -0.210542
vn -0.128059 -0.965757 -0.225643
vn -0.078765 -0.968500 -0.236228
vn -0.037728 -0.969426 -0.242467
vn -0.002156 -0.969669 -0.244411
vn 0.030788 -0.969775 -0.242049
vn 0.063323 -0.969864 -0.235274
vn 0.097711 -0.969748 -0.223699
vn 0.136460 -0.968814 -0.206831
vn 0.181749 -0.965975 -0.184011
vn 0.236340 -0.959347 -0.154260
vn 0.303125 -0.945775 -0.116724
vn 0.383816 -0.920672 -0.071056
vn 0.477970 -0.878192 -0.017991
vn 0.581785 -0.812360 0.039965
vn 0.687441 -0.719550 0.098347
vn 0.784703 -0.601074 0.151496
vn 0.865253 -0.462011 0.194638
vn 0.924511 -0.307834 0.224760
vn 0.959064 -0.151478 0.239271
vn 0.967188 -0.073796 0.243108
vn -0.984330 -0.168105 -0.053251
vn -0.992902 -0.098742 -0.066298
vn -0.950334 -0.308823 -0.038661
vn -0.892310 -0.449774 -0.038541
vn -0.814979 -0.577520 -0.047743
vn -0.720539 -0.690465 -0.063895
vn -0.614443 -0.784469 -0.084079
vn -0.505042 -0.856621 -0.105513
vn -0.401017 -0.907380 -0.125888
vn -0.308199 -0.940397 -0.143759
vn -0.228828 -0.960492 -0.158408
vn -0.162297 -0.972069 -0.169533
vn -0.106433 -0.978423 -0.177088
vn -0.058622 -0.981720 -0.181078
vn -0.016197 -0.983267 -0.181449
vn 0.023435 -0.983733 -0.178100
vn 0.062697 -0.983302 -0.170839
vn 0.103906 -0.981741 -0.159339
vn 0.149393 -0.978359 -0.143165
vn 0.201546 -0.971884 -0.121742
vn 0.262793 -0.960220 -0.094430
vn 0.335237 -0.940171 -0.060789
vn 0.419643 -0.907445 -0.021059
vn 0.514406 -0.857228 0.023376
vn 0.614857 -0.785584 0.069349
vn 0.713721 -0.691449 0.111804
vn 0.803625 -0.577103 0.145389
vn 0.879076 -0.446747 0.166259
vn 0.936888 -0.303966 0.172758
vn 0.972867 -0.164846 0.162346
vn 0.983555 -0.098339 0.151487
vn -0.986612 -0.162971 0.006136
vn -0.995027 -0.098067 0.017439
vn -0.955078 -0.296072 -0.012958
vn -0.902033 -0.430734 -0.028372
vn -0.830774 -0.554910 -0.043460
vn -0.742989 -0.666818 -0.057629
vn -0.643390 -0.762198 -0.071441
vn -0.538699 -0.838179 -0.085204
vn -0.436464 -0.894330 -0.098351
vn -0.342647 -0.932995 -0.110059
vn -0.260179 -0.958115 -0.119680
vn -0.189303 -0.973691 -0.126850
vn -0.128456 -0.982975 -0.131377
vn -0.075341 -0.988231 -0.133131
vn -0.027480 -0.990871 -0.131981
vn 0.017630 -0.991650 -0.127746
vn 0.062377 -0.990789 -0.120194
vn 0.109064 -0.988036 -0.109044
vn 0.160026 -0.982636 -0.093907
vn 0.217571 -0.973211 -0.074319
vn 0.283833 -0.957577 -0.049860
vn 0.360320 -0.932607 -0.020357
vn 0.446918 -0.894470 0.013723
vn 0.541263 -0.839307 0.050968
vn 0.638209 -0.764692 0.089087
vn 0.731104 -0.670550 0.125894
vn 0.813996 -0.558110 0.161008
vn 0.881491 -0.429752 0.195670
vn 0.929051 -0.289749 0.230021
vn 0.951945 -0.153310 0.265135
vn 0.955402 -0.088355 0.281780
vn -0.987708 -0.144684 -0.059160
vn -0.995427 -0.075496 -0.058520
vn -0.958082 -0.280756 -0.057046
vn -0.908473 -0.414026 -0.057087
vn -0.841310 -0.537416 -0.058143
vn -0.758234 -0.649095 -0.061293
vn -0.663529 -0.745196 -0.066427
vn -0.562831 -0.823361 -0.072788
vn -0.462586 -0.883008 -0.079440
vn -0.368577 -0.925655 -0.085524
vn -0.284210 -0.954487 -0.090439
vn -0.210303 -0.973123 -0.093826
vn -0.145771 -0.984706 -0.095425
vn -0.088601 -0.991525 -0.095021
vn -0.036514 -0.995051 -0.092416
vn 0.012920 -0.996090 -0.087399
vn 0.062023 -0.994885 -0.079729
vn 0.113046 -0.991183 -0.069116
vn 0.168326 -0.984184 -0.055211
vn 0.230042 -0.972452 -0.037655
vn 0.300074 -0.953779 -0.016159
vn 0.379501 -0.925144 0.009321
vn 0.467664 -0.883074 0.038342
vn 0.561700 -0.824397 0.069729
vn 0.656651 -0.747307 0.101699
vn 0.747033 -0.651452 0.132484
vn 0.827959 -0.537411 0.160231
vn 0.894627 -0.407934 0.182295
vn 0.942959 -0.268751 0.196470
vn 0.970824 -0.132130 0.200106
vn 0.977509 -0.065077 0.200600
vn -0.986259 -0.144540 -0.080003
vn -0.993452 -0.077210 -0.084210
vn -0.957948 -0.277125 -0.074416
vn -0.910495 -0.407587 -0.069802
vn -0.846428 -0.528260 -0.067086
vn -0.767293 -0.637935 -0.065581
vn -0.676676 -0.733401 -0.065056
vn -0.579465 -0.812371 -0.065364
vn -0.481270 -0.874070 -0.066188
vn -0.387592 -0.919390 -0.067048
vn -0.302191 -0.950853 -0.067522
vn -0.226280 -0.971736 -0.067287
vn -0.159138 -0.985044 -0.066057
vn -0.099000 -0.993055 -0.063575
vn -0.043757 -0.997262 -0.059614
vn 0.008936 -0.998505 -0.053921
vn 0.061347 -0.997045 -0.046243
vn 0.115697 -0.992621 -0.036309
vn 0.174279 -0.984409 -0.023790
vn 0.239148 -0.970947 -0.008394
vn 0.311999 -0.950029 0.010078
vn 0.393614 -0.918732 0.031603
vn 0.483013 -0.873840 0.055692
vn 0.576838 -0.812829 0.081034
vn 0.670237 -0.734617 0.105447
vn 0.758271 -0.639648 0.125999
vn 0.836594 -0.529894 0.139005
vn 0.901732 -0.408616 0.141110
vn 0.951417 -0.278340 0.131652
vn 0.982125 -0.150340 0.113265
vn 0.991049 -0.088029 0.100360
vn -0.984302 -0.146928 -0.097781
vn -0.991775 -0.081143 -0.098986
vn -0.956564 -0.276964 -0.090972
vn -0.910396 -0.404968 -0.084735
vn -0.848510 -0.523429 -0.077799
vn -0.772259 -0.631307 -0.071188
vn -0.684752 -0.725832 -0.065442
vn -0.590278 -0.804927 -0.060531
vn -0.493881 -0.867712 -0.056190
vn -0.400831 -0.914661 -0.052240
vn -0.315014 -0.947846 -0.048517
vn -0.237918 -0.970252 -0.044795
vn -0.169092 -0.984755 -0.040819
vn -0.106986 -0.993596 -0.036343
vn -0.049577 -0.998286 -0.031112
vn 0.005409 -0.999677 -0.024838
vn 0.060157 -0.998040 -0.017261
vn 0.116879 -0.993113 -0.008110
vn 0.177821 -0.984059 0.002887
vn 0.244953 -0.969403 0.015970
vn 0.319836 -0.946956 0.031301
vn 0.403015 -0.913892 0.048789
vn 0.493256 -0.867228 0.067932
vn 0.586783 -0.804986 0.087653
vn 0.678605 -0.726733 0.106559
vn 0.763783 -0.633570 0.123386
vn 0.838064 -0.527994 0.137369
vn 0.898823 -0.412416 0.148426
vn 0.945036 -0.287013 0.156624
vn 0.973590 -0.160270 0.162594
vn 0.981378 -0.097803 0.165325
vn -0.985014 -0.145982 -0.091847
vn -0.992188 -0.081330 -0.094592
vn -0.957598 -0.274140 -0.088623
vn -0.912173 -0.401144 -0.083806
vn -0.851125 -0.519008 -0.078849
vn -0.775952 -0.626590 -0.072682
vn -0.689785 -0.721087 -0.065043
vn -0.596744 -0.800443 -0.056456
vn -0.501543 -0.863816 -0.047707
vn -0.409105 -0.911639 -0.039347
vn -0.323283 -0.945774 -0.031620
vn -0.245677 -0.969042 -0.024525
vn -0.176000 -0.984227 -0.017897
vn -0.112841 -0.993547 -0.011500
vn -0.054196 -0.998518 -0.005052
vn 0.002124 -0.999996 0.001723
vn 0.058285 -0.998259 0.009089
vn 0.116473 -0.993043 0.017318
vn 0.178862 -0.983513 0.026656
vn 0.247431 -0.968187 0.037313
vn 0.323629 -0.944893 0.049411
vn 0.407811 -0.910901 0.062848
vn 0.498601 -0.863387 0.077200
vn 0.592269 -0.800490 0.091834
vn 0.683955 -0.721744 0.106262
vn 0.768903 -0.627935 0.120355
vn 0.842845 -0.521127 0.134307
vn 0.902849 -0.403529 0.148420
vn 0.947237 -0.276222 0.162618
vn 0.973404 -0.145040 0.177337
vn 0.979743 -0.078572 0.184201
vn -0.983012 -0.142174 -0.116076
vn -0.990689 -0.074129 -0.114192
vn -0.955596 -0.272819 -0.111384
vn -0.911151 -0.398855 -0.103528
vn -0.851115 -0.516633 -0.093243
vn -0.776818 -0.624512 -0.080862
vn -0.691404 -0.719325 -0.067311
vn -0.599195 -0.798819 -0.053432
vn -0.504784 -0.862326 -0.039840
vn -0.412902 -0.910375 -0.027025
vn -0.327396 -0.944762 -0.015374
vn -0.249872 -0.968266 -0.005001
vn -0.180111 -0.983637 0.004197
vn -0.116744 -0.993084 0.012443
vn -0.057779 -0.998129 0.020011
vn -0.001063 -0.999630 0.027186
vn 0.055582 -0.997867 0.034244
vn 0.114319 -0.992580 0.041431
vn 0.177302 -0.982936 0.048989
vn 0.246520 -0.967453 0.057129
vn 0.323356 -0.943977 0.065941
vn 0.408073 -0.909836 0.075331
vn 0.499211 -0.862307 0.084945
vn 0.593200 -0.799538 0.094093
vn 0.685357 -0.721052 0.101827
vn 0.771116 -0.627632 0.107047
vn 0.846493 -0.521173 0.108758
vn 0.908737 -0.403507 0.106676
vn 0.955993 -0.275235 0.101605
vn 0.985293 -0.144180 0.091710
vn 0.993154 -0.078175 0.086798
vn -0.971690 -0.157814 -0.175823
vn -0.976525 -0.097133 -0.192260
vn -0.947886 -0.280793 -0.150554
vn -0.904757 -0.406007 -0.128737
vn -0.846274 -0.521834 -0.107280
vn -0.773535 -0.627732 -0.087157
vn -0.689253 -0.721309 -0.068143
vn -0.597689 -0.800195 -0.049563
vn -0.503746 -0.863283 -0.031348
vn -0.412408 -0.910890 -0.014131
vn -0.327540 -0.944836 0.001410
vn -0.250681 -0.967954 0.014998
vn -0.181576 -0.983015 0.026675
vn -0.118832 -0.992237 0.036666
vn -0.060462 -0.997144 0.045255
vn -0.004273 -0.998600 0.052730
vn 0.051917 -0.996886 0.059362
vn 0.110282 -0.991746 0.065405
vn 0.173023 -0.982348 0.071104
vn 0.242121 -0.967213 0.076654
vn 0.318966 -0.944198 0.082163
vn 0.403828 -0.910629 0.087620
vn 0.495207 -0.863800 0.092842
vn 0.589354 -0.801987 0.097362
vn 0.681442 -0.724947 0.100439
vn 0.766983 -0.633613 0.101347
vn 0.842443 -0.529463 0.099796
vn 0.905460 -0.413403 0.096128
vn 0.954061 -0.285684 0.090287
vn 0.983754 -0.160349 0.080725
vn 0.992373 -0.100200 0.071809
vn -0.983805 -0.155804 -0.088614
vn -0.992055 -0.097267 -0.079787
vn -0.955244 -0.278421 -0.099955
vn -0.908593 -0.405133 -0.101620
vn -0.846726 -0.523080 -0.097172
vn -0.771233 -0.630855 -0.084983
vn -0.685132 -0.725396 -0.066295
vn -0.592621 -0.804273 -0.044102
vn -0.498515 -0.866622 -0.021191
vn -0.407671 -0.913129 0.000534
vn -0.323784 -0.945920 0.019968
vn -0.248191 -0.968016 0.036706
vn -0.180512 -0.982262 0.050761
vn -0.119236 -0.990905 0.062373
vn -0.062369 -0.995464 0.071850
vn -0.007650 -0.996806 0.079496
vn 0.047139 -0.995215 0.085592
vn 0.104228 -0.990436 0.090406
vn 0.165874 -0.981639 0.094182
vn 0.234071 -0.967359 0.097092
vn 0.310348 -0.945425 0.099279
vn 0.395083 -0.913092 0.100858
vn 0.486930 -0.867470 0.101956
vn 0.582204 -0.806497 0.102962
vn 0.676132 -0.729254 0.105040
vn 0.764169 -0.635452 0.110666
vn 0.841841 -0.525466 0.123245
vn 0.904403 -0.401371 0.144762
vn 0.947706 -0.268376 0.172708
vn 0.968856 -0.138623 0.205187
vn 0.972030 -0.076037 0.222208
vn -0.973585 -0.140915 -0.179651
vn -0.981176 -0.070869 -0.179645
vn -0.946323 -0.275537 -0.168975
vn -0.901320 -0.406100 -0.150684
vn -0.839892 -0.527968 -0.125822
vn -0.763571 -0.638397 -0.096997
vn -0.676308 -0.733586 -0.066773
vn -0.583014 -0.811630 -0.036750
vn -0.488787 -0.872367 -0.007979
vn -0.398614 -0.916932 0.018499
vn -0.316120 -0.947798 0.041811
vn -0.242445 -0.968207 0.061608
vn -0.177002 -0.981121 0.077918
vn -0.118110 -0.988822 0.091000
vn -0.063675 -0.992827 0.101197
vn -0.011371 -0.993990 0.108876
vn 0.041077 -0.992592 0.114345
vn 0.095958 -0.988383 0.117857
vn 0.155597 -0.980550 0.119628
vn 0.222093 -0.967634 0.119829
vn 0.297172 -0.947428 0.118617
vn 0.381477 -0.917052 0.116149
vn 0.473990 -0.873295 0.112649
vn 0.571434 -0.813441 0.108519
vn 0.669256 -0.735677 0.104291
vn 0.762681 -0.638974 0.100148
vn 0.846360 -0.524021 0.095279
vn 0.914226 -0.395541 0.087963
vn 0.962303 -0.260633 0.077732
vn 0.989670 -0.129426 0.061663
vn 0.996464 -0.064673 0.053640
vn -0.956214 -0.165039 -0.241697
vn -0.959272 -0.101192 -0.263736
vn -0.933582 -0.294680 -0.203931
vn -0.888984 -0.426232 -0.167433
vn -0.827329 -0.546289 -0.130747
vn -0.750618 -0.653903 -0.094784
vn -0.662679 -0.746556 -0.059250
vn -0.568608 -0.822259 -0.023977
vn -0.474185 -0.880367 0.010119
vn -0.384924 -0.922019 0.041419
vn -0.304363 -0.950076 0.068696
vn -0.233398 -0.968066 0.091508
vn -0.171108 -0.979101 0.109928
vn -0.115585 -0.985488 0.124316
vn -0.064573 -0.988726 0.135097
vn -0.015666 -0.989645 0.142680
vn 0.033460 -0.988513 0.147389
vn 0.085152 -0.985091 0.149482
vn 0.141817 -0.978591 0.149160
vn 0.205719 -0.967574 0.146564
vn 0.278818 -0.949815 0.141815
vn 0.362135 -0.922290 0.135054
vn 0.455013 -0.881456 0.126483
vn 0.554383 -0.824080 0.116414
vn 0.655095 -0.748228 0.104906
vn 0.751201 -0.653762 0.091067
vn 0.836752 -0.542689 0.073040
vn 0.906515 -0.419225 0.049799
vn 0.957897 -0.286169 0.023247
vn 0.987918 -0.154976 -0.000951
vn 0.995711 -0.091374 -0.014493
vn -0.973861 -0.172987 -0.147208
vn -0.983592 -0.110654 -0.142487
vn -0.940908 -0.304301 -0.148638
vn -0.888204 -0.438745 -0.136371
vn -0.819983 -0.560739 -0.114890
vn -0.738040 -0.669491 -0.084139
vn -0.646006 -0.761922 -0.046387
vn -0.549175 -0.835690 -0.005360
vn -0.453935 -0.890346 0.035040
vn -0.365941 -0.927869 0.071738
vn -0.288156 -0.952013 0.103142
vn -0.220939 -0.966735 0.128877
vn -0.162891 -0.975294 0.149223
vn -0.111812 -0.979984 0.164711
vn -0.065283 -0.982244 0.175886
vn -0.020842 -0.982853 0.183208
vn 0.023902 -0.982064 0.187026
vn 0.071353 -0.979648 0.187612
vn 0.123978 -0.974864 0.185122
vn 0.184219 -0.966332 0.179626
vn 0.254351 -0.951843 0.171172
vn 0.335871 -0.928244 0.159854
vn 0.428665 -0.891596 0.145955
vn 0.530083 -0.837892 0.130192
vn 0.634387 -0.764588 0.113836
vn 0.734287 -0.671665 0.098428
vn 0.822974 -0.561611 0.085481
vn 0.895643 -0.438242 0.075939
vn 0.950342 -0.303426 0.069157
vn 0.984127 -0.164969 0.065423
vn 0.993278 -0.095608 0.065248
vn -0.967184 -0.158365 -0.198686
vn -0.976663 -0.082010 -0.198506
vn -0.933495 -0.306241 -0.186555
vn -0.879462 -0.447971 -0.160841
vn -0.807518 -0.576574 -0.124408
vn -0.720151 -0.689276 -0.079253
vn -0.622784 -0.781858 -0.028949
vn -0.522470 -0.852365 0.022354
vn -0.426618 -0.901667 0.070659
vn -0.340789 -0.933311 0.113112
vn -0.267053 -0.952166 0.148536
vn -0.204919 -0.962656 0.176925
vn -0.152413 -0.968099 0.198883
vn -0.106999 -0.970697 0.215172
vn -0.066086 -0.971766 0.226501
vn -0.027269 -0.971999 0.233398
vn 0.011926 -0.971628 0.236214
vn 0.053980 -0.970443 0.235218
vn 0.101330 -0.967780 0.230506
vn 0.156624 -0.962371 0.222060
vn 0.222496 -0.952092 0.209800
vn 0.301074 -0.933723 0.193690
vn 0.393121 -0.902888 0.173925
vn 0.496893 -0.854542 0.151180
vn 0.606763 -0.784699 0.126831
vn 0.714156 -0.692409 0.102714
vn 0.810378 -0.580372 0.080347
vn 0.889076 -0.453775 0.060263
vn 0.947724 -0.316263 0.042382
vn 0.984085 -0.175930 0.025023
vn 0.994309 -0.105348 0.015850
vn -0.946022 -0.180557 -0.269149
vn -0.950952 -0.104760 -0.291060
vn -0.916894 -0.329608 -0.225087
vn -0.861902 -0.475158 -0.177059
vn -0.785814 -0.606269 -0.122205
vn -0.692377 -0.718924 -0.061341
vn -0.589192 -0.807989 0.002631
vn -0.485692 -0.871695 0.065207
vn -0.390483 -0.912513 0.121831
vn -0.308482 -0.935938 0.169877
vn -0.240549 -0.947906 0.208833
vn -0.185171 -0.953120 0.239320
vn -0.139747 -0.954795 0.262368
vn -0.101366 -0.954917 0.279033
vn -0.067321 -0.954599 0.290187
vn -0.035343 -0.954398 0.296439
vn -0.002958 -0.954514 0.298153
vn 0.032378 -0.954772 0.295571
vn 0.073048 -0.954629 0.288700
vn 0.121817 -0.952999 0.277405
vn 0.181721 -0.947966 0.261417
vn 0.255664 -0.936379 0.240478
vn 0.345486 -0.913592 0.214452
vn 0.450618 -0.873646 0.183537
vn 0.566238 -0.810693 0.148831
vn 0.682885 -0.721741 0.112947
vn 0.789712 -0.608258 0.079854
vn 0.878361 -0.474852 0.054755
vn 0.944517 -0.325647 0.042913
vn 0.983868 -0.172266 0.048244
vn 0.993830 -0.096283 0.055067
vn -0.951420 -0.202483 -0.231949
vn -0.963043 -0.126257 -0.237922
vn -0.910504 -0.357379 -0.207997
vn -0.844426 -0.510611 -0.161931
vn -0.757133 -0.645733 -0.098892
vn -0.653089 -0.756906 -0.023834
vn -0.542072 -0.838520 0.055167
vn -0.435967 -0.890565 0.129723
vn -0.343580 -0.918826 0.194195
vn -0.268056 -0.931280 0.246705
vn -0.208271 -0.934733 0.287918
vn -0.161615 -0.933749 0.319363
vn -0.125013 -0.931130 0.342590
vn -0.095141 -0.928495 0.358951
vn -0.069300 -0.926666 0.369441
vn -0.045421 -0.926008 0.374761
vn -0.021129 -0.926681 0.375255
vn 0.006120 -0.928526 0.371216
vn 0.038569 -0.931173 0.362532
vn 0.078868 -0.933851 0.348858
vn 0.130589 -0.935017 0.329681
vn 0.197485 -0.931818 0.304491
vn 0.282433 -0.919734 0.272618
vn 0.386495 -0.892234 0.233540
vn 0.506808 -0.841369 0.187734
vn 0.634497 -0.760552 0.137749
vn 0.756677 -0.647760 0.088583
vn 0.861427 -0.505787 0.046070
vn 0.939963 -0.340987 0.014054
vn 0.985190 -0.171259 -0.008413
vn 0.996046 -0.087212 -0.016940
vn -0.944227 -0.209949 -0.253688
vn -0.956906 -0.119824 -0.264524
vn -0.896790 -0.387222 -0.214074
vn -0.818454 -0.555411 -0.147146
vn -0.714827 -0.696805 -0.059027
vn -0.595630 -0.802241 0.040422
vn -0.476213 -0.868451 0.137890
vn -0.370212 -0.901711 0.223295
vn -0.284472 -0.912895 0.292742
vn -0.219166 -0.912018 0.346684
vn -0.170399 -0.905930 0.387628
vn -0.134686 -0.898432 0.417947
vn -0.108554 -0.891494 0.439835
vn -0.088490 -0.886109 0.454952
vn -0.072135 -0.882811 0.464157
vn -0.057758 -0.881775 0.468120
vn -0.042635 -0.883131 0.467184
vn -0.024471 -0.886535 0.462013
vn -0.001754 -0.891914 0.452201
vn 0.028054 -0.898905 0.437244
vn 0.068856 -0.906581 0.416376
vn 0.125197 -0.912866 0.388589
vn 0.201103 -0.913958 0.352476
vn 0.299945 -0.903277 0.306796
vn 0.421945 -0.871200 0.250943
vn 0.560543 -0.806886 0.186353
vn 0.701873 -0.702477 0.117904
vn 0.828018 -0.558241 0.052471
vn 0.923209 -0.384270 -0.004697
vn 0.977419 -0.205191 -0.050481
vn 0.990546 -0.117291 -0.071141
vn -0.926873 -0.244117 -0.285155
vn -0.939120 -0.142646 -0.312580
vn -0.871352 -0.442505 -0.211978
vn -0.773574 -0.624694 -0.106494
vn -0.646224 -0.762897 0.019573
vn -0.509598 -0.847726 0.147212
vn -0.385891 -0.885317 0.259426
vn -0.286593 -0.892096 0.349326
vn -0.213928 -0.883234 0.417293
vn -0.163155 -0.868813 0.467487
vn -0.128047 -0.853766 0.504666
vn -0.106152 -0.840718 0.530966
vn -0.091098 -0.830511 0.549503
vn -0.081530 -0.822879 0.562337
vn -0.076124 -0.818609 0.569284
vn -0.072336 -0.817684 0.571105
vn -0.066427 -0.819811 0.568769
vn -0.057578 -0.824248 0.563294
vn -0.045982 -0.831684 0.553342
vn -0.027728 -0.841891 0.538934
vn -0.001086 -0.854936 0.518733
vn 0.039878 -0.870334 0.490845
vn 0.101281 -0.885425 0.453613
vn 0.188587 -0.894450 0.405456
vn 0.305591 -0.887842 0.344021
vn 0.450897 -0.851323 0.268219
vn 0.613821 -0.768342 0.181313
vn 0.770888 -0.630107 0.093255
vn 0.895253 -0.445178 0.018437
vn 0.969801 -0.242186 -0.028866
vn 0.989233 -0.139694 -0.043625
vn -0.911487 -0.305660 -0.275251
vn -0.931125 -0.185721 -0.313869
vn -0.830016 -0.533063 -0.164065
vn -0.694869 -0.719099 -0.007365
vn -0.535559 -0.829428 0.158829
vn -0.386565 -0.870475 0.304698
vn -0.269416 -0.867541 0.418076
vn -0.187355 -0.844923 0.501002
vn -0.137223 -0.817999 0.558612
vn -0.103516 -0.793789 0.599319
vn -0.083773 -0.772437 0.629542
vn -0.081031 -0.757067 0.648293
vn -0.072731 -0.746045 0.661911
vn -0.074640 -0.736857 0.671916
vn -0.082419 -0.732733 0.675507
vn -0.088774 -0.732913 0.674505
vn -0.089594 -0.735404 0.671679
vn -0.089529 -0.739453 0.667229
vn -0.091956 -0.748013 0.657283
vn -0.082635 -0.759759 0.644933
vn -0.073074 -0.775151 0.627536
vn -0.052674 -0.796543 0.602283
vn -0.010921 -0.822541 0.568601
vn 0.056573 -0.849340 0.524805
vn 0.156561 -0.870850 0.465949
vn 0.296684 -0.872782 0.387595
vn 0.474623 -0.832082 0.287006
vn 0.669955 -0.723103 0.168176
vn 0.842512 -0.536447 0.048968
vn 0.952494 -0.301210 -0.045041
vn 0.981101 -0.175091 -0.082371
vn -0.875863 -0.418585 -0.240104
vn -0.908284 -0.269611 -0.319891
vn -0.743850 -0.666923 -0.043595
vn -0.553465 -0.813683 0.177751
vn -0.368942 -0.854396 0.365908
vn -0.227389 -0.833439 0.503661
vn -0.134699 -0.790359 0.597653
vn -0.081357 -0.746036 0.660917
vn -0.064562 -0.710260 0.700973
vn -0.042928 -0.682500 0.729624
vn -0.041446 -0.658347 0.751572
vn -0.068472 -0.645993 0.760267
vn -0.049755 -0.636285 0.769848
vn -0.068909 -0.625568 0.777121
vn -0.094869 -0.623661 0.775917
vn -0.106355 -0.626924 0.771786
vn -0.105839 -0.627161 0.771665
vn -0.116674 -0.628194 0.769259
vn -0.142730 -0.638158 0.756559
vn -0.131498 -0.651977 0.746750
vn -0.138599 -0.665764 0.733177
vn -0.142919 -0.687469 0.712012
vn -0.122688 -0.717080 0.686108
vn -0.081803 -0.752272 0.653754
vn -0.015908 -0.794768 0.606705
vn 0.098260 -0.835967 0.539911
vn 0.266073 -0.855743 0.443744
vn 0.487688 -0.816091 0.310090
vn 0.726253 -0.671617 0.146586
vn 0.906307 -0.422472 -0.011215
vn 0.958712 -0.272393 -0.081688
vn -0.786429 -0.611225 -0.089068
vn -0.858384 -0.458227 -0.230663
vn -0.560361 -0.802201 0.206080
vn -0.326124 -0.832140 0.448538
vn -0.155564 -0.778681 0.607829
vn -0.056430 -0.707326 0.704631
vn -0.006206 -0.646522 0.762870
vn 0.012629 -0.600092 0.799831
vn -0.009251 -0.569422 0.821994
vn 0.022790 -0.540260 0.841189
vn -0.008814 -0.516109 0.856477
vn -0.081737 -0.515239 0.853140
vn -0.010417 -0.506735 0.862039
vn -0.067193 -0.492871 0.867504
vn -0.120570 -0.497080 0.859287
vn -0.121295 -0.505601 0.854199
vn -0.102757 -0.497883 0.861135
vn -0.137577 -0.493743 0.858656
vn -0.205536 -0.508219 0.836342
vn -0.167086 -0.526272 0.833739
vn -0.186286 -0.533039 0.825329
vn -0.220959 -0.549188 0.805959
vn -0.214808 -0.574374 0.789906
vn -0.198490 -0.602618 0.772951
vn -0.186252 -0.647951 0.738559
vn -0.116158 -0.710245 0.694305
vn 0.002513 -0.780666 0.624943
vn 0.203232 -0.833316 0.514083
vn 0.489063 -0.802070 0.342783
vn 0.779135 -0.615642 0.118040
vn 0.883957 -0.467565 -0.001404
vn -0.518853 -0.821224 0.237449
vn -0.651977 -0.757770 0.026669
vn -0.234914 -0.796197 0.557571
vn -0.042105 -0.686567 0.725846
vn 0.056845 -0.581340 0.811673
vn 0.084465 -0.508064 0.857168
vn 0.090778 -0.461294 0.882591
vn 0.079830 -0.430146 0.899223
vn 0.020059 -0.415511 0.909367
vn 0.094488 -0.389012 0.916374
vn 0.008077 -0.374268 0.927286
vn -0.122126 -0.383034 0.915625
vn 0.049480 -0.374853 0.925763
vn -0.071569 -0.363279 0.928927
vn -0.156891 -0.369150 0.916031
vn -0.129411 -0.380645 0.915621
vn -0.079442 -0.366218 0.927132
vn -0.154608 -0.364739 0.918184
vn -0.274356 -0.376517 0.884852
vn -0.181754 -0.392548 0.901594
vn -0.211333 -0.387935 0.897132
vn -0.284212 -0.398308 0.872109
vn -0.271724 -0.412068 0.869693
vn -0.272176 -0.425300 0.863157
vn -0.328281 -0.454942 0.827804
vn -0.292516 -0.510670 0.808487
vn -0.252846 -0.584759 0.770796
vn -0.138503 -0.689955 0.710478
vn 0.093415 -0.796453 0.597442
vn 0.438526 -0.823408 0.360131
vn 0.606831 -0.771394 0.191593
vn -0.277629 -0.856536 0.435049
vn -0.408373 -0.884400 0.225982
vn -0.035416 -0.702409 0.710891
vn 0.106337 -0.546396 0.830749
vn 0.154236 -0.445187 0.882054
vn 0.142182 -0.391570 0.909097
vn 0.127403 -0.361803 0.923508
vn 0.106503 -0.340975 0.934020
vn 0.028294 -0.335751 0.941526
vn 0.121092 -0.319034 0.939976
vn 0.018975 -0.307794 0.951264
vn -0.145365 -0.321311 0.935750
vn 0.076867 -0.313870 0.946350
vn -0.073194 -0.302535 0.950324
vn -0.172131 -0.310861 0.934739
vn -0.131355 -0.316554 0.939436
vn -0.067572 -0.307374 0.949187
vn -0.164531 -0.305833 0.937761
vn -0.299272 -0.316139 0.900274
vn -0.182698 -0.322998 0.928598
vn -0.217359 -0.313790 0.924279
vn -0.315565 -0.320644 0.893088
vn -0.283182 -0.330007 0.900502
vn -0.301284 -0.330593 0.894392
vn -0.383744 -0.352982 0.853314
vn -0.362402 -0.393585 0.844841
vn -0.365568 -0.449025 0.815314
vn -0.308278 -0.552853 0.774157
vn -0.133746 -0.708696 0.692720
vn 0.157715 -0.863023 0.479913
vn 0.318396 -0.896379 0.308429
vn 0.969047 0.012570 0.246555
vn 0.989259 0.043852 0.139439
vn 0.989259 0.043852 0.139439
vn 0.969319 0.012892 0.245469
vn 0.929557 -0.030221 0.367438
vn 0.929801 -0.029887 0.366847
vn 0.924751 -0.031685 0.379252
vn 0.924746 -0.031697 0.379264
vn 0.938793 -0.013445 0.344219
vn 0.938689 -0.013527 0.344500
vn 0.950513 -0.000297 0.310684
vn 0.950488 -0.000346 0.310761
vn 0.963490 0.001732 0.267738
vn 0.963384 0.001778 0.268119
vn 0.947862 -0.002991 0.318668
vn 0.948084 -0.002984 0.318006
vn 0.970480 0.003962 0.241150
vn 0.969941 0.003857 0.243310
vn 0.990860 0.006488 0.134740
vn 0.990946 0.006550 0.134098
vn 0.953614 -0.002692 0.301021
vn 0.953892 -0.002658 0.300140
vn 0.980399 -0.000679 0.197024
vn 0.979598 -0.000795 0.200966
vn 0.996217 0.008738 0.086459
vn 0.996262 0.008724 0.085944
vn 0.986186 -0.000274 0.165642
vn 0.986113 -0.000110 0.166073
vn 0.981105 -0.006143 0.193379
vn 0.981193 -0.006189 0.192928
vn 0.997188 0.002847 0.074893
vn 0.996999 0.002804 0.077362
vn 0.998199 -0.002574 0.059929
vn 0.998281 -0.002501 0.058559
vn 0.970216 -0.010666 0.242007
vn 0.970308 -0.010667 0.241635
vn 0.999166 -0.001903 0.040801
vn 0.998975 -0.002068 0.045217
vn 0.999647 0.004115 -0.026244
vn 0.999639 0.004120 -0.026545
vn 0.997831 -0.003251 0.065750
vn 0.997769 -0.003189 0.066691
vn 0.999957 -0.007972 0.004764
vn 0.999958 -0.007973 0.004647
vn 0.997753 -0.007779 0.066547
vn 0.997789 -0.007780 0.066002
vn 0.999687 -0.003811 -0.024705
vn 0.999733 -0.003864 -0.022771
vn 0.996045 -0.000439 -0.088852
vn 0.995985 -0.000434 -0.089515
vn 0.998760 -0.001542 -0.049752
vn 0.998781 -0.001536 -0.049335
vn 0.994037 0.007933 -0.108757
vn 0.994060 0.007822 -0.108557
vn 0.989844 0.027544 -0.139461
vn 0.989856 0.027488 -0.139388
vn 0.991500 0.025032 -0.127672
vn 0.991442 0.025236 -0.128084
vn 0.999916 -0.012346 -0.003843
vn 0.999916 -0.012740 -0.002292
vn 0.993615 -0.039982 0.105500
vn 0.993615 -0.039982 0.105500
vn -0.994511 -0.005102 -0.104510
vn -0.999535 0.030503 0.000268
vn -0.999505 0.031333 0.002726
vn -0.994511 -0.005102 -0.104510
vn -0.988798 0.078679 0.126842
vn -0.988873 0.078441 0.126403
vn -0.987455 0.071257 0.140909
vn -0.987396 0.071653 0.141119
vn -0.994320 0.039153 0.098972
vn -0.994289 0.039259 0.099239
vn -0.997034 0.021366 0.073938
vn -0.997036 0.021416 0.073898
vn -0.999639 0.013111 0.023467
vn -0.999637 0.013113 0.023517
vn -0.998567 0.014668 0.051467
vn -0.998625 0.014614 0.050347
vn -0.999936 0.007862 -0.008087
vn -0.999935 0.007844 -0.008325
vn -0.996292 0.002111 -0.086008
vn -0.996252 0.002072 -0.086476
vn -0.999396 0.010442 0.033143
vn -0.999416 0.010407 0.032544
vn -0.998074 0.005043 -0.061823
vn -0.998037 0.005009 -0.062423
vn -0.996345 0.001056 -0.085417
vn -0.996142 0.000964 -0.087756
vn -0.994618 0.001905 -0.103590
vn -0.994562 0.001889 -0.104130
vn -0.995579 0.005166 -0.093787
vn -0.995306 0.005030 -0.096644
vn -0.993677 0.001644 -0.112265
vn -0.993610 0.001607 -0.112861
vn -0.976764 -0.004321 -0.214276
vn -0.976639 -0.004362 -0.214842
vn -0.997890 0.007617 -0.064481
vn -0.997841 0.007550 -0.065247
vn -0.983800 -0.001685 -0.179264
vn -0.983631 -0.001763 -0.180188
vn -0.957161 -0.011408 -0.289332
vn -0.956899 -0.011479 -0.290194
vn -0.991274 0.003465 -0.131776
vn -0.991183 0.003392 -0.132459
vn -0.981186 -0.001548 -0.193059
vn -0.981148 -0.001566 -0.193252
vn -0.948839 -0.014115 -0.315444
vn -0.948788 -0.014126 -0.315597
vn -0.971269 -0.007113 -0.237878
vn -0.971127 -0.007169 -0.238455
vn -0.963225 -0.010012 -0.268508
vn -0.963218 -0.010014 -0.268534
vn -0.942311 -0.022193 -0.334003
vn -0.942225 -0.022164 -0.334246
vn -0.940327 -0.036799 -0.338276
vn -0.940392 -0.036736 -0.338102
vn -0.921805 -0.070377 -0.381213
vn -0.921887 -0.070071 -0.381071
vn -0.926410 -0.077237 -0.368510
vn -0.926145 -0.077629 -0.369092
vn -0.966908 -0.030971 -0.253237
vn -0.967172 -0.030652 -0.252267
vn -0.988875 0.003088 -0.148714
vn -0.988876 0.003088 -0.148714
s 1
g Pillows Pillow3
usemtl initialShadingGroup
f 1923/2074/2171 1924/2075/2172 1955/2106/2173 1954/2105/2174
f 1924/2075/2172 1925/2076/2175 1956/2107/2176 1955/2106/2173
f 1925/2076/2175 1926/2077/2177 1957/2108/2178 1956/2107/2176
f 1926/2077/2177 1927/2078/2179 1958/2109/2180 1957/2108/2178
f 1927/2078/2179 1928/2079/2181 1959/2110/2182 1958/2109/2180
f 1928/2079/2181 1929/2080/2183 1960/2111/2184 1959/2110/2182
f 1929/2080/2183 1930/2081/2185 1961/2112/2186 1960/2111/2184
f 1930/2081/2185 1931/2082/2187 1962/2113/2188 1961/2112/2186
f 1931/2082/2187 1932/2083/2189 1963/2114/2190 1962/2113/2188
f 1932/2083/2189 1933/2084/2191 1964/2115/2192 1963/2114/2190
f 1933/2084/2191 1934/2085/2193 1965/2116/2194 1964/2115/2192
f 1934/2085/2193 1935/2086/2195 1966/2117/2196 1965/2116/2194
f 1935/2086/2195 1936/2087/2197 1967/2118/2198 1966/2117/2196
f 1936/2087/2197 1937/2088/2199 1968/2119/2200 1967/2118/2198
f 1937/2088/2199 1938/2089/2201 1969/2120/2202 1968/2119/2200
f 1938/2089/2201 1939/2090/2203 1970/2121/2204 1969/2120/2202
f 1939/2090/2203 1940/2091/2205 1971/2122/2206 1970/2121/2204
f 1940/2091/2205 1941/2092/2207 1972/2123/2208 1971/2122/2206
f 1941/2092/2207 1942/2093/2209 1973/2124/2210 1972/2123/2208
f 1942/2093/2209 1943/2094/2211 1974/2125/2212 1973/2124/2210
f 1943/2094/2211 1944/2095/2213 1975/2126/2214 1974/2125/2212
f 1944/2095/2213 1945/2096/2215 1976/2127/2216 1975/2126/2214
f 1945/2096/2215 1946/2097/2217 1977/2128/2218 1976/2127/2216
f 1946/2097/2217 1947/2098/2219 1978/2129/2220 1977/2128/2218
f 1947/2098/2219 1948/2099/2221 1979/2130/2222 1978/2129/2220
f 1948/2099/2221 1949/2100/2223 1980/2131/2224 1979/2130/2222
f 1949/2100/2223 1950/2101/2225 1981/2132/2226 1980/2131/2224
f 1950/2101/2225 1951/2102/2227 1982/2133/2228 1981/2132/2226
f 1951/2102/2227 1952/2103/2229 1983/2134/2230 1982/2133/2228
f 1952/2103/2229 1953/2104/2231 1984/2135/2232 1983/2134/2230
s 2
f 1954/2105/2233 1955/2106/2234 1986/2137/2235 1985/2136/2236
f 1955/2106/2234 1956/2107/2237 1987/2138/2238 1986/2137/2235
f 1956/2107/2237 1957/2108/2239 1988/2139/2240 1987/2138/2238
f 1957/2108/2239 1958/2109/2241 1989/2140/2242 1988/2139/2240
f 1958/2109/2241 1959/2110/2243 1990/2141/2244 1989/2140/2242
f 1959/2110/2243 1960/2111/2245 1991/2142/2246 1990/2141/2244
f 1960/2111/2245 1961/2112/2247 1992/2143/2248 1991/2142/2246
f 1961/2112/2247 1962/2113/2249 1993/2144/2250 1992/2143/2248
f 1962/2113/2249 1963/2114/2251 1994/2145/2252 1993/2144/2250
f 1963/2114/2251 1964/2115/2253 1995/2146/2254 1994/2145/2252
f 1964/2115/2253 1965/2116/2255 1996/2147/2256 1995/2146/2254
f 1965/2116/2255 1966/2117/2257 1997/2148/2258 1996/2147/2256
f 1966/2117/2257 1967/2118/2259 1998/2149/2260 1997/2148/2258
f 1967/2118/2259 1968/2119/2261 1999/2150/2262 1998/2149/2260
f 1968/2119/2261 1969/2120/2263 2000/2151/2264 1999/2150/2262
f 1969/2120/2263 1970/2121/2265 2001/2152/2266 2000/2151/2264
f 1970/2121/2265 1971/2122/2267 2002/2153/2268 2001/2152/2266
f 1971/2122/2267 1972/2123/2269 2003/2154/2270 2002/2153/2268
f 1972/2123/2269 1973/2124/2271 2004/2155/2272 2003/2154/2270
f 1973/2124/2271 1974/2125/2273 2005/2156/2274 2004/2155/2272
f 1974/2125/2273 1975/2126/2275 2006/2157/2276 2005/2156/2274
f 1975/2126/2275 1976/2127/2277 2007/2158/2278 2006/2157/2276
f 1976/2127/2277 1977/2128/2279 2008/2159/2280 2007/2158/2278
f 1977/2128/2279 1978/2129/2281 2009/2160/2282 2008/2159/2280
f 1978/2129/2281 1979/2130/2283 2010/2161/2284 2009/2160/2282
f 1979/2130/2283 1980/2131/2285 2011/2162/2286 2010/2161/2284
f 1980/2131/2285 1981/2132/2287 2012/2163/2288 2011/2162/2286
f 1981/2132/2287 1982/2133/2289 2013/2164/2290 2012/2163/2288
f 1982/2133/2289 1983/2134/2291 2014/2165/2292 2013/2164/2290
f 1983/2134/2291 1984/2135/2293 2015/2166/2294 2014/2165/2292
f 1985/2136/2236 1986/2137/2235 2017/2168/2295 2016/2167/2296
f 1986/2137/2235 1987/2138/2238 2018/2169/2297 2017/2168/2295
f 1987/2138/2238 1988/2139/2240 2019/2170/2298 2018/2169/2297
f 1988/2139/2240 1989/2140/2242 2020/2171/2299 2019/2170/2298
f 1989/2140/2242 1990/2141/2244 2021/2172/2300 2020/2171/2299
f 1990/2141/2244 1991/2142/2246 2022/2173/2301 2021/2172/2300
f 1991/2142/2246 1992/2143/2248 2023/2174/2302 2022/2173/2301
f 1992/2143/2248 1993/2144/2250 2024/2175/2303 2023/2174/2302
f 1993/2144/2250 1994/2145/2252 2025/2176/2304 2024/2175/2303
f 1994/2145/2252 1995/2146/2254 2026/2177/2305 2025/2176/2304
f 1995/2146/2254 1996/2147/2256 2027/2178/2306 2026/2177/2305
f 1996/2147/2256 1997/2148/2258 2028/2179/2307 2027/2178/2306
f 1997/2148/2258 1998/2149/2260 2029/2180/2308 2028/2179/2307
f 1998/2149/2260 1999/2150/2262 2030/2181/2309 2029/2180/2308
f 1999/2150/2262 2000/2151/2264 2031/2182/2310 2030/2181/2309
f 2000/2151/2264 2001/2152/2266 2032/2183/2311 2031/2182/2310
f 2001/2152/2266 2002/2153/2268 2033/2184/2312 2032/2183/2311
f 2002/2153/2268 2003/2154/2270 2034/2185/2313 2033/2184/2312
f 2003/2154/2270 2004/2155/2272 2035/2186/2314 2034/2185/2313
f 2004/2155/2272 2005/2156/2274 2036/2187/2315 2035/2186/2314
f 2005/2156/2274 2006/2157/2276 2037/2188/2316 2036/2187/2315
f 2006/2157/2276 2007/2158/2278 2038/2189/2317 2037/2188/2316
f 2007/2158/2278 2008/2159/2280 2039/2190/2318 2038/2189/2317
f 2008/2159/2280 2009/2160/2282 2040/2191/2319 2039/2190/2318
f 2009/2160/2282 2010/2161/2284 2041/2192/2320 2040/2191/2319
f 2010/2161/2284 2011/2162/2286 2042/2193/2321 2041/2192/2320
f 2011/2162/2286 2012/2163/2288 2043/2194/2322 2042/2193/2321
f 2012/2163/2288 2013/2164/2290 2044/2195/2323 2043/2194/2322
f 2013/2164/2290 2014/2165/2292 2045/2196/2324 2044/2195/2323
f 2014/2165/2292 2015/2166/2294 2046/2197/2325 2045/2196/2324
f 2016/2167/2296 2017/2168/2295 2048/2199/2326 2047/2198/2327
f 2017/2168/2295 2018/2169/2297 2049/2200/2328 2048/2199/2326
f 2018/2169/2297 2019/2170/2298 2050/2201/2329 2049/2200/2328
f 2019/2170/2298 2020/2171/2299 2051/2202/2330 2050/2201/2329
f 2020/2171/2299 2021/2172/2300 2052/2203/2331 2051/2202/2330
f 2021/2172/2300 2022/2173/2301 2053/2204/2332 2052/2203/2331
f 2022/2173/2301 2023/2174/2302 2054/2205/2333 2053/2204/2332
f 2023/2174/2302 2024/2175/2303 2055/2206/2334 2054/2205/2333
f 2024/2175/2303 2025/2176/2304 2056/2207/2335 2055/2206/2334
f 2025/2176/2304 2026/2177/2305 2057/2208/2336 2056/2207/2335
f 2026/2177/2305 2027/2178/2306 2058/2209/2337 2057/2208/2336
f 2027/2178/2306 2028/2179/2307 2059/2210/2338 2058/2209/2337
f 2028/2179/2307 2029/2180/2308 2060/2211/2339 2059/2210/2338
f 2029/2180/2308 2030/2181/2309 2061/2212/2340 2060/2211/2339
f 2030/2181/2309 2031/2182/2310 2062/2213/2341 2061/2212/2340
f 2031/2182/2310 2032/2183/2311 2063/2214/2342 2062/2213/2341
f 2032/2183/2311 2033/2184/2312 2064/2215/2343 2063/2214/2342
f 2033/2184/2312 2034/2185/2313 2065/2216/2344 2064/2215/2343
f 2034/2185/2313 2035/2186/2314 2066/2217/2345 2065/2216/2344
f 2035/2186/2314 2036/2187/2315 2067/2218/2346 2066/2217/2345
f 2036/2187/2315 2037/2188/2316 2068/2219/2347 2067/2218/2346
f 2037/2188/2316 2038/2189/2317 2069/2220/2348 2068/2219/2347
f 2038/2189/2317 2039/2190/2318 2070/2221/2349 2069/2220/2348
f 2039/2190/2318 2040/2191/2319 2071/2222/2350 2070/2221/2349
f 2040/2191/2319 2041/2192/2320 2072/2223/2351 2071/2222/2350
f 2041/2192/2320 2042/2193/2321 2073/2224/2352 2072/2223/2351
f 2042/2193/2321 2043/2194/2322 2074/2225/2353 2073/2224/2352
f 2043/2194/2322 2044/2195/2323 2075/2226/2354 2074/2225/2353
f 2044/2195/2323 2045/2196/2324 2076/2227/2355 2075/2226/2354
f 2045/2196/2324 2046/2197/2325 2077/2228/2356 2076/2227/2355
f 2047/2198/2327 2048/2199/2326 2079/2230/2357 2078/2229/2358
f 2048/2199/2326 2049/2200/2328 2080/2231/2359 2079/2230/2357
f 2049/2200/2328 2050/2201/2329 2081/2232/2360 2080/2231/2359
f 2050/2201/2329 2051/2202/2330 2082/2233/2361 2081/2232/2360
f 2051/2202/2330 2052/2203/2331 2083/2234/2362 2082/2233/2361
f 2052/2203/2331 2053/2204/2332 2084/2235/2363 2083/2234/2362
f 2053/2204/2332 2054/2205/2333 2085/2236/2364 2084/2235/2363
f 2054/2205/2333 2055/2206/2334 2086/2237/2365 2085/2236/2364
f 2055/2206/2334 2056/2207/2335 2087/2238/2366 2086/2237/2365
f 2056/2207/2335 2057/2208/2336 2088/2239/2367 2087/2238/2366
f 2057/2208/2336 2058/2209/2337 2089/2240/2368 2088/2239/2367
f 2058/2209/2337 2059/2210/2338 2090/2241/2369 2089/2240/2368
f 2059/2210/2338 2060/2211/2339 2091/2242/2370 2090/2241/2369
f 2060/2211/2339 2061/2212/2340 2092/2243/2371 2091/2242/2370
f 2061/2212/2340 2062/2213/2341 2093/2244/2372 2092/2243/2371
f 2062/2213/2341 2063/2214/2342 2094/2245/2373 2093/2244/2372
f 2063/2214/2342 2064/2215/2343 2095/2246/2374 2094/2245/2373
f 2064/2215/2343 2065/2216/2344 2096/2247/2375 2095/2246/2374
f 2065/2216/2344 2066/2217/2345 2097/2248/2376 2096/2247/2375
f 2066/2217/2345 2067/2218/2346 2098/2249/2377 2097/2248/2376
f 2067/2218/2346 2068/2219/2347 2099/2250/2378 2098/2249/2377
f 2068/2219/2347 2069/2220/2348 2100/2251/2379 2099/2250/2378
f 2069/2220/2348 2070/2221/2349 2101/2252/2380 2100/2251/2379
f 2070/2221/2349 2071/2222/2350 2102/2253/2381 2101/2252/2380
f 2071/2222/2350 2072/2223/2351 2103/2254/2382 2102/2253/2381
f 2072/2223/2351 2073/2224/2352 2104/2255/2383 2103/2254/2382
f 2073/2224/2352 2074/2225/2353 2105/2256/2384 2104/2255/2383
f 2074/2225/2353 2075/2226/2354 2106/2257/2385 2105/2256/2384
f 2075/2226/2354 2076/2227/2355 2107/2258/2386 2106/2257/2385
f 2076/2227/2355 2077/2228/2356 2108/2259/2387 2107/2258/2386
f 2078/2229/2358 2079/2230/2357 2110/2261/2388 2109/2260/2389
f 2079/2230/2357 2080/2231/2359 2111/2262/2390 2110/2261/2388
f 2080/2231/2359 2081/2232/2360 2112/2263/2391 2111/2262/2390
f 2081/2232/2360 2082/2233/2361 2113/2264/2392 2112/2263/2391
f 2082/2233/2361 2083/2234/2362 2114/2265/2393 2113/2264/2392
f 2083/2234/2362 2084/2235/2363 2115/2266/2394 2114/2265/2393
f 2084/2235/2363 2085/2236/2364 2116/2267/2395 2115/2266/2394
f 2085/2236/2364 2086/2237/2365 2117/2268/2396 2116/2267/2395
f 2086/2237/2365 2087/2238/2366 2118/2269/2397 2117/2268/2396
f 2087/2238/2366 2088/2239/2367 2119/2270/2398 2118/2269/2397
f 2088/2239/2367 2089/2240/2368 2120/2271/2399 2119/2270/2398
f 2089/2240/2368 2090/2241/2369 2121/2272/2400 2120/2271/2399
f 2090/2241/2369 2091/2242/2370 2122/2273/2401 2121/2272/2400
f 2091/2242/2370 2092/2243/2371 2123/2274/2402 2122/2273/2401
f 2092/2243/2371 2093/2244/2372 2124/2275/2403 2123/2274/2402
f 2093/2244/2372 2094/2245/2373 2125/2276/2404 2124/2275/2403
f 2094/2245/2373 2095/2246/2374 2126/2277/2405 2125/2276/2404
f 2095/2246/2374 2096/2247/2375 2127/2278/2406 2126/2277/2405
f 2096/2247/2375 2097/2248/2376 2128/2279/2407 2127/2278/2406
f 2097/2248/2376 2098/2249/2377 2129/2280/2408 2128/2279/2407
f 2098/2249/2377 2099/2250/2378 2130/2281/2409 2129/2280/2408
f 2099/2250/2378 2100/2251/2379 2131/2282/2410 2130/2281/2409
f 2100/2251/2379 2101/2252/2380 2132/2283/2411 2131/2282/2410
f 2101/2252/2380 2102/2253/2381 2133/2284/2412 2132/2283/2411
f 2102/2253/2381 2103/2254/2382 2134/2285/2413 2133/2284/2412
f 2103/2254/2382 2104/2255/2383 2135/2286/2414 2134/2285/2413
f 2104/2255/2383 2105/2256/2384 2136/2287/2415 2135/2286/2414
f 2105/2256/2384 2106/2257/2385 2137/2288/2416 2136/2287/2415
f 2106/2257/2385 2107/2258/2386 2138/2289/2417 2137/2288/2416
f 2107/2258/2386 2108/2259/2387 2139/2290/2418 2138/2289/2417
f 2109/2260/2389 2110/2261/2388 2141/2292/2419 2140/2291/2420
f 2110/2261/2388 2111/2262/2390 2142/2293/2421 2141/2292/2419
f 2111/2262/2390 2112/2263/2391 2143/2294/2422 2142/2293/2421
f 2112/2263/2391 2113/2264/2392 2144/2295/2423 2143/2294/2422
f 2113/2264/2392 2114/2265/2393 2145/2296/2424 2144/2295/2423
f 2114/2265/2393 2115/2266/2394 2146/2297/2425 2145/2296/2424
f 2115/2266/2394 2116/2267/2395 2147/2298/2426 2146/2297/2425
f 2116/2267/2395 2117/2268/2396 2148/2299/2427 2147/2298/2426
f 2117/2268/2396 2118/2269/2397 2149/2300/2428 2148/2299/2427
f 2118/2269/2397 2119/2270/2398 2150/2301/2429 2149/2300/2428
f 2119/2270/2398 2120/2271/2399 2151/2302/2430 2150/2301/2429
f 2120/2271/2399 2121/2272/2400 2152/2303/2431 2151/2302/2430
f 2121/2272/2400 2122/2273/2401 2153/2304/2432 2152/2303/2431
f 2122/2273/2401 2123/2274/2402 2154/2305/2433 2153/2304/2432
f 2123/2274/2402 2124/2275/2403 2155/2306/2434 2154/2305/2433
f 2124/2275/2403 2125/2276/2404 2156/2307/2435 2155/2306/2434
f 2125/2276/2404 2126/2277/2405 2157/2308/2436 2156/2307/2435
f 2126/2277/2405 2127/2278/2406 2158/2309/2437 2157/2308/2436
f 2127/2278/2406 2128/2279/2407 2159/2310/2438 2158/2309/2437
f 2128/2279/2407 2129/2280/2408 2160/2311/2439 2159/2310/2438
f 2129/2280/2408 2130/2281/2409 2161/2312/2440 2160/2311/2439
f 2130/2281/2409 2131/2282/2410 2162/2313/2441 2161/2312/2440
f 2131/2282/2410 2132/2283/2411 2163/2314/2442 2162/2313/2441
f 2132/2283/2411 2133/2284/2412 2164/2315/2443 2163/2314/2442
f 2133/2284/2412 2134/2285/2413 2165/2316/2444 2164/2315/2443
f 2134/2285/2413 2135/2286/2414 2166/2317/2445 2165/2316/2444
f 2135/2286/2414 2136/2287/2415 2167/2318/2446 2166/2317/2445
f 2136/2287/2415 2137/2288/2416 2168/2319/2447 2167/2318/2446
f 2137/2288/2416 2138/2289/2417 2169/2320/2448 2168/2319/2447
f 2138/2289/2417 2139/2290/2418 2170/2321/2449 2169/2320/2448
f 2140/2291/2420 2141/2292/2419 2172/2323/2450 2171/2322/2451
f 2141/2292/2419 2142/2293/2421 2173/2324/2452 2172/2323/2450
f 2142/2293/2421 2143/2294/2422 2174/2325/2453 2173/2324/2452
f 2143/2294/2422 2144/2295/2423 2175/2326/2454 2174/2325/2453
f 2144/2295/2423 2145/2296/2424 2176/2327/2455 2175/2326/2454
f 2145/2296/2424 2146/2297/2425 2177/2328/2456 2176/2327/2455
f 2146/2297/2425 2147/2298/2426 2178/2329/2457 2177/2328/2456
f 2147/2298/2426 2148/2299/2427 2179/2330/2458 2178/2329/2457
f 2148/2299/2427 2149/2300/2428 2180/2331/2459 2179/2330/2458
f 2149/2300/2428 2150/2301/2429 2181/2332/2460 2180/2331/2459
f 2150/2301/2429 2151/2302/2430 2182/2333/2461 2181/2332/2460
f 2151/2302/2430 2152/2303/2431 2183/2334/2462 2182/2333/2461
f 2152/2303/2431 2153/2304/2432 2184/2335/2463 2183/2334/2462
f 2153/2304/2432 2154/2305/2433 2185/2336/2464 2184/2335/2463
f 2154/2305/2433 2155/2306/2434 2186/2337/2465 2185/2336/2464
f 2155/2306/2434 2156/2307/2435 2187/2338/2466 2186/2337/2465
f 2156/2307/2435 2157/2308/2436 2188/2339/2467 2187/2338/2466
f 2157/2308/2436 2158/2309/2437 2189/2340/2468 2188/2339/2467
f 2158/2309/2437 2159/2310/2438 2190/2341/2469 2189/2340/2468
f 2159/2310/2438 2160/2311/2439 2191/2342/2470 2190/2341/2469
f 2160/2311/2439 2161/2312/2440 2192/2343/2471 2191/2342/2470
f 2161/2312/2440 2162/2313/2441 2193/2344/2472 2192/2343/2471
f 2162/2313/2441 2163/2314/2442 2194/2345/2473 2193/2344/2472
f 2163/2314/2442 2164/2315/2443 2195/2346/2474 2194/2345/2473
f 2164/2315/2443 2165/2316/2444 2196/2347/2475 2195/2346/2474
f 2165/2316/2444 2166/2317/2445 2197/2348/2476 2196/2347/2475
f 2166/2317/2445 2167/2318/2446 2198/2349/2477 2197/2348/2476
f 2167/2318/2446 2168/2319/2447 2199/2350/2478 2198/2349/2477
f 2168/2319/2447 2169/2320/2448 2200/2351/2479 2199/2350/2478
f 2169/2320/2448 2170/2321/2449 2201/2352/2480 2200/2351/2479
f 2171/2322/2451 2172/2323/2450 2203/2354/2481 2202/2353/2482
f 2172/2323/2450 2173/2324/2452 2204/2355/2483 2203/2354/2481
f 2173/2324/2452 2174/2325/2453 2205/2356/2484 2204/2355/2483
f 2174/2325/2453 2175/2326/2454 2206/2357/2485 2205/2356/2484
f 2175/2326/2454 2176/2327/2455 2207/2358/2486 2206/2357/2485
f 2176/2327/2455 2177/2328/2456 2208/2359/2487 2207/2358/2486
f 2177/2328/2456 2178/2329/2457 2209/2360/2488 2208/2359/2487
f 2178/2329/2457 2179/2330/2458 2210/2361/2489 2209/2360/2488
f 2179/2330/2458 2180/2331/2459 2211/2362/2490 2210/2361/2489
f 2180/2331/2459 2181/2332/2460 2212/2363/2491 2211/2362/2490
f 2181/2332/2460 2182/2333/2461 2213/2364/2492 2212/2363/2491
f 2182/2333/2461 2183/2334/2462 2214/2365/2493 2213/2364/2492
f 2183/2334/2462 2184/2335/2463 2215/2366/2494 2214/2365/2493
f 2184/2335/2463 2185/2336/2464 2216/2367/2495 2215/2366/2494
f 2185/2336/2464 2186/2337/2465 2217/2368/2496 2216/2367/2495
f 2186/2337/2465 2187/2338/2466 2218/2369/2497 2217/2368/2496
f 2187/2338/2466 2188/2339/2467 2219/2370/2498 2218/2369/2497
f 2188/2339/2467 2189/2340/2468 2220/2371/2499 2219/2370/2498
f 2189/2340/2468 2190/2341/2469 2221/2372/2500 2220/2371/2499
f 2190/2341/2469 2191/2342/2470 2222/2373/2501 2221/2372/2500
f 2191/2342/2470 2192/2343/2471 2223/2374/2502 2222/2373/2501
f 2192/2343/2471 2193/2344/2472 2224/2375/2503 2223/2374/2502
f 2193/2344/2472 2194/2345/2473 2225/2376/2504 2224/2375/2503
f 2194/2345/2473 2195/2346/2474 2226/2377/2505 2225/2376/2504
f 2195/2346/2474 2196/2347/2475 2227/2378/2506 2226/2377/2505
f 2196/2347/2475 2197/2348/2476 2228/2379/2507 2227/2378/2506
f 2197/2348/2476 2198/2349/2477 2229/2380/2508 2228/2379/2507
f 2198/2349/2477 2199/2350/2478 2230/2381/2509 2229/2380/2508
f 2199/2350/2478 2200/2351/2479 2231/2382/2510 2230/2381/2509
f 2200/2351/2479 2201/2352/2480 2232/2383/2511 2231/2382/2510
f 2202/2353/2482 2203/2354/2481 2234/2385/2512 2233/2384/2513
f 2203/2354/2481 2204/2355/2483 2235/2386/2514 2234/2385/2512
f 2204/2355/2483 2205/2356/2484 2236/2387/2515 2235/2386/2514
f 2205/2356/2484 2206/2357/2485 2237/2388/2516 2236/2387/2515
f 2206/2357/2485 2207/2358/2486 2238/2389/2517 2237/2388/2516
f 2207/2358/2486 2208/2359/2487 2239/2390/2518 2238/2389/2517
f 2208/2359/2487 2209/2360/2488 2240/2391/2519 2239/2390/2518
f 2209/2360/2488 2210/2361/2489 2241/2392/2520 2240/2391/2519
f 2210/2361/2489 2211/2362/2490 2242/2393/2521 2241/2392/2520
f 2211/2362/2490 2212/2363/2491 2243/2394/2522 2242/2393/2521
f 2212/2363/2491 2213/2364/2492 2244/2395/2523 2243/2394/2522
f 2213/2364/2492 2214/2365/2493 2245/2396/2524 2244/2395/2523
f 2214/2365/2493 2215/2366/2494 2246/2397/2525 2245/2396/2524
f 2215/2366/2494 2216/2367/2495 2247/2398/2526 2246/2397/2525
f 2216/2367/2495 2217/2368/2496 2248/2399/2527 2247/2398/2526
f 2217/2368/2496 2218/2369/2497 2249/2400/2528 2248/2399/2527
f 2218/2369/2497 2219/2370/2498 2250/2401/2529 2249/2400/2528
f 2219/2370/2498 2220/2371/2499 2251/2402/2530 2250/2401/2529
f 2220/2371/2499 2221/2372/2500 2252/2403/2531 2251/2402/2530
f 2221/2372/2500 2222/2373/2501 2253/2404/2532 2252/2403/2531
f 2222/2373/2501 2223/2374/2502 2254/2405/2533 2253/2404/2532
f 2223/2374/2502 2224/2375/2503 2255/2406/2534 2254/2405/2533
f 2224/2375/2503 2225/2376/2504 2256/2407/2535 2255/2406/2534
f 2225/2376/2504 2226/2377/2505 2257/2408/2536 2256/2407/2535
f 2226/2377/2505 2227/2378/2506 2258/2409/2537 2257/2408/2536
f 2227/2378/2506 2228/2379/2507 2259/2410/2538 2258/2409/2537
f 2228/2379/2507 2229/2380/2508 2260/2411/2539 2259/2410/2538
f 2229/2380/2508 2230/2381/2509 2261/2412/2540 2260/2411/2539
f 2230/2381/2509 2231/2382/2510 2262/2413/2541 2261/2412/2540
f 2231/2382/2510 2232/2383/2511 2263/2414/2542 2262/2413/2541
f 2233/2384/2513 2234/2385/2512 2265/2416/2543 2264/2415/2544
f 2234/2385/2512 2235/2386/2514 2266/2417/2545 2265/2416/2543
f 2235/2386/2514 2236/2387/2515 2267/2418/2546 2266/2417/2545
f 2236/2387/2515 2237/2388/2516 2268/2419/2547 2267/2418/2546
f 2237/2388/2516 2238/2389/2517 2269/2420/2548 2268/2419/2547
f 2238/2389/2517 2239/2390/2518 2270/2421/2549 2269/2420/2548
f 2239/2390/2518 2240/2391/2519 2271/2422/2550 2270/2421/2549
f 2240/2391/2519 2241/2392/2520 2272/2423/2551 2271/2422/2550
f 2241/2392/2520 2242/2393/2521 2273/2424/2552 2272/2423/2551
f 2242/2393/2521 2243/2394/2522 2274/2425/2553 2273/2424/2552
f 2243/2394/2522 2244/2395/2523 2275/2426/2554 2274/2425/2553
f 2244/2395/2523 2245/2396/2524 2276/2427/2555 2275/2426/2554
f 2245/2396/2524 2246/2397/2525 2277/2428/2556 2276/2427/2555
f 2246/2397/2525 2247/2398/2526 2278/2429/2557 2277/2428/2556
f 2247/2398/2526 2248/2399/2527 2279/2430/2558 2278/2429/2557
f 2248/2399/2527 2249/2400/2528 2280/2431/2559 2279/2430/2558
f 2249/2400/2528 2250/2401/2529 2281/2432/2560 2280/2431/2559
f 2250/2401/2529 2251/2402/2530 2282/2433/2561 2281/2432/2560
f 2251/2402/2530 2252/2403/2531 2283/2434/2562 2282/2433/2561
f 2252/2403/2531 2253/2404/2532 2284/2435/2563 2283/2434/2562
f 2253/2404/2532 2254/2405/2533 2285/2436/2564 2284/2435/2563
f 2254/2405/2533 2255/2406/2534 2286/2437/2565 2285/2436/2564
f 2255/2406/2534 2256/2407/2535 2287/2438/2566 2286/2437/2565
f 2256/2407/2535 2257/2408/2536 2288/2439/2567 2287/2438/2566
f 2257/2408/2536 2258/2409/2537 2289/2440/2568 2288/2439/2567
f 2258/2409/2537 2259/2410/2538 2290/2441/2569 2289/2440/2568
f 2259/2410/2538 2260/2411/2539 2291/2442/2570 2290/2441/2569
f 2260/2411/2539 2261/2412/2540 2292/2443/2571 2291/2442/2570
f 2261/2412/2540 2262/2413/2541 2293/2444/2572 2292/2443/2571
f 2262/2413/2541 2263/2414/2542 2294/2445/2573 2293/2444/2572
f 2264/2415/2544 2265/2416/2543 2296/2447/2574 2295/2446/2575
f 2265/2416/2543 2266/2417/2545 2297/2448/2576 2296/2447/2574
f 2266/2417/2545 2267/2418/2546 2298/2449/2577 2297/2448/2576
f 2267/2418/2546 2268/2419/2547 2299/2450/2578 2298/2449/2577
f 2268/2419/2547 2269/2420/2548 2300/2451/2579 2299/2450/2578
f 2269/2420/2548 2270/2421/2549 2301/2452/2580 2300/2451/2579
f 2270/2421/2549 2271/2422/2550 2302/2453/2581 2301/2452/2580
f 2271/2422/2550 2272/2423/2551 2303/2454/2582 2302/2453/2581
f 2272/2423/2551 2273/2424/2552 2304/2455/2583 2303/2454/2582
f 2273/2424/2552 2274/2425/2553 2305/2456/2584 2304/2455/2583
f 2274/2425/2553 2275/2426/2554 2306/2457/2585 2305/2456/2584
f 2275/2426/2554 2276/2427/2555 2307/2458/2586 2306/2457/2585
f 2276/2427/2555 2277/2428/2556 2308/2459/2587 2307/2458/2586
f 2277/2428/2556 2278/2429/2557 2309/2460/2588 2308/2459/2587
f 2278/2429/2557 2279/2430/2558 2310/2461/2589 2309/2460/2588
f 2279/2430/2558 2280/2431/2559 2311/2462/2590 2310/2461/2589
f 2280/2431/2559 2281/2432/2560 2312/2463/2591 2311/2462/2590
f 2281/2432/2560 2282/2433/2561 2313/2464/2592 2312/2463/2591
f 2282/2433/2561 2283/2434/2562 2314/2465/2593 2313/2464/2592
f 2283/2434/2562 2284/2435/2563 2315/2466/2594 2314/2465/2593
f 2284/2435/2563 2285/2436/2564 2316/2467/2595 2315/2466/2594
f 2285/2436/2564 2286/2437/2565 2317/2468/2596 2316/2467/2595
f 2286/2437/2565 2287/2438/2566 2318/2469/2597 2317/2468/2596
f 2287/2438/2566 2288/2439/2567 2319/2470/2598 2318/2469/2597
f 2288/2439/2567 2289/2440/2568 2320/2471/2599 2319/2470/2598
f 2289/2440/2568 2290/2441/2569 2321/2472/2600 2320/2471/2599
f 2290/2441/2569 2291/2442/2570 2322/2473/2601 2321/2472/2600
f 2291/2442/2570 2292/2443/2571 2323/2474/2602 2322/2473/2601
f 2292/2443/2571 2293/2444/2572 2324/2475/2603 2323/2474/2602
f 2293/2444/2572 2294/2445/2573 2325/2476/2604 2324/2475/2603
f 2295/2446/2575 2296/2447/2574 2327/2478/2605 2326/2477/2606
f 2296/2447/2574 2297/2448/2576 2328/2479/2607 2327/2478/2605
f 2297/2448/2576 2298/2449/2577 2329/2480/2608 2328/2479/2607
f 2298/2449/2577 2299/2450/2578 2330/2481/2609 2329/2480/2608
f 2299/2450/2578 2300/2451/2579 2331/2482/2610 2330/2481/2609
f 2300/2451/2579 2301/2452/2580 2332/2483/2611 2331/2482/2610
f 2301/2452/2580 2302/2453/2581 2333/2484/2612 2332/2483/2611
f 2302/2453/2581 2303/2454/2582 2334/2485/2613 2333/2484/2612
f 2303/2454/2582 2304/2455/2583 2335/2486/2614 2334/2485/2613
f 2304/2455/2583 2305/2456/2584 2336/2487/2615 2335/2486/2614
f 2305/2456/2584 2306/2457/2585 2337/2488/2616 2336/2487/2615
f 2306/2457/2585 2307/2458/2586 2338/2489/2617 2337/2488/2616
f 2307/2458/2586 2308/2459/2587 2339/2490/2618 2338/2489/2617
f 2308/2459/2587 2309/2460/2588 2340/2491/2619 2339/2490/2618
f 2309/2460/2588 2310/2461/2589 2341/2492/2620 2340/2491/2619
f 2310/2461/2589 2311/2462/2590 2342/2493/2621 2341/2492/2620
f 2311/2462/2590 2312/2463/2591 2343/2494/2622 2342/2493/2621
f 2312/2463/2591 2313/2464/2592 2344/2495/2623 2343/2494/2622
f 2313/2464/2592 2314/2465/2593 2345/2496/2624 2344/2495/2623
f 2314/2465/2593 2315/2466/2594 2346/2497/2625 2345/2496/2624
f 2315/2466/2594 2316/2467/2595 2347/2498/2626 2346/2497/2625
f 2316/2467/2595 2317/2468/2596 2348/2499/2627 2347/2498/2626
f 2317/2468/2596 2318/2469/2597 2349/2500/2628 2348/2499/2627
f 2318/2469/2597 2319/2470/2598 2350/2501/2629 2349/2500/2628
f 2319/2470/2598 2320/2471/2599 2351/2502/2630 2350/2501/2629
f 2320/2471/2599 2321/2472/2600 2352/2503/2631 2351/2502/2630
f 2321/2472/2600 2322/2473/2601 2353/2504/2632 2352/2503/2631
f 2322/2473/2601 2323/2474/2602 2354/2505/2633 2353/2504/2632
f 2323/2474/2602 2324/2475/2603 2355/2506/2634 2354/2505/2633
f 2324/2475/2603 2325/2476/2604 2356/2507/2635 2355/2506/2634
f 2326/2477/2606 2327/2478/2605 2358/2509/2636 2357/2508/2637
f 2327/2478/2605 2328/2479/2607 2359/2510/2638 2358/2509/2636
f 2328/2479/2607 2329/2480/2608 2360/2511/2639 2359/2510/2638
f 2329/2480/2608 2330/2481/2609 2361/2512/2640 2360/2511/2639
f 2330/2481/2609 2331/2482/2610 2362/2513/2641 2361/2512/2640
f 2331/2482/2610 2332/2483/2611 2363/2514/2642 2362/2513/2641
f 2332/2483/2611 2333/2484/2612 2364/2515/2643 2363/2514/2642
f 2333/2484/2612 2334/2485/2613 2365/2516/2644 2364/2515/2643
f 2334/2485/2613 2335/2486/2614 2366/2517/2645 2365/2516/2644
f 2335/2486/2614 2336/2487/2615 2367/2518/2646 2366/2517/2645
f 2336/2487/2615 2337/2488/2616 2368/2519/2647 2367/2518/2646
f 2337/2488/2616 2338/2489/2617 2369/2520/2648 2368/2519/2647
f 2338/2489/2617 2339/2490/2618 2370/2521/2649 2369/2520/2648
f 2339/2490/2618 2340/2491/2619 2371/2522/2650 2370/2521/2649
f 2340/2491/2619 2341/2492/2620 2372/2523/2651 2371/2522/2650
f 2341/2492/2620 2342/2493/2621 2373/2524/2652 2372/2523/2651
f 2342/2493/2621 2343/2494/2622 2374/2525/2653 2373/2524/2652
f 2343/2494/2622 2344/2495/2623 2375/2526/2654 2374/2525/2653
f 2344/2495/2623 2345/2496/2624 2376/2527/2655 2375/2526/2654
f 2345/2496/2624 2346/2497/2625 2377/2528/2656 2376/2527/2655
f 2346/2497/2625 2347/2498/2626 2378/2529/2657 2377/2528/2656
f 2347/2498/2626 2348/2499/2627 2379/2530/2658 2378/2529/2657
f 2348/2499/2627 2349/2500/2628 2380/2531/2659 2379/2530/2658
f 2349/2500/2628 2350/2501/2629 2381/2532/2660 2380/2531/2659
f 2350/2501/2629 2351/2502/2630 2382/2533/2661 2381/2532/2660
f 2351/2502/2630 2352/2503/2631 2383/2534/2662 2382/2533/2661
f 2352/2503/2631 2353/2504/2632 2384/2535/2663 2383/2534/2662
f 2353/2504/2632 2354/2505/2633 2385/2536/2664 2384/2535/2663
f 2354/2505/2633 2355/2506/2634 2386/2537/2665 2385/2536/2664
f 2355/2506/2634 2356/2507/2635 2387/2538/2666 2386/2537/2665
f 2357/2508/2637 2358/2509/2636 2389/2540/2667 2388/2539/2668
f 2358/2509/2636 2359/2510/2638 2390/2541/2669 2389/2540/2667
f 2359/2510/2638 2360/2511/2639 2391/2542/2670 2390/2541/2669
f 2360/2511/2639 2361/2512/2640 2392/2543/2671 2391/2542/2670
f 2361/2512/2640 2362/2513/2641 2393/2544/2672 2392/2543/2671
f 2362/2513/2641 2363/2514/2642 2394/2545/2673 2393/2544/2672
f 2363/2514/2642 2364/2515/2643 2395/2546/2674 2394/2545/2673
f 2364/2515/2643 2365/2516/2644 2396/2547/2675 2395/2546/2674
f 2365/2516/2644 2366/2517/2645 2397/2548/2676 2396/2547/2675
f 2366/2517/2645 2367/2518/2646 2398/2549/2677 2397/2548/2676
f 2367/2518/2646 2368/2519/2647 2399/2550/2678 2398/2549/2677
f 2368/2519/2647 2369/2520/2648 2400/2551/2679 2399/2550/2678
f 2369/2520/2648 2370/2521/2649 2401/2552/2680 2400/2551/2679
f 2370/2521/2649 2371/2522/2650 2402/2553/2681 2401/2552/2680
f 2371/2522/2650 2372/2523/2651 2403/2554/2682 2402/2553/2681
f 2372/2523/2651 2373/2524/2652 2404/2555/2683 2403/2554/2682
f 2373/2524/2652 2374/2525/2653 2405/2556/2684 2404/2555/2683
f 2374/2525/2653 2375/2526/2654 2406/2557/2685 2405/2556/2684
f 2375/2526/2654 2376/2527/2655 2407/2558/2686 2406/2557/2685
f 2376/2527/2655 2377/2528/2656 2408/2559/2687 2407/2558/2686
f 2377/2528/2656 2378/2529/2657 2409/2560/2688 2408/2559/2687
f 2378/2529/2657 2379/2530/2658 2410/2561/2689 2409/2560/2688
f 2379/2530/2658 2380/2531/2659 2411/2562/2690 2410/2561/2689
f 2380/2531/2659 2381/2532/2660 2412/2563/2691 2411/2562/2690
f 2381/2532/2660 2382/2533/2661 2413/2564/2692 2412/2563/2691
f 2382/2533/2661 2383/2534/2662 2414/2565/2693 2413/2564/2692
f 2383/2534/2662 2384/2535/2663 2415/2566/2694 2414/2565/2693
f 2384/2535/2663 2385/2536/2664 2416/2567/2695 2415/2566/2694
f 2385/2536/2664 2386/2537/2665 2417/2568/2696 2416/2567/2695
f 2386/2537/2665 2387/2538/2666 2418/2569/2697 2417/2568/2696
f 2388/2539/2668 2389/2540/2667 2420/2571/2698 2419/2570/2699
f 2389/2540/2667 2390/2541/2669 2421/2572/2700 2420/2571/2698
f 2390/2541/2669 2391/2542/2670 2422/2573/2701 2421/2572/2700
f 2391/2542/2670 2392/2543/2671 2423/2574/2702 2422/2573/2701
f 2392/2543/2671 2393/2544/2672 2424/2575/2703 2423/2574/2702
f 2393/2544/2672 2394/2545/2673 2425/2576/2704 2424/2575/2703
f 2394/2545/2673 2395/2546/2674 2426/2577/2705 2425/2576/2704
f 2395/2546/2674 2396/2547/2675 2427/2578/2706 2426/2577/2705
f 2396/2547/2675 2397/2548/2676 2428/2579/2707 2427/2578/2706
f 2397/2548/2676 2398/2549/2677 2429/2580/2708 2428/2579/2707
f 2398/2549/2677 2399/2550/2678 2430/2581/2709 2429/2580/2708
f 2399/2550/2678 2400/2551/2679 2431/2582/2710 2430/2581/2709
f 2400/2551/2679 2401/2552/2680 2432/2583/2711 2431/2582/2710
f 2401/2552/2680 2402/2553/2681 2433/2584/2712 2432/2583/2711
f 2402/2553/2681 2403/2554/2682 2434/2585/2713 2433/2584/2712
f 2403/2554/2682 2404/2555/2683 2435/2586/2714 2434/2585/2713
f 2404/2555/2683 2405/2556/2684 2436/2587/2715 2435/2586/2714
f 2405/2556/2684 2406/2557/2685 2437/2588/2716 2436/2587/2715
f 2406/2557/2685 2407/2558/2686 2438/2589/2717 2437/2588/2716
f 2407/2558/2686 2408/2559/2687 2439/2590/2718 2438/2589/2717
f 2408/2559/2687 2409/2560/2688 2440/2591/2719 2439/2590/2718
f 2409/2560/2688 2410/2561/2689 2441/2592/2720 2440/2591/2719
f 2410/2561/2689 2411/2562/2690 2442/2593/2721 2441/2592/2720
f 2411/2562/2690 2412/2563/2691 2443/2594/2722 2442/2593/2721
f 2412/2563/2691 2413/2564/2692 2444/2595/2723 2443/2594/2722
f 2413/2564/2692 2414/2565/2693 2445/2596/2724 2444/2595/2723
f 2414/2565/2693 2415/2566/2694 2446/2597/2725 2445/2596/2724
f 2415/2566/2694 2416/2567/2695 2447/2598/2726 2446/2597/2725
f 2416/2567/2695 2417/2568/2696 2448/2599/2727 2447/2598/2726
f 2417/2568/2696 2418/2569/2697 2449/2600/2728 2448/2599/2727
f 2419/2570/2699 2420/2571/2698 2451/2602/2729 2450/2601/2730
f 2420/2571/2698 2421/2572/2700 2452/2603/2731 2451/2602/2729
f 2421/2572/2700 2422/2573/2701 2453/2604/2732 2452/2603/2731
f 2422/2573/2701 2423/2574/2702 2454/2605/2733 2453/2604/2732
f 2423/2574/2702 2424/2575/2703 2455/2606/2734 2454/2605/2733
f 2424/2575/2703 2425/2576/2704 2456/2607/2735 2455/2606/2734
f 2425/2576/2704 2426/2577/2705 2457/2608/2736 2456/2607/2735
f 2426/2577/2705 2427/2578/2706 2458/2609/2737 2457/2608/2736
f 2427/2578/2706 2428/2579/2707 2459/2610/2738 2458/2609/2737
f 2428/2579/2707 2429/2580/2708 2460/2611/2739 2459/2610/2738
f 2429/2580/2708 2430/2581/2709 2461/2612/2740 2460/2611/2739
f 2430/2581/2709 2431/2582/2710 2462/2613/2741 2461/2612/2740
f 2431/2582/2710 2432/2583/2711 2463/2614/2742 2462/2613/2741
f 2432/2583/2711 2433/2584/2712 2464/2615/2743 2463/2614/2742
f 2433/2584/2712 2434/2585/2713 2465/2616/2744 2464/2615/2743
f 2434/2585/2713 2435/2586/2714 2466/2617/2745 2465/2616/2744
f 2435/2586/2714 2436/2587/2715 2467/2618/2746 2466/2617/2745
f 2436/2587/2715 2437/2588/2716 2468/2619/2747 2467/2618/2746
f 2437/2588/2716 2438/2589/2717 2469/2620/2748 2468/2619/2747
f 2438/2589/2717 2439/2590/2718 2470/2621/2749 2469/2620/2748
f 2439/2590/2718 2440/2591/2719 2471/2622/2750 2470/2621/2749
f 2440/2591/2719 2441/2592/2720 2472/2623/2751 2471/2622/2750
f 2441/2592/2720 2442/2593/2721 2473/2624/2752 2472/2623/2751
f 2442/2593/2721 2443/2594/2722 2474/2625/2753 2473/2624/2752
f 2443/2594/2722 2444/2595/2723 2475/2626/2754 2474/2625/2753
f 2444/2595/2723 2445/2596/2724 2476/2627/2755 2475/2626/2754
f 2445/2596/2724 2446/2597/2725 2477/2628/2756 2476/2627/2755
f 2446/2597/2725 2447/2598/2726 2478/2629/2757 2477/2628/2756
f 2447/2598/2726 2448/2599/2727 2479/2630/2758 2478/2629/2757
f 2448/2599/2727 2449/2600/2728 2480/2631/2759 2479/2630/2758
f 2450/2601/2730 2451/2602/2729 2482/2633/2760 2481/2632/2761
f 2451/2602/2729 2452/2603/2731 2483/2634/2762 2482/2633/2760
f 2452/2603/2731 2453/2604/2732 2484/2635/2763 2483/2634/2762
f 2453/2604/2732 2454/2605/2733 2485/2636/2764 2484/2635/2763
f 2454/2605/2733 2455/2606/2734 2486/2637/2765 2485/2636/2764
f 2455/2606/2734 2456/2607/2735 2487/2638/2766 2486/2637/2765
f 2456/2607/2735 2457/2608/2736 2488/2639/2767 2487/2638/2766
f 2457/2608/2736 2458/2609/2737 2489/2640/2768 2488/2639/2767
f 2458/2609/2737 2459/2610/2738 2490/2641/2769 2489/2640/2768
f 2459/2610/2738 2460/2611/2739 2491/2642/2770 2490/2641/2769
f 2460/2611/2739 2461/2612/2740 2492/2643/2771 2491/2642/2770
f 2461/2612/2740 2462/2613/2741 2493/2644/2772 2492/2643/2771
f 2462/2613/2741 2463/2614/2742 2494/2645/2773 2493/2644/2772
f 2463/2614/2742 2464/2615/2743 2495/2646/2774 2494/2645/2773
f 2464/2615/2743 2465/2616/2744 2496/2647/2775 2495/2646/2774
f 2465/2616/2744 2466/2617/2745 2497/2648/2776 2496/2647/2775
f 2466/2617/2745 2467/2618/2746 2498/2649/2777 2497/2648/2776
f 2467/2618/2746 2468/2619/2747 2499/2650/2778 2498/2649/2777
f 2468/2619/2747 2469/2620/2748 2500/2651/2779 2499/2650/2778
f 2469/2620/2748 2470/2621/2749 2501/2652/2780 2500/2651/2779
f 2470/2621/2749 2471/2622/2750 2502/2653/2781 2501/2652/2780
f 2471/2622/2750 2472/2623/2751 2503/2654/2782 2502/2653/2781
f 2472/2623/2751 2473/2624/2752 2504/2655/2783 2503/2654/2782
f 2473/2624/2752 2474/2625/2753 2505/2656/2784 2504/2655/2783
f 2474/2625/2753 2475/2626/2754 2506/2657/2785 2505/2656/2784
f 2475/2626/2754 2476/2627/2755 2507/2658/2786 2506/2657/2785
f 2476/2627/2755 2477/2628/2756 2508/2659/2787 2507/2658/2786
f 2477/2628/2756 2478/2629/2757 2509/2660/2788 2508/2659/2787
f 2478/2629/2757 2479/2630/2758 2510/2661/2789 2509/2660/2788
f 2479/2630/2758 2480/2631/2759 2511/2662/2790 2510/2661/2789
f 2481/2632/2761 2482/2633/2760 2513/2664/2791 2512/2663/2792
f 2482/2633/2760 2483/2634/2762 2514/2665/2793 2513/2664/2791
f 2483/2634/2762 2484/2635/2763 2515/2666/2794 2514/2665/2793
f 2484/2635/2763 2485/2636/2764 2516/2667/2795 2515/2666/2794
f 2485/2636/2764 2486/2637/2765 2517/2668/2796 2516/2667/2795
f 2486/2637/2765 2487/2638/2766 2518/2669/2797 2517/2668/2796
f 2487/2638/2766 2488/2639/2767 2519/2670/2798 2518/2669/2797
f 2488/2639/2767 2489/2640/2768 2520/2671/2799 2519/2670/2798
f 2489/2640/2768 2490/2641/2769 2521/2672/2800 2520/2671/2799
f 2490/2641/2769 2491/2642/2770 2522/2673/2801 2521/2672/2800
f 2491/2642/2770 2492/2643/2771 2523/2674/2802 2522/2673/2801
f 2492/2643/2771 2493/2644/2772 2524/2675/2803 2523/2674/2802
f 2493/2644/2772 2494/2645/2773 2525/2676/2804 2524/2675/2803
f 2494/2645/2773 2495/2646/2774 2526/2677/2805 2525/2676/2804
f 2495/2646/2774 2496/2647/2775 2527/2678/2806 2526/2677/2805
f 2496/2647/2775 2497/2648/2776 2528/2679/2807 2527/2678/2806
f 2497/2648/2776 2498/2649/2777 2529/2680/2808 2528/2679/2807
f 2498/2649/2777 2499/2650/2778 2530/2681/2809 2529/2680/2808
f 2499/2650/2778 2500/2651/2779 2531/2682/2810 2530/2681/2809
f 2500/2651/2779 2501/2652/2780 2532/2683/2811 2531/2682/2810
f 2501/2652/2780 2502/2653/2781 2533/2684/2812 2532/2683/2811
f 2502/2653/2781 2503/2654/2782 2534/2685/2813 2533/2684/2812
f 2503/2654/2782 2504/2655/2783 2535/2686/2814 2534/2685/2813
f 2504/2655/2783 2505/2656/2784 2536/2687/2815 2535/2686/2814
f 2505/2656/2784 2506/2657/2785 2537/2688/2816 2536/2687/2815
f 2506/2657/2785 2507/2658/2786 2538/2689/2817 2537/2688/2816
f 2507/2658/2786 2508/2659/2787 2539/2690/2818 2538/2689/2817
f 2508/2659/2787 2509/2660/2788 2540/2691/2819 2539/2690/2818
f 2509/2660/2788 2510/2661/2789 2541/2692/2820 2540/2691/2819
f 2510/2661/2789 2511/2662/2790 2542/2693/2821 2541/2692/2820
f 2512/2663/2792 2513/2664/2791 2544/2695/2822 2543/2694/2823
f 2513/2664/2791 2514/2665/2793 2545/2696/2824 2544/2695/2822
f 2514/2665/2793 2515/2666/2794 2546/2697/2825 2545/2696/2824
f 2515/2666/2794 2516/2667/2795 2547/2698/2826 2546/2697/2825
f 2516/2667/2795 2517/2668/2796 2548/2699/2827 2547/2698/2826
f 2517/2668/2796 2518/2669/2797 2549/2700/2828 2548/2699/2827
f 2518/2669/2797 2519/2670/2798 2550/2701/2829 2549/2700/2828
f 2519/2670/2798 2520/2671/2799 2551/2702/2830 2550/2701/2829
f 2520/2671/2799 2521/2672/2800 2552/2703/2831 2551/2702/2830
f 2521/2672/2800 2522/2673/2801 2553/2704/2832 2552/2703/2831
f 2522/2673/2801 2523/2674/2802 2554/2705/2833 2553/2704/2832
f 2523/2674/2802 2524/2675/2803 2555/2706/2834 2554/2705/2833
f 2524/2675/2803 2525/2676/2804 2556/2707/2835 2555/2706/2834
f 2525/2676/2804 2526/2677/2805 2557/2708/2836 2556/2707/2835
f 2526/2677/2805 2527/2678/2806 2558/2709/2837 2557/2708/2836
f 2527/2678/2806 2528/2679/2807 2559/2710/2838 2558/2709/2837
f 2528/2679/2807 2529/2680/2808 2560/2711/2839 2559/2710/2838
f 2529/2680/2808 2530/2681/2809 2561/2712/2840 2560/2711/2839
f 2530/2681/2809 2531/2682/2810 2562/2713/2841 2561/2712/2840
f 2531/2682/2810 2532/2683/2811 2563/2714/2842 2562/2713/2841
f 2532/2683/2811 2533/2684/2812 2564/2715/2843 2563/2714/2842
f 2533/2684/2812 2534/2685/2813 2565/2716/2844 2564/2715/2843
f 2534/2685/2813 2535/2686/2814 2566/2717/2845 2565/2716/2844
f 2535/2686/2814 2536/2687/2815 2567/2718/2846 2566/2717/2845
f 2536/2687/2815 2537/2688/2816 2568/2719/2847 2567/2718/2846
f 2537/2688/2816 2538/2689/2817 2569/2720/2848 2568/2719/2847
f 2538/2689/2817 2539/2690/2818 2570/2721/2849 2569/2720/2848
f 2539/2690/2818 2540/2691/2819 2571/2722/2850 2570/2721/2849
f 2540/2691/2819 2541/2692/2820 2572/2723/2851 2571/2722/2850
f 2541/2692/2820 2542/2693/2821 2573/2724/2852 2572/2723/2851
f 2543/2694/2823 2544/2695/2822 2575/2726/2853 2574/2725/2854
f 2544/2695/2822 2545/2696/2824 2576/2727/2855 2575/2726/2853
f 2545/2696/2824 2546/2697/2825 2577/2728/2856 2576/2727/2855
f 2546/2697/2825 2547/2698/2826 2578/2729/2857 2577/2728/2856
f 2547/2698/2826 2548/2699/2827 2579/2730/2858 2578/2729/2857
f 2548/2699/2827 2549/2700/2828 2580/2731/2859 2579/2730/2858
f 2549/2700/2828 2550/2701/2829 2581/2732/2860 2580/2731/2859
f 2550/2701/2829 2551/2702/2830 2582/2733/2861 2581/2732/2860
f 2551/2702/2830 2552/2703/2831 2583/2734/2862 2582/2733/2861
f 2552/2703/2831 2553/2704/2832 2584/2735/2863 2583/2734/2862
f 2553/2704/2832 2554/2705/2833 2585/2736/2864 2584/2735/2863
f 2554/2705/2833 2555/2706/2834 2586/2737/2865 2585/2736/2864
f 2555/2706/2834 2556/2707/2835 2587/2738/2866 2586/2737/2865
f 2556/2707/2835 2557/2708/2836 2588/2739/2867 2587/2738/2866
f 2557/2708/2836 2558/2709/2837 2589/2740/2868 2588/2739/2867
f 2558/2709/2837 2559/2710/2838 2590/2741/2869 2589/2740/2868
f 2559/2710/2838 2560/2711/2839 2591/2742/2870 2590/2741/2869
f 2560/2711/2839 2561/2712/2840 2592/2743/2871 2591/2742/2870
f 2561/2712/2840 2562/2713/2841 2593/2744/2872 2592/2743/2871
f 2562/2713/2841 2563/2714/2842 2594/2745/2873 2593/2744/2872
f 2563/2714/2842 2564/2715/2843 2595/2746/2874 2594/2745/2873
f 2564/2715/2843 2565/2716/2844 2596/2747/2875 2595/2746/2874
f 2565/2716/2844 2566/2717/2845 2597/2748/2876 2596/2747/2875
f 2566/2717/2845 2567/2718/2846 2598/2749/2877 2597/2748/2876
f 2567/2718/2846 2568/2719/2847 2599/2750/2878 2598/2749/2877
f 2568/2719/2847 2569/2720/2848 2600/2751/2879 2599/2750/2878
f 2569/2720/2848 2570/2721/2849 2601/2752/2880 2600/2751/2879
f 2570/2721/2849 2571/2722/2850 2602/2753/2881 2601/2752/2880
f 2571/2722/2850 2572/2723/2851 2603/2754/2882 2602/2753/2881
f 2572/2723/2851 2573/2724/2852 2604/2755/2883 2603/2754/2882
f 2574/2725/2854 2575/2726/2853 2606/2757/2884 2605/2756/2885
f 2575/2726/2853 2576/2727/2855 2607/2758/2886 2606/2757/2884
f 2576/2727/2855 2577/2728/2856 2608/2759/2887 2607/2758/2886
f 2577/2728/2856 2578/2729/2857 2609/2760/2888 2608/2759/2887
f 2578/2729/2857 2579/2730/2858 2610/2761/2889 2609/2760/2888
f 2579/2730/2858 2580/2731/2859 2611/2762/2890 2610/2761/2889
f 2580/2731/2859 2581/2732/2860 2612/2763/2891 2611/2762/2890
f 2581/2732/2860 2582/2733/2861 2613/2764/2892 2612/2763/2891
f 2582/2733/2861 2583/2734/2862 2614/2765/2893 2613/2764/2892
f 2583/2734/2862 2584/2735/2863 2615/2766/2894 2614/2765/2893
f 2584/2735/2863 2585/2736/2864 2616/2767/2895 2615/2766/2894
f 2585/2736/2864 2586/2737/2865 2617/2768/2896 2616/2767/2895
f 2586/2737/2865 2587/2738/2866 2618/2769/2897 2617/2768/2896
f 2587/2738/2866 2588/2739/2867 2619/2770/2898 2618/2769/2897
f 2588/2739/2867 2589/2740/2868 2620/2771/2899 2619/2770/2898
f 2589/2740/2868 2590/2741/2869 2621/2772/2900 2620/2771/2899
f 2590/2741/2869 2591/2742/2870 2622/2773/2901 2621/2772/2900
f 2591/2742/2870 2592/2743/2871 2623/2774/2902 2622/2773/2901
f 2592/2743/2871 2593/2744/2872 2624/2775/2903 2623/2774/2902
f 2593/2744/2872 2594/2745/2873 2625/2776/2904 2624/2775/2903
f 2594/2745/2873 2595/2746/2874 2626/2777/2905 2625/2776/2904
f 2595/2746/2874 2596/2747/2875 2627/2778/2906 2626/2777/2905
f 2596/2747/2875 2597/2748/2876 2628/2779/2907 2627/2778/2906
f 2597/2748/2876 2598/2749/2877 2629/2780/2908 2628/2779/2907
f 2598/2749/2877 2599/2750/2878 2630/2781/2909 2629/2780/2908
f 2599/2750/2878 2600/2751/2879 2631/2782/2910 2630/2781/2909
f 2600/2751/2879 2601/2752/2880 2632/2783/2911 2631/2782/2910
f 2601/2752/2880 2602/2753/2881 2633/2784/2912 2632/2783/2911
f 2602/2753/2881 2603/2754/2882 2634/2785/2913 2633/2784/2912
f 2603/2754/2882 2604/2755/2883 2635/2786/2914 2634/2785/2913
f 2605/2756/2885 2606/2757/2884 2637/2788/2915 2636/2787/2916
f 2606/2757/2884 2607/2758/2886 2638/2789/2917 2637/2788/2915
f 2607/2758/2886 2608/2759/2887 2639/2790/2918 2638/2789/2917
f 2608/2759/2887 2609/2760/2888 2640/2791/2919 2639/2790/2918
f 2609/2760/2888 2610/2761/2889 2641/2792/2920 2640/2791/2919
f 2610/2761/2889 2611/2762/2890 2642/2793/2921 2641/2792/2920
f 2611/2762/2890 2612/2763/2891 2643/2794/2922 2642/2793/2921
f 2612/2763/2891 2613/2764/2892 2644/2795/2923 2643/2794/2922
f 2613/2764/2892 2614/2765/2893 2645/2796/2924 2644/2795/2923
f 2614/2765/2893 2615/2766/2894 2646/2797/2925 2645/2796/2924
f 2615/2766/2894 2616/2767/2895 2647/2798/2926 2646/2797/2925
f 2616/2767/2895 2617/2768/2896 2648/2799/2927 2647/2798/2926
f 2617/2768/2896 2618/2769/2897 2649/2800/2928 2648/2799/2927
f 2618/2769/2897 2619/2770/2898 2650/2801/2929 2649/2800/2928
f 2619/2770/2898 2620/2771/2899 2651/2802/2930 2650/2801/2929
f 2620/2771/2899 2621/2772/2900 2652/2803/2931 2651/2802/2930
f 2621/2772/2900 2622/2773/2901 2653/2804/2932 2652/2803/2931
f 2622/2773/2901 2623/2774/2902 2654/2805/2933 2653/2804/2932
f 2623/2774/2902 2624/2775/2903 2655/2806/2934 2654/2805/2933
f 2624/2775/2903 2625/2776/2904 2656/2807/2935 2655/2806/2934
f 2625/2776/2904 2626/2777/2905 2657/2808/2936 2656/2807/2935
f 2626/2777/2905 2627/2778/2906 2658/2809/2937 2657/2808/2936
f 2627/2778/2906 2628/2779/2907 2659/2810/2938 2658/2809/2937
f 2628/2779/2907 2629/2780/2908 2660/2811/2939 2659/2810/2938
f 2629/2780/2908 2630/2781/2909 2661/2812/2940 2660/2811/2939
f 2630/2781/2909 2631/2782/2910 2662/2813/2941 2661/2812/2940
f 2631/2782/2910 2632/2783/2911 2663/2814/2942 2662/2813/2941
f 2632/2783/2911 2633/2784/2912 2664/2815/2943 2663/2814/2942
f 2633/2784/2912 2634/2785/2913 2665/2816/2944 2664/2815/2943
f 2634/2785/2913 2635/2786/2914 2666/2817/2945 2665/2816/2944
f 2636/2787/2916 2637/2788/2915 2668/2819/2946 2667/2818/2947
f 2637/2788/2915 2638/2789/2917 2669/2820/2948 2668/2819/2946
f 2638/2789/2917 2639/2790/2918 2670/2821/2949 2669/2820/2948
f 2639/2790/2918 2640/2791/2919 2671/2822/2950 2670/2821/2949
f 2640/2791/2919 2641/2792/2920 2672/2823/2951 2671/2822/2950
f 2641/2792/2920 2642/2793/2921 2673/2824/2952 2672/2823/2951
f 2642/2793/2921 2643/2794/2922 2674/2825/2953 2673/2824/2952
f 2643/2794/2922 2644/2795/2923 2675/2826/2954 2674/2825/2953
f 2644/2795/2923 2645/2796/2924 2676/2827/2955 2675/2826/2954
f 2645/2796/2924 2646/2797/2925 2677/2828/2956 2676/2827/2955
f 2646/2797/2925 2647/2798/2926 2678/2829/2957 2677/2828/2956
f 2647/2798/2926 2648/2799/2927 2679/2830/2958 2678/2829/2957
f 2648/2799/2927 2649/2800/2928 2680/2831/2959 2679/2830/2958
f 2649/2800/2928 2650/2801/2929 2681/2832/2960 2680/2831/2959
f 2650/2801/2929 2651/2802/2930 2682/2833/2961 2681/2832/2960
f 2651/2802/2930 2652/2803/2931 2683/2834/2962 2682/2833/2961
f 2652/2803/2931 2653/2804/2932 2684/2835/2963 2683/2834/2962
f 2653/2804/2932 2654/2805/2933 2685/2836/2964 2684/2835/2963
f 2654/2805/2933 2655/2806/2934 2686/2837/2965 2685/2836/2964
f 2655/2806/2934 2656/2807/2935 2687/2838/2966 2686/2837/2965
f 2656/2807/2935 2657/2808/2936 2688/2839/2967 2687/2838/2966
f 2657/2808/2936 2658/2809/2937 2689/2840/2968 2688/2839/2967
f 2658/2809/2937 2659/2810/2938 2690/2841/2969 2689/2840/2968
f 2659/2810/2938 2660/2811/2939 2691/2842/2970 2690/2841/2969
f 2660/2811/2939 2661/2812/2940 2692/2843/2971 2691/2842/2970
f 2661/2812/2940 2662/2813/2941 2693/2844/2972 2692/2843/2971
f 2662/2813/2941 2663/2814/2942 2694/2845/2973 2693/2844/2972
f 2663/2814/2942 2664/2815/2943 2695/2846/2974 2694/2845/2973
f 2664/2815/2943 2665/2816/2944 2696/2847/2975 2695/2846/2974
f 2665/2816/2944 2666/2817/2945 2697/2848/2976 2696/2847/2975
f 2667/2818/2947 2668/2819/2946 2699/2850/2977 2698/2849/2978
f 2668/2819/2946 2669/2820/2948 2700/2851/2979 2699/2850/2977
f 2669/2820/2948 2670/2821/2949 2701/2852/2980 2700/2851/2979
f 2670/2821/2949 2671/2822/2950 2702/2853/2981 2701/2852/2980
f 2671/2822/2950 2672/2823/2951 2703/2854/2982 2702/2853/2981
f 2672/2823/2951 2673/2824/2952 2704/2855/2983 2703/2854/2982
f 2673/2824/2952 2674/2825/2953 2705/2856/2984 2704/2855/2983
f 2674/2825/2953 2675/2826/2954 2706/2857/2985 2705/2856/2984
f 2675/2826/2954 2676/2827/2955 2707/2858/2986 2706/2857/2985
f 2676/2827/2955 2677/2828/2956 2708/2859/2987 2707/2858/2986
f 2677/2828/2956 2678/2829/2957 2709/2860/2988 2708/2859/2987
f 2678/2829/2957 2679/2830/2958 2710/2861/2989 2709/2860/2988
f 2679/2830/2958 2680/2831/2959 2711/2862/2990 2710/2861/2989
f 2680/2831/2959 2681/2832/2960 2712/2863/2991 2711/2862/2990
f 2681/2832/2960 2682/2833/2961 2713/2864/2992 2712/2863/2991
f 2682/2833/2961 2683/2834/2962 2714/2865/2993 2713/2864/2992
f 2683/2834/2962 2684/2835/2963 2715/2866/2994 2714/2865/2993
f 2684/2835/2963 2685/2836/2964 2716/2867/2995 2715/2866/2994
f 2685/2836/2964 2686/2837/2965 2717/2868/2996 2716/2867/2995
f 2686/2837/2965 2687/2838/2966 2718/2869/2997 2717/2868/2996
f 2687/2838/2966 2688/2839/2967 2719/2870/2998 2718/2869/2997
f 2688/2839/2967 2689/2840/2968 2720/2871/2999 2719/2870/2998
f 2689/2840/2968 2690/2841/2969 2721/2872/3000 2720/2871/2999
f 2690/2841/2969 2691/2842/2970 2722/2873/3001 2721/2872/3000
f 2691/2842/2970 2692/2843/2971 2723/2874/3002 2722/2873/3001
f 2692/2843/2971 2693/2844/2972 2724/2875/3003 2723/2874/3002
f 2693/2844/2972 2694/2845/2973 2725/2876/3004 2724/2875/3003
f 2694/2845/2973 2695/2846/2974 2726/2877/3005 2725/2876/3004
f 2695/2846/2974 2696/2847/2975 2727/2878/3006 2726/2877/3005
f 2696/2847/2975 2697/2848/2976 2728/2879/3007 2727/2878/3006
f 2698/2849/2978 2699/2850/2977 2730/2881/3008 2729/2880/3009
f 2699/2850/2977 2700/2851/2979 2731/2882/3010 2730/2881/3008
f 2700/2851/2979 2701/2852/2980 2732/2883/3011 2731/2882/3010
f 2701/2852/2980 2702/2853/2981 2733/2884/3012 2732/2883/3011
f 2702/2853/2981 2703/2854/2982 2734/2885/3013 2733/2884/3012
f 2703/2854/2982 2704/2855/2983 2735/2886/3014 2734/2885/3013
f 2704/2855/2983 2705/2856/2984 2736/2887/3015 2735/2886/3014
f 2705/2856/2984 2706/2857/2985 2737/2888/3016 2736/2887/3015
f 2706/2857/2985 2707/2858/2986 2738/2889/3017 2737/2888/3016
f 2707/2858/2986 2708/2859/2987 2739/2890/3018 2738/2889/3017
f 2708/2859/2987 2709/2860/2988 2740/2891/3019 2739/2890/3018
f 2709/2860/2988 2710/2861/2989 2741/2892/3020 2740/2891/3019
f 2710/2861/2989 2711/2862/2990 2742/2893/3021 2741/2892/3020
f 2711/2862/2990 2712/2863/2991 2743/2894/3022 2742/2893/3021
f 2712/2863/2991 2713/2864/2992 2744/2895/3023 2743/2894/3022
f 2713/2864/2992 2714/2865/2993 2745/2896/3024 2744/2895/3023
f 2714/2865/2993 2715/2866/2994 2746/2897/3025 2745/2896/3024
f 2715/2866/2994 2716/2867/2995 2747/2898/3026 2746/2897/3025
f 2716/2867/2995 2717/2868/2996 2748/2899/3027 2747/2898/3026
f 2717/2868/2996 2718/2869/2997 2749/2900/3028 2748/2899/3027
f 2718/2869/2997 2719/2870/2998 2750/2901/3029 2749/2900/3028
f 2719/2870/2998 2720/2871/2999 2751/2902/3030 2750/2901/3029
f 2720/2871/2999 2721/2872/3000 2752/2903/3031 2751/2902/3030
f 2721/2872/3000 2722/2873/3001 2753/2904/3032 2752/2903/3031
f 2722/2873/3001 2723/2874/3002 2754/2905/3033 2753/2904/3032
f 2723/2874/3002 2724/2875/3003 2755/2906/3034 2754/2905/3033
f 2724/2875/3003 2725/2876/3004 2756/2907/3035 2755/2906/3034
f 2725/2876/3004 2726/2877/3005 2757/2908/3036 2756/2907/3035
f 2726/2877/3005 2727/2878/3006 2758/2909/3037 2757/2908/3036
f 2727/2878/3006 2728/2879/3007 2759/2910/3038 2758/2909/3037
f 2729/2880/3009 2730/2881/3008 2761/2912/3039 2760/2911/3040
f 2730/2881/3008 2731/2882/3010 2762/2913/3041 2761/2912/3039
f 2731/2882/3010 2732/2883/3011 2763/2914/3042 2762/2913/3041
f 2732/2883/3011 2733/2884/3012 2764/2915/3043 2763/2914/3042
f 2733/2884/3012 2734/2885/3013 2765/2916/3044 2764/2915/3043
f 2734/2885/3013 2735/2886/3014 2766/2917/3045 2765/2916/3044
f 2735/2886/3014 2736/2887/3015 2767/2918/3046 2766/2917/3045
f 2736/2887/3015 2737/2888/3016 2768/2919/3047 2767/2918/3046
f 2737/2888/3016 2738/2889/3017 2769/2920/3048 2768/2919/3047
f 2738/2889/3017 2739/2890/3018 2770/2921/3049 2769/2920/3048
f 2739/2890/3018 2740/2891/3019 2771/2922/3050 2770/2921/3049
f 2740/2891/3019 2741/2892/3020 2772/2923/3051 2771/2922/3050
f 2741/2892/3020 2742/2893/3021 2773/2924/3052 2772/2923/3051
f 2742/2893/3021 2743/2894/3022 2774/2925/3053 2773/2924/3052
f 2743/2894/3022 2744/2895/3023 2775/2926/3054 2774/2925/3053
f 2744/2895/3023 2745/2896/3024 2776/2927/3055 2775/2926/3054
f 2745/2896/3024 2746/2897/3025 2777/2928/3056 2776/2927/3055
f 2746/2897/3025 2747/2898/3026 2778/2929/3057 2777/2928/3056
f 2747/2898/3026 2748/2899/3027 2779/2930/3058 2778/2929/3057
f 2748/2899/3027 2749/2900/3028 2780/2931/3059 2779/2930/3058
f 2749/2900/3028 2750/2901/3029 2781/2932/3060 2780/2931/3059
f 2750/2901/3029 2751/2902/3030 2782/2933/3061 2781/2932/3060
f 2751/2902/3030 2752/2903/3031 2783/2934/3062 2782/2933/3061
f 2752/2903/3031 2753/2904/3032 2784/2935/3063 2783/2934/3062
f 2753/2904/3032 2754/2905/3033 2785/2936/3064 2784/2935/3063
f 2754/2905/3033 2755/2906/3034 2786/2937/3065 2785/2936/3064
f 2755/2906/3034 2756/2907/3035 2787/2938/3066 2786/2937/3065
f 2756/2907/3035 2757/2908/3036 2788/2939/3067 2787/2938/3066
f 2757/2908/3036 2758/2909/3037 2789/2940/3068 2788/2939/3067
f 2758/2909/3037 2759/2910/3038 2790/2941/3069 2789/2940/3068
f 2760/2911/3040 2761/2912/3039 2792/2943/3070 2791/2942/3071
f 2761/2912/3039 2762/2913/3041 2793/2944/3072 2792/2943/3070
f 2762/2913/3041 2763/2914/3042 2794/2945/3073 2793/2944/3072
f 2763/2914/3042 2764/2915/3043 2795/2946/3074 2794/2945/3073
f 2764/2915/3043 2765/2916/3044 2796/2947/3075 2795/2946/3074
f 2765/2916/3044 2766/2917/3045 2797/2948/3076 2796/2947/3075
f 2766/2917/3045 2767/2918/3046 2798/2949/3077 2797/2948/3076
f 2767/2918/3046 2768/2919/3047 2799/2950/3078 2798/2949/3077
f 2768/2919/3047 2769/2920/3048 2800/2951/3079 2799/2950/3078
f 2769/2920/3048 2770/2921/3049 2801/2952/3080 2800/2951/3079
f 2770/2921/3049 2771/2922/3050 2802/2953/3081 2801/2952/3080
f 2771/2922/3050 2772/2923/3051 2803/2954/3082 2802/2953/3081
f 2772/2923/3051 2773/2924/3052 2804/2955/3083 2803/2954/3082
f 2773/2924/3052 2774/2925/3053 2805/2956/3084 2804/2955/3083
f 2774/2925/3053 2775/2926/3054 2806/2957/3085 2805/2956/3084
f 2775/2926/3054 2776/2927/3055 2807/2958/3086 2806/2957/3085
f 2776/2927/3055 2777/2928/3056 2808/2959/3087 2807/2958/3086
f 2777/2928/3056 2778/2929/3057 2809/2960/3088 2808/2959/3087
f 2778/2929/3057 2779/2930/3058 2810/2961/3089 2809/2960/3088
f 2779/2930/3058 2780/2931/3059 2811/2962/3090 2810/2961/3089
f 2780/2931/3059 2781/2932/3060 2812/2963/3091 2811/2962/3090
f 2781/2932/3060 2782/2933/3061 2813/2964/3092 2812/2963/3091
f 2782/2933/3061 2783/2934/3062 2814/2965/3093 2813/2964/3092
f 2783/2934/3062 2784/2935/3063 2815/2966/3094 2814/2965/3093
f 2784/2935/3063 2785/2936/3064 2816/2967/3095 2815/2966/3094
f 2785/2936/3064 2786/2937/3065 2817/2968/3096 2816/2967/3095
f 2786/2937/3065 2787/2938/3066 2818/2969/3097 2817/2968/3096
f 2787/2938/3066 2788/2939/3067 2819/2970/3098 2818/2969/3097
f 2788/2939/3067 2789/2940/3068 2820/2971/3099 2819/2970/3098
f 2789/2940/3068 2790/2941/3069 2821/2972/3100 2820/2971/3099
f 2791/2942/3071 2792/2943/3070 2823/2974/3101 2822/2973/3102
f 2792/2943/3070 2793/2944/3072 2824/2975/3103 2823/2974/3101
f 2793/2944/3072 2794/2945/3073 2825/2976/3104 2824/2975/3103
f 2794/2945/3073 2795/2946/3074 2826/2977/3105 2825/2976/3104
f 2795/2946/3074 2796/2947/3075 2827/2978/3106 2826/2977/3105
f 2796/2947/3075 2797/2948/3076 2828/2979/3107 2827/2978/3106
f 2797/2948/3076 2798/2949/3077 2829/2980/3108 2828/2979/3107
f 2798/2949/3077 2799/2950/3078 2830/2981/3109 2829/2980/3108
f 2799/2950/3078 2800/2951/3079 2831/2982/3110 2830/2981/3109
f 2800/2951/3079 2801/2952/3080 2832/2983/3111 2831/2982/3110
f 2801/2952/3080 2802/2953/3081 2833/2984/3112 2832/2983/3111
f 2802/2953/3081 2803/2954/3082 2834/2985/3113 2833/2984/3112
f 2803/2954/3082 2804/2955/3083 2835/2986/3114 2834/2985/3113
f 2804/2955/3083 2805/2956/3084 2836/2987/3115 2835/2986/3114
f 2805/2956/3084 2806/2957/3085 2837/2988/3116 2836/2987/3115
f 2806/2957/3085 2807/2958/3086 2838/2989/3117 2837/2988/3116
f 2807/2958/3086 2808/2959/3087 2839/2990/3118 2838/2989/3117
f 2808/2959/3087 2809/2960/3088 2840/2991/3119 2839/2990/3118
f 2809/2960/3088 2810/2961/3089 2841/2992/3120 2840/2991/3119
f 2810/2961/3089 2811/2962/3090 2842/2993/3121 2841/2992/3120
f 2811/2962/3090 2812/2963/3091 2843/2994/3122 2842/2993/3121
f 2812/2963/3091 2813/2964/3092 2844/2995/3123 2843/2994/3122
f 2813/2964/3092 2814/2965/3093 2845/2996/3124 2844/2995/3123
f 2814/2965/3093 2815/2966/3094 2846/2997/3125 2845/2996/3124
f 2815/2966/3094 2816/2967/3095 2847/2998/3126 2846/2997/3125
f 2816/2967/3095 2817/2968/3096 2848/2999/3127 2847/2998/3126
f 2817/2968/3096 2818/2969/3097 2849/3000/3128 2848/2999/3127
f 2818/2969/3097 2819/2970/3098 2850/3001/3129 2849/3000/3128
f 2819/2970/3098 2820/2971/3099 2851/3002/3130 2850/3001/3129
f 2820/2971/3099 2821/2972/3100 2852/3003/3131 2851/3002/3130
f 2822/2973/3102 2823/2974/3101 2854/3005/3132 2853/3004/3133
f 2823/2974/3101 2824/2975/3103 2855/3006/3134 2854/3005/3132
f 2824/2975/3103 2825/2976/3104 2856/3007/3135 2855/3006/3134
f 2825/2976/3104 2826/2977/3105 2857/3008/3136 2856/3007/3135
f 2826/2977/3105 2827/2978/3106 2858/3009/3137 2857/3008/3136
f 2827/2978/3106 2828/2979/3107 2859/3010/3138 2858/3009/3137
f 2828/2979/3107 2829/2980/3108 2860/3011/3139 2859/3010/3138
f 2829/2980/3108 2830/2981/3109 2861/3012/3140 2860/3011/3139
f 2830/2981/3109 2831/2982/3110 2862/3013/3141 2861/3012/3140
f 2831/2982/3110 2832/2983/3111 2863/3014/3142 2862/3013/3141
f 2832/2983/3111 2833/2984/3112 2864/3015/3143 2863/3014/3142
f 2833/2984/3112 2834/2985/3113 2865/3016/3144 2864/3015/3143
f 2834/2985/3113 2835/2986/3114 2866/3017/3145 2865/3016/3144
f 2835/2986/3114 2836/2987/3115 2867/3018/3146 2866/3017/3145
f 2836/2987/3115 2837/2988/3116 2868/3019/3147 2867/3018/3146
f 2837/2988/3116 2838/2989/3117 2869/3020/3148 2868/3019/3147
f 2838/2989/3117 2839/2990/3118 2870/3021/3149 2869/3020/3148
f 2839/2990/3118 2840/2991/3119 2871/3022/3150 2870/3021/3149
f 2840/2991/3119 2841/2992/3120 2872/3023/3151 2871/3022/3150
f 2841/2992/3120 2842/2993/3121 2873/3024/3152 2872/3023/3151
f 2842/2993/3121 2843/2994/3122 2874/3025/3153 2873/3024/3152
f 2843/2994/3122 2844/2995/3123 2875/3026/3154 2874/3025/3153
f 2844/2995/3123 2845/2996/3124 2876/3027/3155 2875/3026/3154
f 2845/2996/3124 2846/2997/3125 2877/3028/3156 2876/3027/3155
f 2846/2997/3125 2847/2998/3126 2878/3029/3157 2877/3028/3156
f 2847/2998/3126 2848/2999/3127 2879/3030/3158 2878/3029/3157
f 2848/2999/3127 2849/3000/3128 2880/3031/3159 2879/3030/3158
f 2849/3000/3128 2850/3001/3129 2881/3032/3160 2880/3031/3159
f 2850/3001/3129 2851/3002/3130 2882/3033/3161 2881/3032/3160
f 2851/3002/3130 2852/3003/3131 2883/3034/3162 2882/3033/3161
f 2853/3004/3133 2854/3005/3132 2885/3036/3163 2884/3035/3164
f 2854/3005/3132 2855/3006/3134 2886/3037/3165 2885/3036/3163
f 2855/3006/3134 2856/3007/3135 2887/3038/3166 2886/3037/3165
f 2856/3007/3135 2857/3008/3136 2888/3039/3167 2887/3038/3166
f 2857/3008/3136 2858/3009/3137 2889/3040/3168 2888/3039/3167
f 2858/3009/3137 2859/3010/3138 2890/3041/3169 2889/3040/3168
f 2859/3010/3138 2860/3011/3139 2891/3042/3170 2890/3041/3169
f 2860/3011/3139 2861/3012/3140 2892/3043/3171 2891/3042/3170
f 2861/3012/3140 2862/3013/3141 2893/3044/3172 2892/3043/3171
f 2862/3013/3141 2863/3014/3142 2894/3045/3173 2893/3044/3172
f 2863/3014/3142 2864/3015/3143 2895/3046/3174 2894/3045/3173
f 2864/3015/3143 2865/3016/3144 2896/3047/3175 2895/3046/3174
f 2865/3016/3144 2866/3017/3145 2897/3048/3176 2896/3047/3175
f 2866/3017/3145 2867/3018/3146 2898/3049/3177 2897/3048/3176
f 2867/3018/3146 2868/3019/3147 2899/3050/3178 2898/3049/3177
f 2868/3019/3147 2869/3020/3148 2900/3051/3179 2899/3050/3178
f 2869/3020/3148 2870/3021/3149 2901/3052/3180 2900/3051/3179
f 2870/3021/3149 2871/3022/3150 2902/3053/3181 2901/3052/3180
f 2871/3022/3150 2872/3023/3151 2903/3054/3182 2902/3053/3181
f 2872/3023/3151 2873/3024/3152 2904/3055/3183 2903/3054/3182
f 2873/3024/3152 2874/3025/3153 2905/3056/3184 2904/3055/3183
f 2874/3025/3153 2875/3026/3154 2906/3057/3185 2905/3056/3184
f 2875/3026/3154 2876/3027/3155 2907/3058/3186 2906/3057/3185
f 2876/3027/3155 2877/3028/3156 2908/3059/3187 2907/3058/3186
f 2877/3028/3156 2878/3029/3157 2909/3060/3188 2908/3059/3187
f 2878/3029/3157 2879/3030/3158 2910/3061/3189 2909/3060/3188
f 2879/3030/3158 2880/3031/3159 2911/3062/3190 2910/3061/3189
f 2880/3031/3159 2881/3032/3160 2912/3063/3191 2911/3062/3190
f 2881/3032/3160 2882/3033/3161 2913/3064/3192 2912/3063/3191
f 2882/3033/3161 2883/3034/3162 2914/3065/3193 2913/3064/3192
s 3
f 2884/3035/3194 2885/3036/3195 2916/3067/3196 2915/3066/3197
f 2885/3036/3195 2886/3037/3198 2917/3068/3199 2916/3067/3196
f 2886/3037/3198 2887/3038/3200 2918/3069/3201 2917/3068/3199
f 2887/3038/3200 2888/3039/3202 2919/3070/3203 2918/3069/3201
f 2888/3039/3202 2889/3040/3204 2920/3071/3205 2919/3070/3203
f 2889/3040/3204 2890/3041/3206 2921/3072/3207 2920/3071/3205
f 2890/3041/3206 2891/3042/3208 2922/3073/3209 2921/3072/3207
f 2891/3042/3208 2892/3043/3210 2923/3074/3211 2922/3073/3209
f 2892/3043/3210 2893/3044/3212 2924/3075/3213 2923/3074/3211
f 2893/3044/3212 2894/3045/3214 2925/3076/3215 2924/3075/3213
f 2894/3045/3214 2895/3046/3216 2926/3077/3217 2925/3076/3215
f 2895/3046/3216 2896/3047/3218 2927/3078/3219 2926/3077/3217
f 2896/3047/3218 2897/3048/3220 2928/3079/3221 2927/3078/3219
f 2897/3048/3220 2898/3049/3222 2929/3080/3223 2928/3079/3221
f 2898/3049/3222 2899/3050/3224 2930/3081/3225 2929/3080/3223
f 2899/3050/3224 2900/3051/3226 2931/3082/3227 2930/3081/3225
f 2900/3051/3226 2901/3052/3228 2932/3083/3229 2931/3082/3227
f 2901/3052/3228 2902/3053/3230 2933/3084/3231 2932/3083/3229
f 2902/3053/3230 2903/3054/3232 2934/3085/3233 2933/3084/3231
f 2903/3054/3232 2904/3055/3234 2935/3086/3235 2934/3085/3233
f 2904/3055/3234 2905/3056/3236 2936/3087/3237 2935/3086/3235
f 2905/3056/3236 2906/3057/3238 2937/3088/3239 2936/3087/3237
f 2906/3057/3238 2907/3058/3240 2938/3089/3241 2937/3088/3239
f 2907/3058/3240 2908/3059/3242 2939/3090/3243 2938/3089/3241
f 2908/3059/3242 2909/3060/3244 2940/3091/3245 2939/3090/3243
f 2909/3060/3244 2910/3061/3246 2941/3092/3247 2940/3091/3245
f 2910/3061/3246 2911/3062/3248 2942/3093/3249 2941/3092/3247
f 2911/3062/3248 2912/3063/3250 2943/3094/3251 2942/3093/3249
f 2912/3063/3250 2913/3064/3252 2944/3095/3253 2943/3094/3251
f 2913/3064/3252 2914/3065/3254 2945/3096/3255 2944/3095/3253
s 4
f 2915/3066/3256 2916/3067/3257 2947/3098/3258 2946/3097/3259
f 2916/3067/3257 2917/3068/3260 2948/3099/3261 2947/3098/3258
f 2917/3068/3260 2918/3069/3262 2949/3100/3263 2948/3099/3261
f 2918/3069/3262 2919/3070/3264 2950/3101/3265 2949/3100/3263
f 2919/3070/3264 2920/3071/3266 2951/3102/3267 2950/3101/3265
f 2920/3071/3266 2921/3072/3268 2952/3103/3269 2951/3102/3267
f 2921/3072/3268 2922/3073/3270 2953/3104/3271 2952/3103/3269
f 2922/3073/3270 2923/3074/3272 2954/3105/3273 2953/3104/3271
f 2923/3074/3272 2924/3075/3274 2955/3106/3275 2954/3105/3273
f 2924/3075/3274 2925/3076/3276 2956/3107/3277 2955/3106/3275
f 2925/3076/3276 2926/3077/3278 2957/3108/3279 2956/3107/3277
f 2926/3077/3278 2927/3078/3280 2958/3109/3281 2957/3108/3279
f 2927/3078/3280 2928/3079/3282 2959/3110/3283 2958/3109/3281
f 2928/3079/3282 2929/3080/3284 2960/3111/3285 2959/3110/3283
f 2929/3080/3284 2930/3081/3286 2961/3112/3287 2960/3111/3285
f 2930/3081/3286 2931/3082/3288 2962/3113/3289 2961/3112/3287
f 2931/3082/3288 2932/3083/3290 2963/3114/3291 2962/3113/3289
f 2932/3083/3290 2933/3084/3292 2964/3115/3293 2963/3114/3291
f 2933/3084/3292 2934/3085/3294 2965/3116/3295 2964/3115/3293
f 2934/3085/3294 2935/3086/3296 2966/3117/3297 2965/3116/3295
f 2935/3086/3296 2936/3087/3298 2967/3118/3299 2966/3117/3297
f 2936/3087/3298 2937/3088/3300 2968/3119/3301 2967/3118/3299
f 2937/3088/3300 2938/3089/3302 2969/3120/3303 2968/3119/3301
f 2938/3089/3302 2939/3090/3304 2970/3121/3305 2969/3120/3303
f 2939/3090/3304 2940/3091/3306 2971/3122/3307 2970/3121/3305
f 2940/3091/3306 2941/3092/3308 2972/3123/3309 2971/3122/3307
f 2941/3092/3308 2942/3093/3310 2973/3124/3311 2972/3123/3309
f 2942/3093/3310 2943/3094/3312 2974/3125/3313 2973/3124/3311
f 2943/3094/3312 2944/3095/3314 2975/3126/3315 2974/3125/3313
f 2944/3095/3314 2945/3096/3316 2976/3127/3317 2975/3126/3315
f 2946/3097/3259 2947/3098/3258 2978/3129/3318 2977/3128/3319
f 2947/3098/3258 2948/3099/3261 2979/3130/3320 2978/3129/3318
f 2948/3099/3261 2949/3100/3263 2980/3131/3321 2979/3130/3320
f 2949/3100/3263 2950/3101/3265 2981/3132/3322 2980/3131/3321
f 2950/3101/3265 2951/3102/3267 2982/3133/3323 2981/3132/3322
f 2951/3102/3267 2952/3103/3269 2983/3134/3324 2982/3133/3323
f 2952/3103/3269 2953/3104/3271 2984/3135/3325 2983/3134/3324
f 2953/3104/3271 2954/3105/3273 2985/3136/3326 2984/3135/3325
f 2954/3105/3273 2955/3106/3275 2986/3137/3327 2985/3136/3326
f 2955/3106/3275 2956/3107/3277 2987/3138/3328 2986/3137/3327
f 2956/3107/3277 2957/3108/3279 2988/3139/3329 2987/3138/3328
f 2957/3108/3279 2958/3109/3281 2989/3140/3330 2988/3139/3329
f 2958/3109/3281 2959/3110/3283 2990/3141/3331 2989/3140/3330
f 2959/3110/3283 2960/3111/3285 2991/3142/3332 2990/3141/3331
f 2960/3111/3285 2961/3112/3287 2992/3143/3333 2991/3142/3332
f 2961/3112/3287 2962/3113/3289 2993/3144/3334 2992/3143/3333
f 2962/3113/3289 2963/3114/3291 2994/3145/3335 2993/3144/3334
f 2963/3114/3291 2964/3115/3293 2995/3146/3336 2994/3145/3335
f 2964/3115/3293 2965/3116/3295 2996/3147/3337 2995/3146/3336
f 2965/3116/3295 2966/3117/3297 2997/3148/3338 2996/3147/3337
f 2966/3117/3297 2967/3118/3299 2998/3149/3339 2997/3148/3338
f 2967/3118/3299 2968/3119/3301 2999/3150/3340 2998/3149/3339
f 2968/3119/3301 2969/3120/3303 3000/3151/3341 2999/3150/3340
f 2969/3120/3303 2970/3121/3305 3001/3152/3342 3000/3151/3341
f 2970/3121/3305 2971/3122/3307 3002/3153/3343 3001/3152/3342
f 2971/3122/3307 2972/3123/3309 3003/3154/3344 3002/3153/3343
f 2972/3123/3309 2973/3124/3311 3004/3155/3345 3003/3154/3344
f 2973/3124/3311 2974/3125/3313 3005/3156/3346 3004/3155/3345
f 2974/3125/3313 2975/3126/3315 3006/3157/3347 3005/3156/3346
f 2975/3126/3315 2976/3127/3317 3007/3158/3348 3006/3157/3347
f 2977/3128/3319 2978/3129/3318 3009/3160/3349 3008/3159/3350
f 2978/3129/3318 2979/3130/3320 3010/3161/3351 3009/3160/3349
f 2979/3130/3320 2980/3131/3321 3011/3162/3352 3010/3161/3351
f 2980/3131/3321 2981/3132/3322 3012/3163/3353 3011/3162/3352
f 2981/3132/3322 2982/3133/3323 3013/3164/3354 3012/3163/3353
f 2982/3133/3323 2983/3134/3324 3014/3165/3355 3013/3164/3354
f 2983/3134/3324 2984/3135/3325 3015/3166/3356 3014/3165/3355
f 2984/3135/3325 2985/3136/3326 3016/3167/3357 3015/3166/3356
f 2985/3136/3326 2986/3137/3327 3017/3168/3358 3016/3167/3357
f 2986/3137/3327 2987/3138/3328 3018/3169/3359 3017/3168/3358
f 2987/3138/3328 2988/3139/3329 3019/3170/3360 3018/3169/3359
f 2988/3139/3329 2989/3140/3330 3020/3171/3361 3019/3170/3360
f 2989/3140/3330 2990/3141/3331 3021/3172/3362 3020/3171/3361
f 2990/3141/3331 2991/3142/3332 3022/3173/3363 3021/3172/3362
f 2991/3142/3332 2992/3143/3333 3023/3174/3364 3022/3173/3363
f 2992/3143/3333 2993/3144/3334 3024/3175/3365 3023/3174/3364
f 2993/3144/3334 2994/3145/3335 3025/3176/3366 3024/3175/3365
f 2994/3145/3335 2995/3146/3336 3026/3177/3367 3025/3176/3366
f 2995/3146/3336 2996/3147/3337 3027/3178/3368 3026/3177/3367
f 2996/3147/3337 2997/3148/3338 3028/3179/3369 3027/3178/3368
f 2997/3148/3338 2998/3149/3339 3029/3180/3370 3028/3179/3369
f 2998/3149/3339 2999/3150/3340 3030/3181/3371 3029/3180/3370
f 2999/3150/3340 3000/3151/3341 3031/3182/3372 3030/3181/3371
f 3000/3151/3341 3001/3152/3342 3032/3183/3373 3031/3182/3372
f 3001/3152/3342 3002/3153/3343 3033/3184/3374 3032/3183/3373
f 3002/3153/3343 3003/3154/3344 3034/3185/3375 3033/3184/3374
f 3003/3154/3344 3004/3155/3345 3035/3186/3376 3034/3185/3375
f 3004/3155/3345 3005/3156/3346 3036/3187/3377 3035/3186/3376
f 3005/3156/3346 3006/3157/3347 3037/3188/3378 3036/3187/3377
f 3006/3157/3347 3007/3158/3348 3038/3189/3379 3037/3188/3378
f 3008/3159/3350 3009/3160/3349 3040/3191/3380 3039/3190/3381
f 3009/3160/3349 3010/3161/3351 3041/3192/3382 3040/3191/3380
f 3010/3161/3351 3011/3162/3352 3042/3193/3383 3041/3192/3382
f 3011/3162/3352 3012/3163/3353 3043/3194/3384 3042/3193/3383
f 3012/3163/3353 3013/3164/3354 3044/3195/3385 3043/3194/3384
f 3013/3164/3354 3014/3165/3355 3045/3196/3386 3044/3195/3385
f 3014/3165/3355 3015/3166/3356 3046/3197/3387 3045/3196/3386
f 3015/3166/3356 3016/3167/3357 3047/3198/3388 3046/3197/3387
f 3016/3167/3357 3017/3168/3358 3048/3199/3389 3047/3198/3388
f 3017/3168/3358 3018/3169/3359 3049/3200/3390 3048/3199/3389
f 3018/3169/3359 3019/3170/3360 3050/3201/3391 3049/3200/3390
f 3019/3170/3360 3020/3171/3361 3051/3202/3392 3050/3201/3391
f 3020/3171/3361 3021/3172/3362 3052/3203/3393 3051/3202/3392
f 3021/3172/3362 3022/3173/3363 3053/3204/3394 3052/3203/3393
f 3022/3173/3363 3023/3174/3364 3054/3205/3395 3053/3204/3394
f 3023/3174/3364 3024/3175/3365 3055/3206/3396 3054/3205/3395
f 3024/3175/3365 3025/3176/3366 3056/3207/3397 3055/3206/3396
f 3025/3176/3366 3026/3177/3367 3057/3208/3398 3056/3207/3397
f 3026/3177/3367 3027/3178/3368 3058/3209/3399 3057/3208/3398
f 3027/3178/3368 3028/3179/3369 3059/3210/3400 3058/3209/3399
f 3028/3179/3369 3029/3180/3370 3060/3211/3401 3059/3210/3400
f 3029/3180/3370 3030/3181/3371 3061/3212/3402 3060/3211/3401
f 3030/3181/3371 3031/3182/3372 3062/3213/3403 3061/3212/3402
f 3031/3182/3372 3032/3183/3373 3063/3214/3404 3062/3213/3403
f 3032/3183/3373 3033/3184/3374 3064/3215/3405 3063/3214/3404
f 3033/3184/3374 3034/3185/3375 3065/3216/3406 3064/3215/3405
f 3034/3185/3375 3035/3186/3376 3066/3217/3407 3065/3216/3406
f 3035/3186/3376 3036/3187/3377 3067/3218/3408 3066/3217/3407
f 3036/3187/3377 3037/3188/3378 3068/3219/3409 3067/3218/3408
f 3037/3188/3378 3038/3189/3379 3069/3220/3410 3068/3219/3409
f 3039/3190/3381 3040/3191/3380 3071/3222/3411 3070/3221/3412
f 3040/3191/3380 3041/3192/3382 3072/3223/3413 3071/3222/3411
f 3041/3192/3382 3042/3193/3383 3073/3224/3414 3072/3223/3413
f 3042/3193/3383 3043/3194/3384 3074/3225/3415 3073/3224/3414
f 3043/3194/3384 3044/3195/3385 3075/3226/3416 3074/3225/3415
f 3044/3195/3385 3045/3196/3386 3076/3227/3417 3075/3226/3416
f 3045/3196/3386 3046/3197/3387 3077/3228/3418 3076/3227/3417
f 3046/3197/3387 3047/3198/3388 3078/3229/3419 3077/3228/3418
f 3047/3198/3388 3048/3199/3389 3079/3230/3420 3078/3229/3419
f 3048/3199/3389 3049/3200/3390 3080/3231/3421 3079/3230/3420
f 3049/3200/3390 3050/3201/3391 3081/3232/3422 3080/3231/3421
f 3050/3201/3391 3051/3202/3392 3082/3233/3423 3081/3232/3422
f 3051/3202/3392 3052/3203/3393 3083/3234/3424 3082/3233/3423
f 3052/3203/3393 3053/3204/3394 3084/3235/3425 3083/3234/3424
f 3053/3204/3394 3054/3205/3395 3085/3236/3426 3084/3235/3425
f 3054/3205/3395 3055/3206/3396 3086/3237/3427 3085/3236/3426
f 3055/3206/3396 3056/3207/3397 3087/3238/3428 3086/3237/3427
f 3056/3207/3397 3057/3208/3398 3088/3239/3429 3087/3238/3428
f 3057/3208/3398 3058/3209/3399 3089/3240/3430 3088/3239/3429
f 3058/3209/3399 3059/3210/3400 3090/3241/3431 3089/3240/3430
f 3059/3210/3400 3060/3211/3401 3091/3242/3432 3090/3241/3431
f 3060/3211/3401 3061/3212/3402 3092/3243/3433 3091/3242/3432
f 3061/3212/3402 3062/3213/3403 3093/3244/3434 3092/3243/3433
f 3062/3213/3403 3063/3214/3404 3094/3245/3435 3093/3244/3434
f 3063/3214/3404 3064/3215/3405 3095/3246/3436 3094/3245/3435
f 3064/3215/3405 3065/3216/3406 3096/3247/3437 3095/3246/3436
f 3065/3216/3406 3066/3217/3407 3097/3248/3438 3096/3247/3437
f 3066/3217/3407 3067/3218/3408 3098/3249/3439 3097/3248/3438
f 3067/3218/3408 3068/3219/3409 3099/3250/3440 3098/3249/3439
f 3068/3219/3409 3069/3220/3410 3100/3251/3441 3099/3250/3440
f 3070/3221/3412 3071/3222/3411 3102/3253/3442 3101/3252/3443
f 3071/3222/3411 3072/3223/3413 3103/3254/3444 3102/3253/3442
f 3072/3223/3413 3073/3224/3414 3104/3255/3445 3103/3254/3444
f 3073/3224/3414 3074/3225/3415 3105/3256/3446 3104/3255/3445
f 3074/3225/3415 3075/3226/3416 3106/3257/3447 3105/3256/3446
f 3075/3226/3416 3076/3227/3417 3107/3258/3448 3106/3257/3447
f 3076/3227/3417 3077/3228/3418 3108/3259/3449 3107/3258/3448
f 3077/3228/3418 3078/3229/3419 3109/3260/3450 3108/3259/3449
f 3078/3229/3419 3079/3230/3420 3110/3261/3451 3109/3260/3450
f 3079/3230/3420 3080/3231/3421 3111/3262/3452 3110/3261/3451
f 3080/3231/3421 3081/3232/3422 3112/3263/3453 3111/3262/3452
f 3081/3232/3422 3082/3233/3423 3113/3264/3454 3112/3263/3453
f 3082/3233/3423 3083/3234/3424 3114/3265/3455 3113/3264/3454
f 3083/3234/3424 3084/3235/3425 3115/3266/3456 3114/3265/3455
f 3084/3235/3425 3085/3236/3426 3116/3267/3457 3115/3266/3456
f 3085/3236/3426 3086/3237/3427 3117/3268/3458 3116/3267/3457
f 3086/3237/3427 3087/3238/3428 3118/3269/3459 3117/3268/3458
f 3087/3238/3428 3088/3239/3429 3119/3270/3460 3118/3269/3459
f 3088/3239/3429 3089/3240/3430 3120/3271/3461 3119/3270/3460
f 3089/3240/3430 3090/3241/3431 3121/3272/3462 3120/3271/3461
f 3090/3241/3431 3091/3242/3432 3122/3273/3463 3121/3272/3462
f 3091/3242/3432 3092/3243/3433 3123/3274/3464 3122/3273/3463
f 3092/3243/3433 3093/3244/3434 3124/3275/3465 3123/3274/3464
f 3093/3244/3434 3094/3245/3435 3125/3276/3466 3124/3275/3465
f 3094/3245/3435 3095/3246/3436 3126/3277/3467 3125/3276/3466
f 3095/3246/3436 3096/3247/3437 3127/3278/3468 3126/3277/3467
f 3096/3247/3437 3097/3248/3438 3128/3279/3469 3127/3278/3468
f 3097/3248/3438 3098/3249/3439 3129/3280/3470 3128/3279/3469
f 3098/3249/3439 3099/3250/3440 3130/3281/3471 3129/3280/3470
f 3099/3250/3440 3100/3251/3441 3131/3282/3472 3130/3281/3471
f 3101/3252/3443 3102/3253/3442 3133/3284/3473 3132/3283/3474
f 3102/3253/3442 3103/3254/3444 3134/3285/3475 3133/3284/3473
f 3103/3254/3444 3104/3255/3445 3135/3286/3476 3134/3285/3475
f 3104/3255/3445 3105/3256/3446 3136/3287/3477 3135/3286/3476
f 3105/3256/3446 3106/3257/3447 3137/3288/3478 3136/3287/3477
f 3106/3257/3447 3107/3258/3448 3138/3289/3479 3137/3288/3478
f 3107/3258/3448 3108/3259/3449 3139/3290/3480 3138/3289/3479
f 3108/3259/3449 3109/3260/3450 3140/3291/3481 3139/3290/3480
f 3109/3260/3450 3110/3261/3451 3141/3292/3482 3140/3291/3481
f 3110/3261/3451 3111/3262/3452 3142/3293/3483 3141/3292/3482
f 3111/3262/3452 3112/3263/3453 3143/3294/3484 3142/3293/3483
f 3112/3263/3453 3113/3264/3454 3144/3295/3485 3143/3294/3484
f 3113/3264/3454 3114/3265/3455 3145/3296/3486 3144/3295/3485
f 3114/3265/3455 3115/3266/3456 3146/3297/3487 3145/3296/3486
f 3115/3266/3456 3116/3267/3457 3147/3298/3488 3146/3297/3487
f 3116/3267/3457 3117/3268/3458 3148/3299/3489 3147/3298/3488
f 3117/3268/3458 3118/3269/3459 3149/3300/3490 3148/3299/3489
f 3118/3269/3459 3119/3270/3460 3150/3301/3491 3149/3300/3490
f 3119/3270/3460 3120/3271/3461 3151/3302/3492 3150/3301/3491
f 3120/3271/3461 3121/3272/3462 3152/3303/3493 3151/3302/3492
f 3121/3272/3462 3122/3273/3463 3153/3304/3494 3152/3303/3493
f 3122/3273/3463 3123/3274/3464 3154/3305/3495 3153/3304/3494
f 3123/3274/3464 3124/3275/3465 3155/3306/3496 3154/3305/3495
f 3124/3275/3465 3125/3276/3466 3156/3307/3497 3155/3306/3496
f 3125/3276/3466 3126/3277/3467 3157/3308/3498 3156/3307/3497
f 3126/3277/3467 3127/3278/3468 3158/3309/3499 3157/3308/3498
f 3127/3278/3468 3128/3279/3469 3159/3310/3500 3158/3309/3499
f 3128/3279/3469 3129/3280/3470 3160/3311/3501 3159/3310/3500
f 3129/3280/3470 3130/3281/3471 3161/3312/3502 3160/3311/3501
f 3130/3281/3471 3131/3282/3472 3162/3313/3503 3161/3312/3502
f 3132/3283/3474 3133/3284/3473 3164/3315/3504 3163/3314/3505
f 3133/3284/3473 3134/3285/3475 3165/3316/3506 3164/3315/3504
f 3134/3285/3475 3135/3286/3476 3166/3317/3507 3165/3316/3506
f 3135/3286/3476 3136/3287/3477 3167/3318/3508 3166/3317/3507
f 3136/3287/3477 3137/3288/3478 3168/3319/3509 3167/3318/3508
f 3137/3288/3478 3138/3289/3479 3169/3320/3510 3168/3319/3509
f 3138/3289/3479 3139/3290/3480 3170/3321/3511 3169/3320/3510
f 3139/3290/3480 3140/3291/3481 3171/3322/3512 3170/3321/3511
f 3140/3291/3481 3141/3292/3482 3172/3323/3513 3171/3322/3512
f 3141/3292/3482 3142/3293/3483 3173/3324/3514 3172/3323/3513
f 3142/3293/3483 3143/3294/3484 3174/3325/3515 3173/3324/3514
f 3143/3294/3484 3144/3295/3485 3175/3326/3516 3174/3325/3515
f 3144/3295/3485 3145/3296/3486 3176/3327/3517 3175/3326/3516
f 3145/3296/3486 3146/3297/3487 3177/3328/3518 3176/3327/3517
f 3146/3297/3487 3147/3298/3488 3178/3329/3519 3177/3328/3518
f 3147/3298/3488 3148/3299/3489 3179/3330/3520 3178/3329/3519
f 3148/3299/3489 3149/3300/3490 3180/3331/3521 3179/3330/3520
f 3149/3300/3490 3150/3301/3491 3181/3332/3522 3180/3331/3521
f 3150/3301/3491 3151/3302/3492 3182/3333/3523 3181/3332/3522
f 3151/3302/3492 3152/3303/3493 3183/3334/3524 3182/3333/3523
f 3152/3303/3493 3153/3304/3494 3184/3335/3525 3183/3334/3524
f 3153/3304/3494 3154/3305/3495 3185/3336/3526 3184/3335/3525
f 3154/3305/3495 3155/3306/3496 3186/3337/3527 3185/3336/3526
f 3155/3306/3496 3156/3307/3497 3187/3338/3528 3186/3337/3527
f 3156/3307/3497 3157/3308/3498 3188/3339/3529 3187/3338/3528
f 3157/3308/3498 3158/3309/3499 3189/3340/3530 3188/3339/3529
f 3158/3309/3499 3159/3310/3500 3190/3341/3531 3189/3340/3530
f 3159/3310/3500 3160/3311/3501 3191/3342/3532 3190/3341/3531
f 3160/3311/3501 3161/3312/3502 3192/3343/3533 3191/3342/3532
f 3161/3312/3502 3162/3313/3503 3193/3344/3534 3192/3343/3533
f 3163/3314/3505 3164/3315/3504 3195/3346/3535 3194/3345/3536
f 3164/3315/3504 3165/3316/3506 3196/3347/3537 3195/3346/3535
f 3165/3316/3506 3166/3317/3507 3197/3348/3538 3196/3347/3537
f 3166/3317/3507 3167/3318/3508 3198/3349/3539 3197/3348/3538
f 3167/3318/3508 3168/3319/3509 3199/3350/3540 3198/3349/3539
f 3168/3319/3509 3169/3320/3510 3200/3351/3541 3199/3350/3540
f 3169/3320/3510 3170/3321/3511 3201/3352/3542 3200/3351/3541
f 3170/3321/3511 3171/3322/3512 3202/3353/3543 3201/3352/3542
f 3171/3322/3512 3172/3323/3513 3203/3354/3544 3202/3353/3543
f 3172/3323/3513 3173/3324/3514 3204/3355/3545 3203/3354/3544
f 3173/3324/3514 3174/3325/3515 3205/3356/3546 3204/3355/3545
f 3174/3325/3515 3175/3326/3516 3206/3357/3547 3205/3356/3546
f 3175/3326/3516 3176/3327/3517 3207/3358/3548 3206/3357/3547
f 3176/3327/3517 3177/3328/3518 3208/3359/3549 3207/3358/3548
f 3177/3328/3518 3178/3329/3519 3209/3360/3550 3208/3359/3549
f 3178/3329/3519 3179/3330/3520 3210/3361/3551 3209/3360/3550
f 3179/3330/3520 3180/3331/3521 3211/3362/3552 3210/3361/3551
f 3180/3331/3521 3181/3332/3522 3212/3363/3553 3211/3362/3552
f 3181/3332/3522 3182/3333/3523 3213/3364/3554 3212/3363/3553
f 3182/3333/3523 3183/3334/3524 3214/3365/3555 3213/3364/3554
f 3183/3334/3524 3184/3335/3525 3215/3366/3556 3214/3365/3555
f 3184/3335/3525 3185/3336/3526 3216/3367/3557 3215/3366/3556
f 3185/3336/3526 3186/3337/3527 3217/3368/3558 3216/3367/3557
f 3186/3337/3527 3187/3338/3528 3218/3369/3559 3217/3368/3558
f 3187/3338/3528 3188/3339/3529 3219/3370/3560 3218/3369/3559
f 3188/3339/3529 3189/3340/3530 3220/3371/3561 3219/3370/3560
f 3189/3340/3530 3190/3341/3531 3221/3372/3562 3220/3371/3561
f 3190/3341/3531 3191/3342/3532 3222/3373/3563 3221/3372/3562
f 3191/3342/3532 3192/3343/3533 3223/3374/3564 3222/3373/3563
f 3192/3343/3533 3193/3344/3534 3224/3375/3565 3223/3374/3564
f 3194/3345/3536 3195/3346/3535 3226/3377/3566 3225/3376/3567
f 3195/3346/3535 3196/3347/3537 3227/3378/3568 3226/3377/3566
f 3196/3347/3537 3197/3348/3538 3228/3379/3569 3227/3378/3568
f 3197/3348/3538 3198/3349/3539 3229/3380/3570 3228/3379/3569
f 3198/3349/3539 3199/3350/3540 3230/3381/3571 3229/3380/3570
f 3199/3350/3540 3200/3351/3541 3231/3382/3572 3230/3381/3571
f 3200/3351/3541 3201/3352/3542 3232/3383/3573 3231/3382/3572
f 3201/3352/3542 3202/3353/3543 3233/3384/3574 3232/3383/3573
f 3202/3353/3543 3203/3354/3544 3234/3385/3575 3233/3384/3574
f 3203/3354/3544 3204/3355/3545 3235/3386/3576 3234/3385/3575
f 3204/3355/3545 3205/3356/3546 3236/3387/3577 3235/3386/3576
f 3205/3356/3546 3206/3357/3547 3237/3388/3578 3236/3387/3577
f 3206/3357/3547 3207/3358/3548 3238/3389/3579 3237/3388/3578
f 3207/3358/3548 3208/3359/3549 3239/3390/3580 3238/3389/3579
f 3208/3359/3549 3209/3360/3550 3240/3391/3581 3239/3390/3580
f 3209/3360/3550 3210/3361/3551 3241/3392/3582 3240/3391/3581
f 3210/3361/3551 3211/3362/3552 3242/3393/3583 3241/3392/3582
f 3211/3362/3552 3212/3363/3553 3243/3394/3584 3242/3393/3583
f 3212/3363/3553 3213/3364/3554 3244/3395/3585 3243/3394/3584
f 3213/3364/3554 3214/3365/3555 3245/3396/3586 3244/3395/3585
f 3214/3365/3555 3215/3366/3556 3246/3397/3587 3245/3396/3586
f 3215/3366/3556 3216/3367/3557 3247/3398/3588 3246/3397/3587
f 3216/3367/3557 3217/3368/3558 3248/3399/3589 3247/3398/3588
f 3217/3368/3558 3218/3369/3559 3249/3400/3590 3248/3399/3589
f 3218/3369/3559 3219/3370/3560 3250/3401/3591 3249/3400/3590
f 3219/3370/3560 3220/3371/3561 3251/3402/3592 3250/3401/3591
f 3220/3371/3561 3221/3372/3562 3252/3403/3593 3251/3402/3592
f 3221/3372/3562 3222/3373/3563 3253/3404/3594 3252/3403/3593
f 3222/3373/3563 3223/3374/3564 3254/3405/3595 3253/3404/3594
f 3223/3374/3564 3224/3375/3565 3255/3406/3596 3254/3405/3595
f 3225/3376/3567 3226/3377/3566 3257/3408/3597 3256/3407/3598
f 3226/3377/3566 3227/3378/3568 3258/3409/3599 3257/3408/3597
f 3227/3378/3568 3228/3379/3569 3259/3410/3600 3258/3409/3599
f 3228/3379/3569 3229/3380/3570 3260/3411/3601 3259/3410/3600
f 3229/3380/3570 3230/3381/3571 3261/3412/3602 3260/3411/3601
f 3230/3381/3571 3231/3382/3572 3262/3413/3603 3261/3412/3602
f 3231/3382/3572 3232/3383/3573 3263/3414/3604 3262/3413/3603
f 3232/3383/3573 3233/3384/3574 3264/3415/3605 3263/3414/3604
f 3233/3384/3574 3234/3385/3575 3265/3416/3606 3264/3415/3605
f 3234/3385/3575 3235/3386/3576 3266/3417/3607 3265/3416/3606
f 3235/3386/3576 3236/3387/3577 3267/3418/3608 3266/3417/3607
f 3236/3387/3577 3237/3388/3578 3268/3419/3609 3267/3418/3608
f 3237/3388/3578 3238/3389/3579 3269/3420/3610 3268/3419/3609
f 3238/3389/3579 3239/3390/3580 3270/3421/3611 3269/3420/3610
f 3239/3390/3580 3240/3391/3581 3271/3422/3612 3270/3421/3611
f 3240/3391/3581 3241/3392/3582 3272/3423/3613 3271/3422/3612
f 3241/3392/3582 3242/3393/3583 3273/3424/3614 3272/3423/3613
f 3242/3393/3583 3243/3394/3584 3274/3425/3615 3273/3424/3614
f 3243/3394/3584 3244/3395/3585 3275/3426/3616 3274/3425/3615
f 3244/3395/3585 3245/3396/3586 3276/3427/3617 3275/3426/3616
f 3245/3396/3586 3246/3397/3587 3277/3428/3618 3276/3427/3617
f 3246/3397/3587 3247/3398/3588 3278/3429/3619 3277/3428/3618
f 3247/3398/3588 3248/3399/3589 3279/3430/3620 3278/3429/3619
f 3248/3399/3589 3249/3400/3590 3280/3431/3621 3279/3430/3620
f 3249/3400/3590 3250/3401/3591 3281/3432/3622 3280/3431/3621
f 3250/3401/3591 3251/3402/3592 3282/3433/3623 3281/3432/3622
f 3251/3402/3592 3252/3403/3593 3283/3434/3624 3282/3433/3623
f 3252/3403/3593 3253/3404/3594 3284/3435/3625 3283/3434/3624
f 3253/3404/3594 3254/3405/3595 3285/3436/3626 3284/3435/3625
f 3254/3405/3595 3255/3406/3596 3286/3437/3627 3285/3436/3626
f 3256/3407/3598 3257/3408/3597 3288/3439/3628 3287/3438/3629
f 3257/3408/3597 3258/3409/3599 3289/3440/3630 3288/3439/3628
f 3258/3409/3599 3259/3410/3600 3290/3441/3631 3289/3440/3630
f 3259/3410/3600 3260/3411/3601 3291/3442/3632 3290/3441/3631
f 3260/3411/3601 3261/3412/3602 3292/3443/3633 3291/3442/3632
f 3261/3412/3602 3262/3413/3603 3293/3444/3634 3292/3443/3633
f 3262/3413/3603 3263/3414/3604 3294/3445/3635 3293/3444/3634
f 3263/3414/3604 3264/3415/3605 3295/3446/3636 3294/3445/3635
f 3264/3415/3605 3265/3416/3606 3296/3447/3637 3295/3446/3636
f 3265/3416/3606 3266/3417/3607 3297/3448/3638 3296/3447/3637
f 3266/3417/3607 3267/3418/3608 3298/3449/3639 3297/3448/3638
f 3267/3418/3608 3268/3419/3609 3299/3450/3640 3298/3449/3639
f 3268/3419/3609 3269/3420/3610 3300/3451/3641 3299/3450/3640
f 3269/3420/3610 3270/3421/3611 3301/3452/3642 3300/3451/3641
f 3270/3421/3611 3271/3422/3612 3302/3453/3643 3301/3452/3642
f 3271/3422/3612 3272/3423/3613 3303/3454/3644 3302/3453/3643
f 3272/3423/3613 3273/3424/3614 3304/3455/3645 3303/3454/3644
f 3273/3424/3614 3274/3425/3615 3305/3456/3646 3304/3455/3645
f 3274/3425/3615 3275/3426/3616 3306/3457/3647 3305/3456/3646
f 3275/3426/3616 3276/3427/3617 3307/3458/3648 3306/3457/3647
f 3276/3427/3617 3277/3428/3618 3308/3459/3649 3307/3458/3648
f 3277/3428/3618 3278/3429/3619 3309/3460/3650 3308/3459/3649
f 3278/3429/3619 3279/3430/3620 3310/3461/3651 3309/3460/3650
f 3279/3430/3620 3280/3431/3621 3311/3462/3652 3310/3461/3651
f 3280/3431/3621 3281/3432/3622 3312/3463/3653 3311/3462/3652
f 3281/3432/3622 3282/3433/3623 3313/3464/3654 3312/3463/3653
f 3282/3433/3623 3283/3434/3624 3314/3465/3655 3313/3464/3654
f 3283/3434/3624 3284/3435/3625 3315/3466/3656 3314/3465/3655
f 3284/3435/3625 3285/3436/3626 3316/3467/3657 3315/3466/3656
f 3285/3436/3626 3286/3437/3627 3317/3468/3658 3316/3467/3657
f 3287/3438/3629 3288/3439/3628 3319/3470/3659 3318/3469/3660
f 3288/3439/3628 3289/3440/3630 3320/3471/3661 3319/3470/3659
f 3289/3440/3630 3290/3441/3631 3321/3472/3662 3320/3471/3661
f 3290/3441/3631 3291/3442/3632 3322/3473/3663 3321/3472/3662
f 3291/3442/3632 3292/3443/3633 3323/3474/3664 3322/3473/3663
f 3292/3443/3633 3293/3444/3634 3324/3475/3665 3323/3474/3664
f 3293/3444/3634 3294/3445/3635 3325/3476/3666 3324/3475/3665
f 3294/3445/3635 3295/3446/3636 3326/3477/3667 3325/3476/3666
f 3295/3446/3636 3296/3447/3637 3327/3478/3668 3326/3477/3667
f 3296/3447/3637 3297/3448/3638 3328/3479/3669 3327/3478/3668
f 3297/3448/3638 3298/3449/3639 3329/3480/3670 3328/3479/3669
f 3298/3449/3639 3299/3450/3640 3330/3481/3671 3329/3480/3670
f 3299/3450/3640 3300/3451/3641 3331/3482/3672 3330/3481/3671
f 3300/3451/3641 3301/3452/3642 3332/3483/3673 3331/3482/3672
f 3301/3452/3642 3302/3453/3643 3333/3484/3674 3332/3483/3673
f 3302/3453/3643 3303/3454/3644 3334/3485/3675 3333/3484/3674
f 3303/3454/3644 3304/3455/3645 3335/3486/3676 3334/3485/3675
f 3304/3455/3645 3305/3456/3646 3336/3487/3677 3335/3486/3676
f 3305/3456/3646 3306/3457/3647 3337/3488/3678 3336/3487/3677
f 3306/3457/3647 3307/3458/3648 3338/3489/3679 3337/3488/3678
f 3307/3458/3648 3308/3459/3649 3339/3490/3680 3338/3489/3679
f 3308/3459/3649 3309/3460/3650 3340/3491/3681 3339/3490/3680
f 3309/3460/3650 3310/3461/3651 3341/3492/3682 3340/3491/3681
f 3310/3461/3651 3311/3462/3652 3342/3493/3683 3341/3492/3682
f 3311/3462/3652 3312/3463/3653 3343/3494/3684 3342/3493/3683
f 3312/3463/3653 3313/3464/3654 3344/3495/3685 3343/3494/3684
f 3313/3464/3654 3314/3465/3655 3345/3496/3686 3344/3495/3685
f 3314/3465/3655 3315/3466/3656 3346/3497/3687 3345/3496/3686
f 3315/3466/3656 3316/3467/3657 3347/3498/3688 3346/3497/3687
f 3316/3467/3657 3317/3468/3658 3348/3499/3689 3347/3498/3688
f 3318/3469/3660 3319/3470/3659 3350/3501/3690 3349/3500/3691
f 3319/3470/3659 3320/3471/3661 3351/3502/3692 3350/3501/3690
f 3320/3471/3661 3321/3472/3662 3352/3503/3693 3351/3502/3692
f 3321/3472/3662 3322/3473/3663 3353/3504/3694 3352/3503/3693
f 3322/3473/3663 3323/3474/3664 3354/3505/3695 3353/3504/3694
f 3323/3474/3664 3324/3475/3665 3355/3506/3696 3354/3505/3695
f 3324/3475/3665 3325/3476/3666 3356/3507/3697 3355/3506/3696
f 3325/3476/3666 3326/3477/3667 3357/3508/3698 3356/3507/3697
f 3326/3477/3667 3327/3478/3668 3358/3509/3699 3357/3508/3698
f 3327/3478/3668 3328/3479/3669 3359/3510/3700 3358/3509/3699
f 3328/3479/3669 3329/3480/3670 3360/3511/3701 3359/3510/3700
f 3329/3480/3670 3330/3481/3671 3361/3512/3702 3360/3511/3701
f 3330/3481/3671 3331/3482/3672 3362/3513/3703 3361/3512/3702
f 3331/3482/3672 3332/3483/3673 3363/3514/3704 3362/3513/3703
f 3332/3483/3673 3333/3484/3674 3364/3515/3705 3363/3514/3704
f 3333/3484/3674 3334/3485/3675 3365/3516/3706 3364/3515/3705
f 3334/3485/3675 3335/3486/3676 3366/3517/3707 3365/3516/3706
f 3335/3486/3676 3336/3487/3677 3367/3518/3708 3366/3517/3707
f 3336/3487/3677 3337/3488/3678 3368/3519/3709 3367/3518/3708
f 3337/3488/3678 3338/3489/3679 3369/3520/3710 3368/3519/3709
f 3338/3489/3679 3339/3490/3680 3370/3521/3711 3369/3520/3710
f 3339/3490/3680 3340/3491/3681 3371/3522/3712 3370/3521/3711
f 3340/3491/3681 3341/3492/3682 3372/3523/3713 3371/3522/3712
f 3341/3492/3682 3342/3493/3683 3373/3524/3714 3372/3523/3713
f 3342/3493/3683 3343/3494/3684 3374/3525/3715 3373/3524/3714
f 3343/3494/3684 3344/3495/3685 3375/3526/3716 3374/3525/3715
f 3344/3495/3685 3345/3496/3686 3376/3527/3717 3375/3526/3716
f 3345/3496/3686 3346/3497/3687 3377/3528/3718 3376/3527/3717
f 3346/3497/3687 3347/3498/3688 3378/3529/3719 3377/3528/3718
f 3347/3498/3688 3348/3499/3689 3379/3530/3720 3378/3529/3719
f 3349/3500/3691 3350/3501/3690 3381/3532/3721 3380/3531/3722
f 3350/3501/3690 3351/3502/3692 3382/3533/3723 3381/3532/3721
f 3351/3502/3692 3352/3503/3693 3383/3534/3724 3382/3533/3723
f 3352/3503/3693 3353/3504/3694 3384/3535/3725 3383/3534/3724
f 3353/3504/3694 3354/3505/3695 3385/3536/3726 3384/3535/3725
f 3354/3505/3695 3355/3506/3696 3386/3537/3727 3385/3536/3726
f 3355/3506/3696 3356/3507/3697 3387/3538/3728 3386/3537/3727
f 3356/3507/3697 3357/3508/3698 3388/3539/3729 3387/3538/3728
f 3357/3508/3698 3358/3509/3699 3389/3540/3730 3388/3539/3729
f 3358/3509/3699 3359/3510/3700 3390/3541/3731 3389/3540/3730
f 3359/3510/3700 3360/3511/3701 3391/3542/3732 3390/3541/3731
f 3360/3511/3701 3361/3512/3702 3392/3543/3733 3391/3542/3732
f 3361/3512/3702 3362/3513/3703 3393/3544/3734 3392/3543/3733
f 3362/3513/3703 3363/3514/3704 3394/3545/3735 3393/3544/3734
f 3363/3514/3704 3364/3515/3705 3395/3546/3736 3394/3545/3735
f 3364/3515/3705 3365/3516/3706 3396/3547/3737 3395/3546/3736
f 3365/3516/3706 3366/3517/3707 3397/3548/3738 3396/3547/3737
f 3366/3517/3707 3367/3518/3708 3398/3549/3739 3397/3548/3738
f 3367/3518/3708 3368/3519/3709 3399/3550/3740 3398/3549/3739
f 3368/3519/3709 3369/3520/3710 3400/3551/3741 3399/3550/3740
f 3369/3520/3710 3370/3521/3711 3401/3552/3742 3400/3551/3741
f 3370/3521/3711 3371/3522/3712 3402/3553/3743 3401/3552/3742
f 3371/3522/3712 3372/3523/3713 3403/3554/3744 3402/3553/3743
f 3372/3523/3713 3373/3524/3714 3404/3555/3745 3403/3554/3744
f 3373/3524/3714 3374/3525/3715 3405/3556/3746 3404/3555/3745
f 3374/3525/3715 3375/3526/3716 3406/3557/3747 3405/3556/3746
f 3375/3526/3716 3376/3527/3717 3407/3558/3748 3406/3557/3747
f 3376/3527/3717 3377/3528/3718 3408/3559/3749 3407/3558/3748
f 3377/3528/3718 3378/3529/3719 3409/3560/3750 3408/3559/3749
f 3378/3529/3719 3379/3530/3720 3410/3561/3751 3409/3560/3750
f 3380/3531/3722 3381/3532/3721 3412/3563/3752 3411/3562/3753
f 3381/3532/3721 3382/3533/3723 3413/3564/3754 3412/3563/3752
f 3382/3533/3723 3383/3534/3724 3414/3565/3755 3413/3564/3754
f 3383/3534/3724 3384/3535/3725 3415/3566/3756 3414/3565/3755
f 3384/3535/3725 3385/3536/3726 3416/3567/3757 3415/3566/3756
f 3385/3536/3726 3386/3537/3727 3417/3568/3758 3416/3567/3757
f 3386/3537/3727 3387/3538/3728 3418/3569/3759 3417/3568/3758
f 3387/3538/3728 3388/3539/3729 3419/3570/3760 3418/3569/3759
f 3388/3539/3729 3389/3540/3730 3420/3571/3761 3419/3570/3760
f 3389/3540/3730 3390/3541/3731 3421/3572/3762 3420/3571/3761
f 3390/3541/3731 3391/3542/3732 3422/3573/3763 3421/3572/3762
f 3391/3542/3732 3392/3543/3733 3423/3574/3764 3422/3573/3763
f 3392/3543/3733 3393/3544/3734 3424/3575/3765 3423/3574/3764
f 3393/3544/3734 3394/3545/3735 3425/3576/3766 3424/3575/3765
f 3394/3545/3735 3395/3546/3736 3426/3577/3767 3425/3576/3766
f 3395/3546/3736 3396/3547/3737 3427/3578/3768 3426/3577/3767
f 3396/3547/3737 3397/3548/3738 3428/3579/3769 3427/3578/3768
f 3397/3548/3738 3398/3549/3739 3429/3580/3770 3428/3579/3769
f 3398/3549/3739 3399/3550/3740 3430/3581/3771 3429/3580/3770
f 3399/3550/3740 3400/3551/3741 3431/3582/3772 3430/3581/3771
f 3400/3551/3741 3401/3552/3742 3432/3583/3773 3431/3582/3772
f 3401/3552/3742 3402/3553/3743 3433/3584/3774 3432/3583/3773
f 3402/3553/3743 3403/3554/3744 3434/3585/3775 3433/3584/3774
f 3403/3554/3744 3404/3555/3745 3435/3586/3776 3434/3585/3775
f 3404/3555/3745 3405/3556/3746 3436/3587/3777 3435/3586/3776
f 3405/3556/3746 3406/3557/3747 3437/3588/3778 3436/3587/3777
f 3406/3557/3747 3407/3558/3748 3438/3589/3779 3437/3588/3778
f 3407/3558/3748 3408/3559/3749 3439/3590/3780 3438/3589/3779
f 3408/3559/3749 3409/3560/3750 3440/3591/3781 3439/3590/3780
f 3409/3560/3750 3410/3561/3751 3441/3592/3782 3440/3591/3781
f 3411/3562/3753 3412/3563/3752 3443/3594/3783 3442/3593/3784
f 3412/3563/3752 3413/3564/3754 3444/3595/3785 3443/3594/3783
f 3413/3564/3754 3414/3565/3755 3445/3596/3786 3444/3595/3785
f 3414/3565/3755 3415/3566/3756 3446/3597/3787 3445/3596/3786
f 3415/3566/3756 3416/3567/3757 3447/3598/3788 3446/3597/3787
f 3416/3567/3757 3417/3568/3758 3448/3599/3789 3447/3598/3788
f 3417/3568/3758 3418/3569/3759 3449/3600/3790 3448/3599/3789
f 3418/3569/3759 3419/3570/3760 3450/3601/3791 3449/3600/3790
f 3419/3570/3760 3420/3571/3761 3451/3602/3792 3450/3601/3791
f 3420/3571/3761 3421/3572/3762 3452/3603/3793 3451/3602/3792
f 3421/3572/3762 3422/3573/3763 3453/3604/3794 3452/3603/3793
f 3422/3573/3763 3423/3574/3764 3454/3605/3795 3453/3604/3794
f 3423/3574/3764 3424/3575/3765 3455/3606/3796 3454/3605/3795
f 3424/3575/3765 3425/3576/3766 3456/3607/3797 3455/3606/3796
f 3425/3576/3766 3426/3577/3767 3457/3608/3798 3456/3607/3797
f 3426/3577/3767 3427/3578/3768 3458/3609/3799 3457/3608/3798
f 3427/3578/3768 3428/3579/3769 3459/3610/3800 3458/3609/3799
f 3428/3579/3769 3429/3580/3770 3460/3611/3801 3459/3610/3800
f 3429/3580/3770 3430/3581/3771 3461/3612/3802 3460/3611/3801
f 3430/3581/3771 3431/3582/3772 3462/3613/3803 3461/3612/3802
f 3431/3582/3772 3432/3583/3773 3463/3614/3804 3462/3613/3803
f 3432/3583/3773 3433/3584/3774 3464/3615/3805 3463/3614/3804
f 3433/3584/3774 3434/3585/3775 3465/3616/3806 3464/3615/3805
f 3434/3585/3775 3435/3586/3776 3466/3617/3807 3465/3616/3806
f 3435/3586/3776 3436/3587/3777 3467/3618/3808 3466/3617/3807
f 3436/3587/3777 3437/3588/3778 3468/3619/3809 3467/3618/3808
f 3437/3588/3778 3438/3589/3779 3469/3620/3810 3468/3619/3809
f 3438/3589/3779 3439/3590/3780 3470/3621/3811 3469/3620/3810
f 3439/3590/3780 3440/3591/3781 3471/3622/3812 3470/3621/3811
f 3440/3591/3781 3441/3592/3782 3472/3623/3813 3471/3622/3812
f 3442/3593/3784 3443/3594/3783 3474/3625/3814 3473/3624/3815
f 3443/3594/3783 3444/3595/3785 3475/3626/3816 3474/3625/3814
f 3444/3595/3785 3445/3596/3786 3476/3627/3817 3475/3626/3816
f 3445/3596/3786 3446/3597/3787 3477/3628/3818 3476/3627/3817
f 3446/3597/3787 3447/3598/3788 3478/3629/3819 3477/3628/3818
f 3447/3598/3788 3448/3599/3789 3479/3630/3820 3478/3629/3819
f 3448/3599/3789 3449/3600/3790 3480/3631/3821 3479/3630/3820
f 3449/3600/3790 3450/3601/3791 3481/3632/3822 3480/3631/3821
f 3450/3601/3791 3451/3602/3792 3482/3633/3823 3481/3632/3822
f 3451/3602/3792 3452/3603/3793 3483/3634/3824 3482/3633/3823
f 3452/3603/3793 3453/3604/3794 3484/3635/3825 3483/3634/3824
f 3453/3604/3794 3454/3605/3795 3485/3636/3826 3484/3635/3825
f 3454/3605/3795 3455/3606/3796 3486/3637/3827 3485/3636/3826
f 3455/3606/3796 3456/3607/3797 3487/3638/3828 3486/3637/3827
f 3456/3607/3797 3457/3608/3798 3488/3639/3829 3487/3638/3828
f 3457/3608/3798 3458/3609/3799 3489/3640/3830 3488/3639/3829
f 3458/3609/3799 3459/3610/3800 3490/3641/3831 3489/3640/3830
f 3459/3610/3800 3460/3611/3801 3491/3642/3832 3490/3641/3831
f 3460/3611/3801 3461/3612/3802 3492/3643/3833 3491/3642/3832
f 3461/3612/3802 3462/3613/3803 3493/3644/3834 3492/3643/3833
f 3462/3613/3803 3463/3614/3804 3494/3645/3835 3493/3644/3834
f 3463/3614/3804 3464/3615/3805 3495/3646/3836 3494/3645/3835
f 3464/3615/3805 3465/3616/3806 3496/3647/3837 3495/3646/3836
f 3465/3616/3806 3466/3617/3807 3497/3648/3838 3496/3647/3837
f 3466/3617/3807 3467/3618/3808 3498/3649/3839 3497/3648/3838
f 3467/3618/3808 3468/3619/3809 3499/3650/3840 3498/3649/3839
f 3468/3619/3809 3469/3620/3810 3500/3651/3841 3499/3650/3840
f 3469/3620/3810 3470/3621/3811 3501/3652/3842 3500/3651/3841
f 3470/3621/3811 3471/3622/3812 3502/3653/3843 3501/3652/3842
f 3471/3622/3812 3472/3623/3813 3503/3654/3844 3502/3653/3843
f 3473/3624/3815 3474/3625/3814 3505/3656/3845 3504/3655/3846
f 3474/3625/3814 3475/3626/3816 3506/3657/3847 3505/3656/3845
f 3475/3626/3816 3476/3627/3817 3507/3658/3848 3506/3657/3847
f 3476/3627/3817 3477/3628/3818 3508/3659/3849 3507/3658/3848
f 3477/3628/3818 3478/3629/3819 3509/3660/3850 3508/3659/3849
f 3478/3629/3819 3479/3630/3820 3510/3661/3851 3509/3660/3850
f 3479/3630/3820 3480/3631/3821 3511/3662/3852 3510/3661/3851
f 3480/3631/3821 3481/3632/3822 3512/3663/3853 3511/3662/3852
f 3481/3632/3822 3482/3633/3823 3513/3664/3854 3512/3663/3853
f 3482/3633/3823 3483/3634/3824 3514/3665/3855 3513/3664/3854
f 3483/3634/3824 3484/3635/3825 3515/3666/3856 3514/3665/3855
f 3484/3635/3825 3485/3636/3826 3516/3667/3857 3515/3666/3856
f 3485/3636/3826 3486/3637/3827 3517/3668/3858 3516/3667/3857
f 3486/3637/3827 3487/3638/3828 3518/3669/3859 3517/3668/3858
f 3487/3638/3828 3488/3639/3829 3519/3670/3860 3518/3669/3859
f 3488/3639/3829 3489/3640/3830 3520/3671/3861 3519/3670/3860
f 3489/3640/3830 3490/3641/3831 3521/3672/3862 3520/3671/3861
f 3490/3641/3831 3491/3642/3832 3522/3673/3863 3521/3672/3862
f 3491/3642/3832 3492/3643/3833 3523/3674/3864 3522/3673/3863
f 3492/3643/3833 3493/3644/3834 3524/3675/3865 3523/3674/3864
f 3493/3644/3834 3494/3645/3835 3525/3676/3866 3524/3675/3865
f 3494/3645/3835 3495/3646/3836 3526/3677/3867 3525/3676/3866
f 3495/3646/3836 3496/3647/3837 3527/3678/3868 3526/3677/3867
f 3496/3647/3837 3497/3648/3838 3528/3679/3869 3527/3678/3868
f 3497/3648/3838 3498/3649/3839 3529/3680/3870 3528/3679/3869
f 3498/3649/3839 3499/3650/3840 3530/3681/3871 3529/3680/3870
f 3499/3650/3840 3500/3651/3841 3531/3682/3872 3530/3681/3871
f 3500/3651/3841 3501/3652/3842 3532/3683/3873 3531/3682/3872
f 3501/3652/3842 3502/3653/3843 3533/3684/3874 3532/3683/3873
f 3502/3653/3843 3503/3654/3844 3534/3685/3875 3533/3684/3874
f 3504/3655/3846 3505/3656/3845 3536/3687/3876 3535/3686/3877
f 3505/3656/3845 3506/3657/3847 3537/3688/3878 3536/3687/3876
f 3506/3657/3847 3507/3658/3848 3538/3689/3879 3537/3688/3878
f 3507/3658/3848 3508/3659/3849 3539/3690/3880 3538/3689/3879
f 3508/3659/3849 3509/3660/3850 3540/3691/3881 3539/3690/3880
f 3509/3660/3850 3510/3661/3851 3541/3692/3882 3540/3691/3881
f 3510/3661/3851 3511/3662/3852 3542/3693/3883 3541/3692/3882
f 3511/3662/3852 3512/3663/3853 3543/3694/3884 3542/3693/3883
f 3512/3663/3853 3513/3664/3854 3544/3695/3885 3543/3694/3884
f 3513/3664/3854 3514/3665/3855 3545/3696/3886 3544/3695/3885
f 3514/3665/3855 3515/3666/3856 3546/3697/3887 3545/3696/3886
f 3515/3666/3856 3516/3667/3857 3547/3698/3888 3546/3697/3887
f 3516/3667/3857 3517/3668/3858 3548/3699/3889 3547/3698/3888
f 3517/3668/3858 3518/3669/3859 3549/3700/3890 3548/3699/3889
f 3518/3669/3859 3519/3670/3860 3550/3701/3891 3549/3700/3890
f 3519/3670/3860 3520/3671/3861 3551/3702/3892 3550/3701/3891
f 3520/3671/3861 3521/3672/3862 3552/3703/3893 3551/3702/3892
f 3521/3672/3862 3522/3673/3863 3553/3704/3894 3552/3703/3893
f 3522/3673/3863 3523/3674/3864 3554/3705/3895 3553/3704/3894
f 3523/3674/3864 3524/3675/3865 3555/3706/3896 3554/3705/3895
f 3524/3675/3865 3525/3676/3866 3556/3707/3897 3555/3706/3896
f 3525/3676/3866 3526/3677/3867 3557/3708/3898 3556/3707/3897
f 3526/3677/3867 3527/3678/3868 3558/3709/3899 3557/3708/3898
f 3527/3678/3868 3528/3679/3869 3559/3710/3900 3558/3709/3899
f 3528/3679/3869 3529/3680/3870 3560/3711/3901 3559/3710/3900
f 3529/3680/3870 3530/3681/3871 3561/3712/3902 3560/3711/3901
f 3530/3681/3871 3531/3682/3872 3562/3713/3903 3561/3712/3902
f 3531/3682/3872 3532/3683/3873 3563/3714/3904 3562/3713/3903
f 3532/3683/3873 3533/3684/3874 3564/3715/3905 3563/3714/3904
f 3533/3684/3874 3534/3685/3875 3565/3716/3906 3564/3715/3905
f 3535/3686/3877 3536/3687/3876 3567/3718/3907 3566/3717/3908
f 3536/3687/3876 3537/3688/3878 3568/3719/3909 3567/3718/3907
f 3537/3688/3878 3538/3689/3879 3569/3720/3910 3568/3719/3909
f 3538/3689/3879 3539/3690/3880 3570/3721/3911 3569/3720/3910
f 3539/3690/3880 3540/3691/3881 3571/3722/3912 3570/3721/3911
f 3540/3691/3881 3541/3692/3882 3572/3723/3913 3571/3722/3912
f 3541/3692/3882 3542/3693/3883 3573/3724/3914 3572/3723/3913
f 3542/3693/3883 3543/3694/3884 3574/3725/3915 3573/3724/3914
f 3543/3694/3884 3544/3695/3885 3575/3726/3916 3574/3725/3915
f 3544/3695/3885 3545/3696/3886 3576/3727/3917 3575/3726/3916
f 3545/3696/3886 3546/3697/3887 3577/3728/3918 3576/3727/3917
f 3546/3697/3887 3547/3698/3888 3578/3729/3919 3577/3728/3918
f 3547/3698/3888 3548/3699/3889 3579/3730/3920 3578/3729/3919
f 3548/3699/3889 3549/3700/3890 3580/3731/3921 3579/3730/3920
f 3549/3700/3890 3550/3701/3891 3581/3732/3922 3580/3731/3921
f 3550/3701/3891 3551/3702/3892 3582/3733/3923 3581/3732/3922
f 3551/3702/3892 3552/3703/3893 3583/3734/3924 3582/3733/3923
f 3552/3703/3893 3553/3704/3894 3584/3735/3925 3583/3734/3924
f 3553/3704/3894 3554/3705/3895 3585/3736/3926 3584/3735/3925
f 3554/3705/3895 3555/3706/3896 3586/3737/3927 3585/3736/3926
f 3555/3706/3896 3556/3707/3897 3587/3738/3928 3586/3737/3927
f 3556/3707/3897 3557/3708/3898 3588/3739/3929 3587/3738/3928
f 3557/3708/3898 3558/3709/3899 3589/3740/3930 3588/3739/3929
f 3558/3709/3899 3559/3710/3900 3590/3741/3931 3589/3740/3930
f 3559/3710/3900 3560/3711/3901 3591/3742/3932 3590/3741/3931
f 3560/3711/3901 3561/3712/3902 3592/3743/3933 3591/3742/3932
f 3561/3712/3902 3562/3713/3903 3593/3744/3934 3592/3743/3933
f 3562/3713/3903 3563/3714/3904 3594/3745/3935 3593/3744/3934
f 3563/3714/3904 3564/3715/3905 3595/3746/3936 3594/3745/3935
f 3564/3715/3905 3565/3716/3906 3596/3747/3937 3595/3746/3936
f 3566/3717/3908 3567/3718/3907 3598/3749/3938 3597/3748/3939
f 3567/3718/3907 3568/3719/3909 3599/3750/3940 3598/3749/3938
f 3568/3719/3909 3569/3720/3910 3600/3751/3941 3599/3750/3940
f 3569/3720/3910 3570/3721/3911 3601/3752/3942 3600/3751/3941
f 3570/3721/3911 3571/3722/3912 3602/3753/3943 3601/3752/3942
f 3571/3722/3912 3572/3723/3913 3603/3754/3944 3602/3753/3943
f 3572/3723/3913 3573/3724/3914 3604/3755/3945 3603/3754/3944
f 3573/3724/3914 3574/3725/3915 3605/3756/3946 3604/3755/3945
f 3574/3725/3915 3575/3726/3916 3606/3757/3947 3605/3756/3946
f 3575/3726/3916 3576/3727/3917 3607/3758/3948 3606/3757/3947
f 3576/3727/3917 3577/3728/3918 3608/3759/3949 3607/3758/3948
f 3577/3728/3918 3578/3729/3919 3609/3760/3950 3608/3759/3949
f 3578/3729/3919 3579/3730/3920 3610/3761/3951 3609/3760/3950
f 3579/3730/3920 3580/3731/3921 3611/3762/3952 3610/3761/3951
f 3580/3731/3921 3581/3732/3922 3612/3763/3953 3611/3762/3952
f 3581/3732/3922 3582/3733/3923 3613/3764/3954 3612/3763/3953
f 3582/3733/3923 3583/3734/3924 3614/3765/3955 3613/3764/3954
f 3583/3734/3924 3584/3735/3925 3615/3766/3956 3614/3765/3955
f 3584/3735/3925 3585/3736/3926 3616/3767/3957 3615/3766/3956
f 3585/3736/3926 3586/3737/3927 3617/3768/3958 3616/3767/3957
f 3586/3737/3927 3587/3738/3928 3618/3769/3959 3617/3768/3958
f 3587/3738/3928 3588/3739/3929 3619/3770/3960 3618/3769/3959
f 3588/3739/3929 3589/3740/3930 3620/3771/3961 3619/3770/3960
f 3589/3740/3930 3590/3741/3931 3621/3772/3962 3620/3771/3961
f 3590/3741/3931 3591/3742/3932 3622/3773/3963 3621/3772/3962
f 3591/3742/3932 3592/3743/3933 3623/3774/3964 3622/3773/3963
f 3592/3743/3933 3593/3744/3934 3624/3775/3965 3623/3774/3964
f 3593/3744/3934 3594/3745/3935 3625/3776/3966 3624/3775/3965
f 3594/3745/3935 3595/3746/3936 3626/3777/3967 3625/3776/3966
f 3595/3746/3936 3596/3747/3937 3627/3778/3968 3626/3777/3967
f 3597/3748/3939 3598/3749/3938 3629/3780/3969 3628/3779/3970
f 3598/3749/3938 3599/3750/3940 3630/3781/3971 3629/3780/3969
f 3599/3750/3940 3600/3751/3941 3631/3782/3972 3630/3781/3971
f 3600/3751/3941 3601/3752/3942 3632/3783/3973 3631/3782/3972
f 3601/3752/3942 3602/3753/3943 3633/3784/3974 3632/3783/3973
f 3602/3753/3943 3603/3754/3944 3634/3785/3975 3633/3784/3974
f 3603/3754/3944 3604/3755/3945 3635/3786/3976 3634/3785/3975
f 3604/3755/3945 3605/3756/3946 3636/3787/3977 3635/3786/3976
f 3605/3756/3946 3606/3757/3947 3637/3788/3978 3636/3787/3977
f 3606/3757/3947 3607/3758/3948 3638/3789/3979 3637/3788/3978
f 3607/3758/3948 3608/3759/3949 3639/3790/3980 3638/3789/3979
f 3608/3759/3949 3609/3760/3950 3640/3791/3981 3639/3790/3980
f 3609/3760/3950 3610/3761/3951 3641/3792/3982 3640/3791/3981
f 3610/3761/3951 3611/3762/3952 3642/3793/3983 3641/3792/3982
f 3611/3762/3952 3612/3763/3953 3643/3794/3984 3642/3793/3983
f 3612/3763/3953 3613/3764/3954 3644/3795/3985 3643/3794/3984
f 3613/3764/3954 3614/3765/3955 3645/3796/3986 3644/3795/3985
f 3614/3765/3955 3615/3766/3956 3646/3797/3987 3645/3796/3986
f 3615/3766/3956 3616/3767/3957 3647/3798/3988 3646/3797/3987
f 3616/3767/3957 3617/3768/3958 3648/3799/3989 3647/3798/3988
f 3617/3768/3958 3618/3769/3959 3649/3800/3990 3648/3799/3989
f 3618/3769/3959 3619/3770/3960 3650/3801/3991 3649/3800/3990
f 3619/3770/3960 3620/3771/3961 3651/3802/3992 3650/3801/3991
f 3620/3771/3961 3621/3772/3962 3652/3803/3993 3651/3802/3992
f 3621/3772/3962 3622/3773/3963 3653/3804/3994 3652/3803/3993
f 3622/3773/3963 3623/3774/3964 3654/3805/3995 3653/3804/3994
f 3623/3774/3964 3624/3775/3965 3655/3806/3996 3654/3805/3995
f 3624/3775/3965 3625/3776/3966 3656/3807/3997 3655/3806/3996
f 3625/3776/3966 3626/3777/3967 3657/3808/3998 3656/3807/3997
f 3626/3777/3967 3627/3778/3968 3658/3809/3999 3657/3808/3998
f 3628/3779/3970 3629/3780/3969 3660/3811/4000 3659/3810/4001
f 3629/3780/3969 3630/3781/3971 3661/3812/4002 3660/3811/4000
f 3630/3781/3971 3631/3782/3972 3662/3813/4003 3661/3812/4002
f 3631/3782/3972 3632/3783/3973 3663/3814/4004 3662/3813/4003
f 3632/3783/3973 3633/3784/3974 3664/3815/4005 3663/3814/4004
f 3633/3784/3974 3634/3785/3975 3665/3816/4006 3664/3815/4005
f 3634/3785/3975 3635/3786/3976 3666/3817/4007 3665/3816/4006
f 3635/3786/3976 3636/3787/3977 3667/3818/4008 3666/3817/4007
f 3636/3787/3977 3637/3788/3978 3668/3819/4009 3667/3818/4008
f 3637/3788/3978 3638/3789/3979 3669/3820/4010 3668/3819/4009
f 3638/3789/3979 3639/3790/3980 3670/3821/4011 3669/3820/4010
f 3639/3790/3980 3640/3791/3981 3671/3822/4012 3670/3821/4011
f 3640/3791/3981 3641/3792/3982 3672/3823/4013 3671/3822/4012
f 3641/3792/3982 3642/3793/3983 3673/3824/4014 3672/3823/4013
f 3642/3793/3983 3643/3794/3984 3674/3825/4015 3673/3824/4014
f 3643/3794/3984 3644/3795/3985 3675/3826/4016 3674/3825/4015
f 3644/3795/3985 3645/3796/3986 3676/3827/4017 3675/3826/4016
f 3645/3796/3986 3646/3797/3987 3677/3828/4018 3676/3827/4017
f 3646/3797/3987 3647/3798/3988 3678/3829/4019 3677/3828/4018
f 3647/3798/3988 3648/3799/3989 3679/3830/4020 3678/3829/4019
f 3648/3799/3989 3649/3800/3990 3680/3831/4021 3679/3830/4020
f 3649/3800/3990 3650/3801/3991 3681/3832/4022 3680/3831/4021
f 3650/3801/3991 3651/3802/3992 3682/3833/4023 3681/3832/4022
f 3651/3802/3992 3652/3803/3993 3683/3834/4024 3682/3833/4023
f 3652/3803/3993 3653/3804/3994 3684/3835/4025 3683/3834/4024
f 3653/3804/3994 3654/3805/3995 3685/3836/4026 3684/3835/4025
f 3654/3805/3995 3655/3806/3996 3686/3837/4027 3685/3836/4026
f 3655/3806/3996 3656/3807/3997 3687/3838/4028 3686/3837/4027
f 3656/3807/3997 3657/3808/3998 3688/3839/4029 3687/3838/4028
f 3657/3808/3998 3658/3809/3999 3689/3840/4030 3688/3839/4029
f 3659/3810/4001 3660/3811/4000 3691/3842/4031 3690/3841/4032
f 3660/3811/4000 3661/3812/4002 3692/3843/4033 3691/3842/4031
f 3661/3812/4002 3662/3813/4003 3693/3844/4034 3692/3843/4033
f 3662/3813/4003 3663/3814/4004 3694/3845/4035 3693/3844/4034
f 3663/3814/4004 3664/3815/4005 3695/3846/4036 3694/3845/4035
f 3664/3815/4005 3665/3816/4006 3696/3847/4037 3695/3846/4036
f 3665/3816/4006 3666/3817/4007 3697/3848/4038 3696/3847/4037
f 3666/3817/4007 3667/3818/4008 3698/3849/4039 3697/3848/4038
f 3667/3818/4008 3668/3819/4009 3699/3850/4040 3698/3849/4039
f 3668/3819/4009 3669/3820/4010 3700/3851/4041 3699/3850/4040
f 3669/3820/4010 3670/3821/4011 3701/3852/4042 3700/3851/4041
f 3670/3821/4011 3671/3822/4012 3702/3853/4043 3701/3852/4042
f 3671/3822/4012 3672/3823/4013 3703/3854/4044 3702/3853/4043
f 3672/3823/4013 3673/3824/4014 3704/3855/4045 3703/3854/4044
f 3673/3824/4014 3674/3825/4015 3705/3856/4046 3704/3855/4045
f 3674/3825/4015 3675/3826/4016 3706/3857/4047 3705/3856/4046
f 3675/3826/4016 3676/3827/4017 3707/3858/4048 3706/3857/4047
f 3676/3827/4017 3677/3828/4018 3708/3859/4049 3707/3858/4048
f 3677/3828/4018 3678/3829/4019 3709/3860/4050 3708/3859/4049
f 3678/3829/4019 3679/3830/4020 3710/3861/4051 3709/3860/4050
f 3679/3830/4020 3680/3831/4021 3711/3862/4052 3710/3861/4051
f 3680/3831/4021 3681/3832/4022 3712/3863/4053 3711/3862/4052
f 3681/3832/4022 3682/3833/4023 3713/3864/4054 3712/3863/4053
f 3682/3833/4023 3683/3834/4024 3714/3865/4055 3713/3864/4054
f 3683/3834/4024 3684/3835/4025 3715/3866/4056 3714/3865/4055
f 3684/3835/4025 3685/3836/4026 3716/3867/4057 3715/3866/4056
f 3685/3836/4026 3686/3837/4027 3717/3868/4058 3716/3867/4057
f 3686/3837/4027 3687/3838/4028 3718/3869/4059 3717/3868/4058
f 3687/3838/4028 3688/3839/4029 3719/3870/4060 3718/3869/4059
f 3688/3839/4029 3689/3840/4030 3720/3871/4061 3719/3870/4060
f 3690/3841/4032 3691/3842/4031 3722/3873/4062 3721/3872/4063
f 3691/3842/4031 3692/3843/4033 3723/3874/4064 3722/3873/4062
f 3692/3843/4033 3693/3844/4034 3724/3875/4065 3723/3874/4064
f 3693/3844/4034 3694/3845/4035 3725/3876/4066 3724/3875/4065
f 3694/3845/4035 3695/3846/4036 3726/3877/4067 3725/3876/4066
f 3695/3846/4036 3696/3847/4037 3727/3878/4068 3726/3877/4067
f 3696/3847/4037 3697/3848/4038 3728/3879/4069 3727/3878/4068
f 3697/3848/4038 3698/3849/4039 3729/3880/4070 3728/3879/4069
f 3698/3849/4039 3699/3850/4040 3730/3881/4071 3729/3880/4070
f 3699/3850/4040 3700/3851/4041 3731/3882/4072 3730/3881/4071
f 3700/3851/4041 3701/3852/4042 3732/3883/4073 3731/3882/4072
f 3701/3852/4042 3702/3853/4043 3733/3884/4074 3732/3883/4073
f 3702/3853/4043 3703/3854/4044 3734/3885/4075 3733/3884/4074
f 3703/3854/4044 3704/3855/4045 3735/3886/4076 3734/3885/4075
f 3704/3855/4045 3705/3856/4046 3736/3887/4077 3735/3886/4076
f 3705/3856/4046 3706/3857/4047 3737/3888/4078 3736/3887/4077
f 3706/3857/4047 3707/3858/4048 3738/3889/4079 3737/3888/4078
f 3707/3858/4048 3708/3859/4049 3739/3890/4080 3738/3889/4079
f 3708/3859/4049 3709/3860/4050 3740/3891/4081 3739/3890/4080
f 3709/3860/4050 3710/3861/4051 3741/3892/4082 3740/3891/4081
f 3710/3861/4051 3711/3862/4052 3742/3893/4083 3741/3892/4082
f 3711/3862/4052 3712/3863/4053 3743/3894/4084 3742/3893/4083
f 3712/3863/4053 3713/3864/4054 3744/3895/4085 3743/3894/4084
f 3713/3864/4054 3714/3865/4055 3745/3896/4086 3744/3895/4085
f 3714/3865/4055 3715/3866/4056 3746/3897/4087 3745/3896/4086
f 3715/3866/4056 3716/3867/4057 3747/3898/4088 3746/3897/4087
f 3716/3867/4057 3717/3868/4058 3748/3899/4089 3747/3898/4088
f 3717/3868/4058 3718/3869/4059 3749/3900/4090 3748/3899/4089
f 3718/3869/4059 3719/3870/4060 3750/3901/4091 3749/3900/4090
f 3719/3870/4060 3720/3871/4061 3751/3902/4092 3750/3901/4091
f 3721/3872/4063 3722/3873/4062 3753/3904/4093 3752/3903/4094
f 3722/3873/4062 3723/3874/4064 3754/3905/4095 3753/3904/4093
f 3723/3874/4064 3724/3875/4065 3755/3906/4096 3754/3905/4095
f 3724/3875/4065 3725/3876/4066 3756/3907/4097 3755/3906/4096
f 3725/3876/4066 3726/3877/4067 3757/3908/4098 3756/3907/4097
f 3726/3877/4067 3727/3878/4068 3758/3909/4099 3757/3908/4098
f 3727/3878/4068 3728/3879/4069 3759/3910/4100 3758/3909/4099
f 3728/3879/4069 3729/3880/4070 3760/3911/4101 3759/3910/4100
f 3729/3880/4070 3730/3881/4071 3761/3912/4102 3760/3911/4101
f 3730/3881/4071 3731/3882/4072 3762/3913/4103 3761/3912/4102
f 3731/3882/4072 3732/3883/4073 3763/3914/4104 3762/3913/4103
f 3732/3883/4073 3733/3884/4074 3764/3915/4105 3763/3914/4104
f 3733/3884/4074 3734/3885/4075 3765/3916/4106 3764/3915/4105
f 3734/3885/4075 3735/3886/4076 3766/3917/4107 3765/3916/4106
f 3735/3886/4076 3736/3887/4077 3767/3918/4108 3766/3917/4107
f 3736/3887/4077 3737/3888/4078 3768/3919/4109 3767/3918/4108
f 3737/3888/4078 3738/3889/4079 3769/3920/4110 3768/3919/4109
f 3738/3889/4079 3739/3890/4080 3770/3921/4111 3769/3920/4110
f 3739/3890/4080 3740/3891/4081 3771/3922/4112 3770/3921/4111
f 3740/3891/4081 3741/3892/4082 3772/3923/4113 3771/3922/4112
f 3741/3892/4082 3742/3893/4083 3773/3924/4114 3772/3923/4113
f 3742/3893/4083 3743/3894/4084 3774/3925/4115 3773/3924/4114
f 3743/3894/4084 3744/3895/4085 3775/3926/4116 3774/3925/4115
f 3744/3895/4085 3745/3896/4086 3776/3927/4117 3775/3926/4116
f 3745/3896/4086 3746/3897/4087 3777/3928/4118 3776/3927/4117
f 3746/3897/4087 3747/3898/4088 3778/3929/4119 3777/3928/4118
f 3747/3898/4088 3748/3899/4089 3779/3930/4120 3778/3929/4119
f 3748/3899/4089 3749/3900/4090 3780/3931/4121 3779/3930/4120
f 3749/3900/4090 3750/3901/4091 3781/3932/4122 3780/3931/4121
f 3750/3901/4091 3751/3902/4092 3782/3933/4123 3781/3932/4122
f 3752/3903/4094 3753/3904/4093 3784/3935/4124 3783/3934/4125
f 3753/3904/4093 3754/3905/4095 3785/3936/4126 3784/3935/4124
f 3754/3905/4095 3755/3906/4096 3786/3937/4127 3785/3936/4126
f 3755/3906/4096 3756/3907/4097 3787/3938/4128 3786/3937/4127
f 3756/3907/4097 3757/3908/4098 3788/3939/4129 3787/3938/4128
f 3757/3908/4098 3758/3909/4099 3789/3940/4130 3788/3939/4129
f 3758/3909/4099 3759/3910/4100 3790/3941/4131 3789/3940/4130
f 3759/3910/4100 3760/3911/4101 3791/3942/4132 3790/3941/4131
f 3760/3911/4101 3761/3912/4102 3792/3943/4133 3791/3942/4132
f 3761/3912/4102 3762/3913/4103 3793/3944/4134 3792/3943/4133
f 3762/3913/4103 3763/3914/4104 3794/3945/4135 3793/3944/4134
f 3763/3914/4104 3764/3915/4105 3795/3946/4136 3794/3945/4135
f 3764/3915/4105 3765/3916/4106 3796/3947/4137 3795/3946/4136
f 3765/3916/4106 3766/3917/4107 3797/3948/4138 3796/3947/4137
f 3766/3917/4107 3767/3918/4108 3798/3949/4139 3797/3948/4138
f 3767/3918/4108 3768/3919/4109 3799/3950/4140 3798/3949/4139
f 3768/3919/4109 3769/3920/4110 3800/3951/4141 3799/3950/4140
f 3769/3920/4110 3770/3921/4111 3801/3952/4142 3800/3951/4141
f 3770/3921/4111 3771/3922/4112 3802/3953/4143 3801/3952/4142
f 3771/3922/4112 3772/3923/4113 3803/3954/4144 3802/3953/4143
f 3772/3923/4113 3773/3924/4114 3804/3955/4145 3803/3954/4144
f 3773/3924/4114 3774/3925/4115 3805/3956/4146 3804/3955/4145
f 3774/3925/4115 3775/3926/4116 3806/3957/4147 3805/3956/4146
f 3775/3926/4116 3776/3927/4117 3807/3958/4148 3806/3957/4147
f 3776/3927/4117 3777/3928/4118 3808/3959/4149 3807/3958/4148
f 3777/3928/4118 3778/3929/4119 3809/3960/4150 3808/3959/4149
f 3778/3929/4119 3779/3930/4120 3810/3961/4151 3809/3960/4150
f 3779/3930/4120 3780/3931/4121 3811/3962/4152 3810/3961/4151
f 3780/3931/4121 3781/3932/4122 3812/3963/4153 3811/3962/4152
f 3781/3932/4122 3782/3933/4123 3813/3964/4154 3812/3963/4153
f 3783/3934/4125 3784/3935/4124 3815/3966/4155 3814/3965/4156
f 3784/3935/4124 3785/3936/4126 3816/3967/4157 3815/3966/4155
f 3785/3936/4126 3786/3937/4127 3817/3968/4158 3816/3967/4157
f 3786/3937/4127 3787/3938/4128 3818/3969/4159 3817/3968/4158
f 3787/3938/4128 3788/3939/4129 3819/3970/4160 3818/3969/4159
f 3788/3939/4129 3789/3940/4130 3820/3971/4161 3819/3970/4160
f 3789/3940/4130 3790/3941/4131 3821/3972/4162 3820/3971/4161
f 3790/3941/4131 3791/3942/4132 3822/3973/4163 3821/3972/4162
f 3791/3942/4132 3792/3943/4133 3823/3974/4164 3822/3973/4163
f 3792/3943/4133 3793/3944/4134 3824/3975/4165 3823/3974/4164
f 3793/3944/4134 3794/3945/4135 3825/3976/4166 3824/3975/4165
f 3794/3945/4135 3795/3946/4136 3826/3977/4167 3825/3976/4166
f 3795/3946/4136 3796/3947/4137 3827/3978/4168 3826/3977/4167
f 3796/3947/4137 3797/3948/4138 3828/3979/4169 3827/3978/4168
f 3797/3948/4138 3798/3949/4139 3829/3980/4170 3828/3979/4169
f 3798/3949/4139 3799/3950/4140 3830/3981/4171 3829/3980/4170
f 3799/3950/4140 3800/3951/4141 3831/3982/4172 3830/3981/4171
f 3800/3951/4141 3801/3952/4142 3832/3983/4173 3831/3982/4172
f 3801/3952/4142 3802/3953/4143 3833/3984/4174 3832/3983/4173
f 3802/3953/4143 3803/3954/4144 3834/3985/4175 3833/3984/4174
f 3803/3954/4144 3804/3955/4145 3835/3986/4176 3834/3985/4175
f 3804/3955/4145 3805/3956/4146 3836/3987/4177 3835/3986/4176
f 3805/3956/4146 3806/3957/4147 3837/3988/4178 3836/3987/4177
f 3806/3957/4147 3807/3958/4148 3838/3989/4179 3837/3988/4178
f 3807/3958/4148 3808/3959/4149 3839/3990/4180 3838/3989/4179
f 3808/3959/4149 3809/3960/4150 3840/3991/4181 3839/3990/4180
f 3809/3960/4150 3810/3961/4151 3841/3992/4182 3840/3991/4181
f 3810/3961/4151 3811/3962/4152 3842/3993/4183 3841/3992/4182
f 3811/3962/4152 3812/3963/4153 3843/3994/4184 3842/3993/4183
f 3812/3963/4153 3813/3964/4154 3844/3995/4185 3843/3994/4184
f 3814/3965/4156 3815/3966/4155 1924/3997/4186 1923/3996/4187
f 3815/3966/4155 3816/3967/4157 1925/3998/4188 1924/3997/4186
f 3816/3967/4157 3817/3968/4158 1926/3999/4189 1925/3998/4188
f 3817/3968/4158 3818/3969/4159 1927/4000/4190 1926/3999/4189
f 3818/3969/4159 3819/3970/4160 1928/4001/4191 1927/4000/4190
f 3819/3970/4160 3820/3971/4161 1929/4002/4192 1928/4001/4191
f 3820/3971/4161 3821/3972/4162 1930/4003/4193 1929/4002/4192
f 3821/3972/4162 3822/3973/4163 1931/4004/4194 1930/4003/4193
f 3822/3973/4163 3823/3974/4164 1932/4005/4195 1931/4004/4194
f 3823/3974/4164 3824/3975/4165 1933/4006/4196 1932/4005/4195
f 3824/3975/4165 3825/3976/4166 1934/4007/4197 1933/4006/4196
f 3825/3976/4166 3826/3977/4167 1935/4008/4198 1934/4007/4197
f 3826/3977/4167 3827/3978/4168 1936/4009/4199 1935/4008/4198
f 3827/3978/4168 3828/3979/4169 1937/4010/4200 1936/4009/4199
f 3828/3979/4169 3829/3980/4170 1938/4011/4201 1937/4010/4200
f 3829/3980/4170 3830/3981/4171 1939/4012/4202 1938/4011/4201
f 3830/3981/4171 3831/3982/4172 1940/4013/4203 1939/4012/4202
f 3831/3982/4172 3832/3983/4173 1941/4014/4204 1940/4013/4203
f 3832/3983/4173 3833/3984/4174 1942/4015/4205 1941/4014/4204
f 3833/3984/4174 3834/3985/4175 1943/4016/4206 1942/4015/4205
f 3834/3985/4175 3835/3986/4176 1944/4017/4207 1943/4016/4206
f 3835/3986/4176 3836/3987/4177 1945/4018/4208 1944/4017/4207
f 3836/3987/4177 3837/3988/4178 1946/4019/4209 1945/4018/4208
f 3837/3988/4178 3838/3989/4179 1947/4020/4210 1946/4019/4209
f 3838/3989/4179 3839/3990/4180 1948/4021/4211 1947/4020/4210
f 3839/3990/4180 3840/3991/4181 1949/4022/4212 1948/4021/4211
f 3840/3991/4181 3841/3992/4182 1950/4023/4213 1949/4022/4212
f 3841/3992/4182 3842/3993/4183 1951/4024/4214 1950/4023/4213
f 3842/3993/4183 3843/3994/4184 1952/4025/4215 1951/4024/4214
f 3843/3994/4184 3844/3995/4185 1953/4026/4216 1952/4025/4215
s 5
f 2976/4028/4217 2945/4027/4218 2914/4057/4219 2883/4058/4220
f 3007/4029/4221 2976/4028/4217 2883/4058/4220 2852/4059/4222
f 3038/4030/4223 3007/4029/4221 2852/4059/4222 2821/4060/4224
f 3069/4031/4225 3038/4030/4223 2821/4060/4224 2790/4061/4226
f 3100/4032/4227 3069/4031/4225 2790/4061/4226 2759/4062/4228
f 3131/4033/4229 3100/4032/4227 2759/4062/4228 2728/4063/4230
f 3162/4034/4231 3131/4033/4229 2728/4063/4230 2697/4064/4232
f 3193/4035/4233 3162/4034/4231 2697/4064/4232 2666/4065/4234
f 3224/4036/4235 3193/4035/4233 2666/4065/4234 2635/4066/4236
f 3255/4037/4237 3224/4036/4235 2635/4066/4236 2604/4067/4238
f 3286/4038/4239 3255/4037/4237 2604/4067/4238 2573/4068/4240
f 3317/4039/4241 3286/4038/4239 2573/4068/4240 2542/4069/4242
f 3348/4040/4243 3317/4039/4241 2542/4069/4242 2511/4070/4244
f 3379/4041/4245 3348/4040/4243 2511/4070/4244 2480/4071/4246
f 3410/4042/4247 3379/4041/4245 2480/4071/4246 2449/4072/4248
f 3441/4043/4249 3410/4042/4247 2449/4072/4248 2418/4073/4250
f 3472/4044/4251 3441/4043/4249 2418/4073/4250 2387/4074/4252
f 3503/4045/4253 3472/4044/4251 2387/4074/4252 2356/4075/4254
f 3534/4046/4255 3503/4045/4253 2356/4075/4254 2325/4076/4256
f 3565/4047/4257 3534/4046/4255 2325/4076/4256 2294/4077/4258
f 3596/4048/4259 3565/4047/4257 2294/4077/4258 2263/4078/4260
f 3627/4049/4261 3596/4048/4259 2263/4078/4260 2232/4079/4262
f 3658/4050/4263 3627/4049/4261 2232/4079/4262 2201/4080/4264
f 3689/4051/4265 3658/4050/4263 2201/4080/4264 2170/4081/4266
f 3720/4052/4267 3689/4051/4265 2170/4081/4266 2139/4082/4268
f 3751/4053/4269 3720/4052/4267 2139/4082/4268 2108/4083/4270
f 3782/4054/4271 3751/4053/4269 2108/4083/4270 2077/4084/4272
f 3813/4055/4273 3782/4054/4271 2077/4084/4272 2046/4085/4274
f 3844/4056/4275 3813/4055/4273 2046/4085/4274 2015/4086/4276
f 1953/2104/4277 3844/4056/4275 2015/4086/4276 1984/2135/4278
s 6
f 2915/4087/4279 2946/4088/4280 2853/4118/4281 2884/4117/4282
f 2946/4088/4280 2977/4089/4283 2822/4119/4284 2853/4118/4281
f 2977/4089/4283 3008/4090/4285 2791/4120/4286 2822/4119/4284
f 3008/4090/4285 3039/4091/4287 2760/4121/4288 2791/4120/4286
f 3039/4091/4287 3070/4092/4289 2729/4122/4290 2760/4121/4288
f 3070/4092/4289 3101/4093/4291 2698/4123/4292 2729/4122/4290
f 3101/4093/4291 3132/4094/4293 2667/4124/4294 2698/4123/4292
f 3132/4094/4293 3163/4095/4295 2636/4125/4296 2667/4124/4294
f 3163/4095/4295 3194/4096/4297 2605/4126/4298 2636/4125/4296
f 3194/4096/4297 3225/4097/4299 2574/4127/4300 2605/4126/4298
f 3225/4097/4299 3256/4098/4301 2543/4128/4302 2574/4127/4300
f 3256/4098/4301 3287/4099/4303 2512/4129/4304 2543/4128/4302
f 3287/4099/4303 3318/4100/4305 2481/4130/4306 2512/4129/4304
f 3318/4100/4305 3349/4101/4307 2450/4131/4308 2481/4130/4306
f 3349/4101/4307 3380/4102/4309 2419/4132/4310 2450/4131/4308
f 3380/4102/4309 3411/4103/4311 2388/4133/4312 2419/4132/4310
f 3411/4103/4311 3442/4104/4313 2357/4134/4314 2388/4133/4312
f 3442/4104/4313 3473/4105/4315 2326/4135/4316 2357/4134/4314
f 3473/4105/4315 3504/4106/4317 2295/4136/4318 2326/4135/4316
f 3504/4106/4317 3535/4107/4319 2264/4137/4320 2295/4136/4318
f 3535/4107/4319 3566/4108/4321 2233/4138/4322 2264/4137/4320
f 3566/4108/4321 3597/4109/4323 2202/4139/4324 2233/4138/4322
f 3597/4109/4323 3628/4110/4325 2171/4140/4326 2202/4139/4324
f 3628/4110/4325 3659/4111/4327 2140/4141/4328 2171/4140/4326
f 3659/4111/4327 3690/4112/4329 2109/4142/4330 2140/4141/4328
f 3690/4112/4329 3721/4113/4331 2078/4143/4332 2109/4142/4330
f 3721/4113/4331 3752/4114/4333 2047/4144/4334 2078/4143/4332
f 3752/4114/4333 3783/4115/4335 2016/4145/4336 2047/4144/4334
f 3783/4115/4335 3814/4116/4337 1985/4146/4338 2016/4145/4336
f 3814/4116/4337 1923/2074/4339 1954/2105/4340 1985/4146/4338
